lap_num,b_t_delta,related_b,related_T
1,1.576850175857544,1,1
1,2.273770332336426,2,2
2,1.14101243019104,1,1
2,2.1484947204589844,2,2
3,1.014378547668457,1,1
4,1.6331126689910889,1,1
4,2.2445034980773926,2,2
5,1.3300001621246338,1,1
5,2.503305435180664,2,2
6,1.1693177223205566,1,1
6,2.464219331741333,2,2
7,1.1325936317443848,1,1
7,1.8859882354736328,2,2
8,0.8788406848907471,1,1
8,2.4251792430877686,2,2
9,0.9135301113128662,1,1
10,1.56168532371521,1,1
10,2.4518327713012695,2,2
