lap_num,b_t_delta,related_b,related_T
1,2.275329828262329,2,1
2,2.0936031341552734,1,1
2,3.348637580871582,2,2
3,1.621739149093628,1,1
3,2.852700710296631,2,2
4,1.513024091720581,1,1
4,2.229769706726074,2,2
5,0.9881038665771484,1,1
6,1.0171310901641846,1,1
6,2.598050355911255,2,2
7,1.440661907196045,1,1
7,2.5447943210601807,2,2
