lap_num,b_t_delta,related_b,related_T
1,1.0614550113677979,1,1
1,2.881826162338257,2,2
2,1.7636568546295166,1,1
2,2.6742584705352783,2,2
3,1.1194815635681152,1,1
3,2.4414539337158203,2,2
4,1.5302379131317139,1,1
4,2.532409429550171,2,2
5,1.8119006156921387,1,1
5,2.6455395221710205,2,2
6,1.137732744216919,1,1
6,2.716409683227539,2,2
