lap_num,b_t_delta,related_b,related_T
1,1.3793318271636963,1,1
1,2.173051357269287,2,2
2,1.312878131866455,1,1
2,2.573983907699585,2,2
3,1.298229694366455,1,1
3,2.4715514183044434,2,2
4,1.6262493133544922,1,1
4,2.319459915161133,2,2
5,1.453791618347168,1,1
6,1.6334683895111084,1,1
6,1.970733642578125,2,2
7,0.9914958477020264,1,1
7,2.1713595390319824,2,2