lap_num,b_t_delta,related_b,related_T
1,1.0997235774993896,1,1
2,1.2327313423156738,1,1
2,2.3759639263153076,2,2
4,1.3184525966644287,1,1
4,2.0848288536071777,2,2
5,1.0970425605773926,1,1
5,2.484555721282959,2,2
6,1.229271650314331,1,1
6,2.9703714847564697,2,2
7,1.002866268157959,1,1
7,2.3822920322418213,2,2
8,1.2317121028900146,1,1
8,2.3537824153900146,2,2
9,1.1317269802093506,1,1
9,2.5305228233337402,2,2
10,1.247223138809204,1,1
10,2.1446385383605957,2,2
