lap_num,b_t_delta,related_b,related_T
1,1.3337793350219727,1,1
1,2.538154125213623,2,2
2,1.0815505981445312,1,1
2,2.5025687217712402,2,2
3,1.5845818519592285,1,1
3,2.2888429164886475,2,2
4,1.3701436519622803,1,1
4,3.089341402053833,2,2
5,1.081775426864624,1,1
5,2.4892141819000244,2,2
6,1.9542686939239502,1,1
6,2.0353682041168213,2,2
7,1.8785593509674072,1,1
7,1.964900016784668,2,2
