lap_num,b_t_delta,related_b,related_T
1,2.0748109817504883,1,1
1,2.171182870864868,2,2
2,1.1826441287994385,1,1
2,2.2147839069366455,2,2
3,1.6333818435668945,1,1
3,2.8785462379455566,2,2
4,1.0624206066131592,1,1
4,2.3667945861816406,2,2
5,1.1936335563659668,1,1
5,2.2159438133239746,2,2
6,0.9808871746063232,1,1
