lap_num,b_t_delta,related_b,related_T
1,1.330505132675171,1,1
1,2.5443592071533203,2,2
2,1.6235651969909668,1,1
2,2.3908438682556152,2,2
3,1.3782010078430176,1,1
3,2.5585391521453857,2,2
4,1.6070523262023926,1,1
4,2.64884090423584,2,2
5,1.5341887474060059,1,1
6,1.4015560150146484,1,1
6,2.5156431198120117,2,2
7,1.2557051181793213,1,1
8,1.4284217357635498,1,1
8,2.1875081062316895,2,2
9,1.3647661209106445,1,1
