image_id,cnn_image_path,cnn_repo_relative_path,class_name,class_index,global_lap_num,session,session_lap_num,sponsor_regime,signal_type,hit_number,raw_csv_path,raw_image_exists,s1_time_ms,s1_time_seconds,delta_1_seconds,delta_2_seconds,has_delta_data
lap_0003_brake_01,C:\Users\admin\Desktop\Summer Projects\F1\F1-Optimized-Cornering-Project\Data\image-data\session-1\brake\Lap_3_Brake hit_1.png,Data/image-data/session-1/brake/Lap_3_Brake hit_1.png,sub_standard_laps,2,3,1,3,old_sponsor,brake,1,../Data/image-data/session-1/brake/Lap_3_Brake hit_1.png,True,28935,28.935,,,False
lap_0003_brake_02,C:\Users\admin\Desktop\Summer Projects\F1\F1-Optimized-Cornering-Project\Data\image-data\session-1\brake\Lap_3_Brake hit_2.png,Data/image-data/session-1/brake/Lap_3_Brake hit_2.png,sub_standard_laps,2,3,1,3,old_sponsor,brake,2,../Data/image-data/session-1/brake/Lap_3_Brake hit_2.png,True,28935,28.935,,,False
lap_0003_throttle_01,C:\Users\admin\Desktop\Summer Projects\F1\F1-Optimized-Cornering-Project\Data\image-data\session-1\throttle\Lap_3_Throttle hit_1.png,Data/image-data/session-1/throttle/Lap_3_Throttle hit_1.png,sub_standard_laps,2,3,1,3,old_sponsor,throttle,1,../Data/image-data/session-1/throttle/Lap_3_Throttle hit_1.png,True,28935,28.935,,,False
lap_0003_throttle_02,C:\Users\admin\Desktop\Summer Projects\F1\F1-Optimized-Cornering-Project\Data\image-data\session-1\throttle\Lap_3_Throttle hit_2.png,Data/image-data/session-1/throttle/Lap_3_Throttle hit_2.png,sub_standard_laps,2,3,1,3,old_sponsor,throttle,2,../Data/image-data/session-1/throttle/Lap_3_Throttle hit_2.png,True,28935,28.935,,,False
lap_0004_brake_01,C:\Users\admin\Desktop\Summer Projects\F1\F1-Optimized-Cornering-Project\Data\image-data\session-1\brake\Lap_4_Brake hit_1.png,Data/image-data/session-1/brake/Lap_4_Brake hit_1.png,sub_standard_laps,2,4,1,4,old_sponsor,brake,1,../Data/image-data/session-1/brake/Lap_4_Brake hit_1.png,True,29188,29.188,,,False
lap_0004_brake_02,C:\Users\admin\Desktop\Summer Projects\F1\F1-Optimized-Cornering-Project\Data\image-data\session-1\brake\Lap_4_Brake hit_2.png,Data/image-data/session-1/brake/Lap_4_Brake hit_2.png,sub_standard_laps,2,4,1,4,old_sponsor,brake,2,../Data/image-data/session-1/brake/Lap_4_Brake hit_2.png,True,29188,29.188,,,False
lap_0004_throttle_01,C:\Users\admin\Desktop\Summer Projects\F1\F1-Optimized-Cornering-Project\Data\image-data\session-1\throttle\Lap_4_Throttle hit_1.png,Data/image-data/session-1/throttle/Lap_4_Throttle hit_1.png,sub_standard_laps,2,4,1,4,old_sponsor,throttle,1,../Data/image-data/session-1/throttle/Lap_4_Throttle hit_1.png,True,29188,29.188,,,False
lap_0004_throttle_02,C:\Users\admin\Desktop\Summer Projects\F1\F1-Optimized-Cornering-Project\Data\image-data\session-1\throttle\Lap_4_Throttle hit_2.png,Data/image-data/session-1/throttle/Lap_4_Throttle hit_2.png,sub_standard_laps,2,4,1,4,old_sponsor,throttle,2,../Data/image-data/session-1/throttle/Lap_4_Throttle hit_2.png,True,29188,29.188,,,False
lap_0005_brake_01,C:\Users\admin\Desktop\Summer Projects\F1\F1-Optimized-Cornering-Project\Data\image-data\session-1\brake\Lap_5_Brake hit_1.png,Data/image-data/session-1/brake/Lap_5_Brake hit_1.png,standard_laps,1,5,1,5,old_sponsor,brake,1,../Data/image-data/session-1/brake/Lap_5_Brake hit_1.png,True,28478,28.478,,,False
lap_0005_brake_02,C:\Users\admin\Desktop\Summer Projects\F1\F1-Optimized-Cornering-Project\Data\image-data\session-1\brake\Lap_5_Brake hit_2.png,Data/image-data/session-1/brake/Lap_5_Brake hit_2.png,standard_laps,1,5,1,5,old_sponsor,brake,2,../Data/image-data/session-1/brake/Lap_5_Brake hit_2.png,True,28478,28.478,,,False
lap_0005_throttle_01,C:\Users\admin\Desktop\Summer Projects\F1\F1-Optimized-Cornering-Project\Data\image-data\session-1\throttle\Lap_5_Throttle hit_1.png,Data/image-data/session-1/throttle/Lap_5_Throttle hit_1.png,standard_laps,1,5,1,5,old_sponsor,throttle,1,../Data/image-data/session-1/throttle/Lap_5_Throttle hit_1.png,True,28478,28.478,,,False
lap_0005_throttle_02,C:\Users\admin\Desktop\Summer Projects\F1\F1-Optimized-Cornering-Project\Data\image-data\session-1\throttle\Lap_5_Throttle hit_2.png,Data/image-data/session-1/throttle/Lap_5_Throttle hit_2.png,standard_laps,1,5,1,5,old_sponsor,throttle,2,../Data/image-data/session-1/throttle/Lap_5_Throttle hit_2.png,True,28478,28.478,,,False
lap_0006_brake_01,C:\Users\admin\Desktop\Summer Projects\F1\F1-Optimized-Cornering-Project\Data\image-data\session-1\brake\Lap_6_Brake hit_1.png,Data/image-data/session-1/brake/Lap_6_Brake hit_1.png,standard_laps,1,6,1,6,old_sponsor,brake,1,../Data/image-data/session-1/brake/Lap_6_Brake hit_1.png,True,28420,28.42,,,False
lap_0006_brake_02,C:\Users\admin\Desktop\Summer Projects\F1\F1-Optimized-Cornering-Project\Data\image-data\session-1\brake\Lap_6_Brake hit_2.png,Data/image-data/session-1/brake/Lap_6_Brake hit_2.png,standard_laps,1,6,1,6,old_sponsor,brake,2,../Data/image-data/session-1/brake/Lap_6_Brake hit_2.png,True,28420,28.42,,,False
lap_0006_throttle_01,C:\Users\admin\Desktop\Summer Projects\F1\F1-Optimized-Cornering-Project\Data\image-data\session-1\throttle\Lap_6_Throttle hit_1.png,Data/image-data/session-1/throttle/Lap_6_Throttle hit_1.png,standard_laps,1,6,1,6,old_sponsor,throttle,1,../Data/image-data/session-1/throttle/Lap_6_Throttle hit_1.png,True,28420,28.42,,,False
lap_0006_throttle_02,C:\Users\admin\Desktop\Summer Projects\F1\F1-Optimized-Cornering-Project\Data\image-data\session-1\throttle\Lap_6_Throttle hit_2.png,Data/image-data/session-1/throttle/Lap_6_Throttle hit_2.png,standard_laps,1,6,1,6,old_sponsor,throttle,2,../Data/image-data/session-1/throttle/Lap_6_Throttle hit_2.png,True,28420,28.42,,,False
lap_0008_brake_01,C:\Users\admin\Desktop\Summer Projects\F1\F1-Optimized-Cornering-Project\Data\image-data\session-1\brake\Lap_8_Brake hit_1.png,Data/image-data/session-1/brake/Lap_8_Brake hit_1.png,sub_standard_laps,2,8,1,8,old_sponsor,brake,1,../Data/image-data/session-1/brake/Lap_8_Brake hit_1.png,True,28812,28.812,,,False
lap_0008_brake_02,C:\Users\admin\Desktop\Summer Projects\F1\F1-Optimized-Cornering-Project\Data\image-data\session-1\brake\Lap_8_Brake hit_2.png,Data/image-data/session-1/brake/Lap_8_Brake hit_2.png,sub_standard_laps,2,8,1,8,old_sponsor,brake,2,../Data/image-data/session-1/brake/Lap_8_Brake hit_2.png,True,28812,28.812,,,False
lap_0008_throttle_01,C:\Users\admin\Desktop\Summer Projects\F1\F1-Optimized-Cornering-Project\Data\image-data\session-1\throttle\Lap_8_Throttle hit_1.png,Data/image-data/session-1/throttle/Lap_8_Throttle hit_1.png,sub_standard_laps,2,8,1,8,old_sponsor,throttle,1,../Data/image-data/session-1/throttle/Lap_8_Throttle hit_1.png,True,28812,28.812,,,False
lap_0008_throttle_02,C:\Users\admin\Desktop\Summer Projects\F1\F1-Optimized-Cornering-Project\Data\image-data\session-1\throttle\Lap_8_Throttle hit_2.png,Data/image-data/session-1/throttle/Lap_8_Throttle hit_2.png,sub_standard_laps,2,8,1,8,old_sponsor,throttle,2,../Data/image-data/session-1/throttle/Lap_8_Throttle hit_2.png,True,28812,28.812,,,False
lap_0009_brake_01,C:\Users\admin\Desktop\Summer Projects\F1\F1-Optimized-Cornering-Project\Data\image-data\session-1\brake\Lap_9_Brake hit_1.png,Data/image-data/session-1/brake/Lap_9_Brake hit_1.png,sub_standard_laps,2,9,1,9,old_sponsor,brake,1,../Data/image-data/session-1/brake/Lap_9_Brake hit_1.png,True,28980,28.98,,,False
lap_0009_brake_02,C:\Users\admin\Desktop\Summer Projects\F1\F1-Optimized-Cornering-Project\Data\image-data\session-1\brake\Lap_9_Brake hit_2.png,Data/image-data/session-1/brake/Lap_9_Brake hit_2.png,sub_standard_laps,2,9,1,9,old_sponsor,brake,2,../Data/image-data/session-1/brake/Lap_9_Brake hit_2.png,True,28980,28.98,,,False
lap_0009_throttle_01,C:\Users\admin\Desktop\Summer Projects\F1\F1-Optimized-Cornering-Project\Data\image-data\session-1\throttle\Lap_9_Throttle hit_1.png,Data/image-data/session-1/throttle/Lap_9_Throttle hit_1.png,sub_standard_laps,2,9,1,9,old_sponsor,throttle,1,../Data/image-data/session-1/throttle/Lap_9_Throttle hit_1.png,True,28980,28.98,,,False
lap_0009_throttle_02,C:\Users\admin\Desktop\Summer Projects\F1\F1-Optimized-Cornering-Project\Data\image-data\session-1\throttle\Lap_9_Throttle hit_2.png,Data/image-data/session-1/throttle/Lap_9_Throttle hit_2.png,sub_standard_laps,2,9,1,9,old_sponsor,throttle,2,../Data/image-data/session-1/throttle/Lap_9_Throttle hit_2.png,True,28980,28.98,,,False
lap_0010_brake_01,C:\Users\admin\Desktop\Summer Projects\F1\F1-Optimized-Cornering-Project\Data\image-data\session-1\brake\Lap_10_Brake hit_1.png,Data/image-data/session-1/brake/Lap_10_Brake hit_1.png,standard_laps,1,10,1,10,old_sponsor,brake,1,../Data/image-data/session-1/brake/Lap_10_Brake hit_1.png,True,28500,28.5,,,False
lap_0010_brake_02,C:\Users\admin\Desktop\Summer Projects\F1\F1-Optimized-Cornering-Project\Data\image-data\session-1\brake\Lap_10_Brake hit_2.png,Data/image-data/session-1/brake/Lap_10_Brake hit_2.png,standard_laps,1,10,1,10,old_sponsor,brake,2,../Data/image-data/session-1/brake/Lap_10_Brake hit_2.png,True,28500,28.5,,,False
lap_0010_throttle_01,C:\Users\admin\Desktop\Summer Projects\F1\F1-Optimized-Cornering-Project\Data\image-data\session-1\throttle\Lap_10_Throttle hit_1.png,Data/image-data/session-1/throttle/Lap_10_Throttle hit_1.png,standard_laps,1,10,1,10,old_sponsor,throttle,1,../Data/image-data/session-1/throttle/Lap_10_Throttle hit_1.png,True,28500,28.5,,,False
lap_0010_throttle_02,C:\Users\admin\Desktop\Summer Projects\F1\F1-Optimized-Cornering-Project\Data\image-data\session-1\throttle\Lap_10_Throttle hit_2.png,Data/image-data/session-1/throttle/Lap_10_Throttle hit_2.png,standard_laps,1,10,1,10,old_sponsor,throttle,2,../Data/image-data/session-1/throttle/Lap_10_Throttle hit_2.png,True,28500,28.5,,,False
lap_0011_brake_01,C:\Users\admin\Desktop\Summer Projects\F1\F1-Optimized-Cornering-Project\Data\image-data\session-2\brake\Lap_1_Brake hit_1.png,Data/image-data/session-2/brake/Lap_1_Brake hit_1.png,sub_standard_laps,2,11,2,1,old_sponsor,brake,1,../Data/image-data/session-2/brake/Lap_1_Brake hit_1.png,True,29467,29.467,,,False
lap_0011_brake_02,C:\Users\admin\Desktop\Summer Projects\F1\F1-Optimized-Cornering-Project\Data\image-data\session-2\brake\Lap_1_Brake hit_2.png,Data/image-data/session-2/brake/Lap_1_Brake hit_2.png,sub_standard_laps,2,11,2,1,old_sponsor,brake,2,../Data/image-data/session-2/brake/Lap_1_Brake hit_2.png,True,29467,29.467,,,False
lap_0011_throttle_01,C:\Users\admin\Desktop\Summer Projects\F1\F1-Optimized-Cornering-Project\Data\image-data\session-2\throttle\Lap_1_Throttle hit_1.png,Data/image-data/session-2/throttle/Lap_1_Throttle hit_1.png,sub_standard_laps,2,11,2,1,old_sponsor,throttle,1,../Data/image-data/session-2/throttle/Lap_1_Throttle hit_1.png,True,29467,29.467,,,False
lap_0011_throttle_02,C:\Users\admin\Desktop\Summer Projects\F1\F1-Optimized-Cornering-Project\Data\image-data\session-2\throttle\Lap_1_Throttle hit_2.png,Data/image-data/session-2/throttle/Lap_1_Throttle hit_2.png,sub_standard_laps,2,11,2,1,old_sponsor,throttle,2,../Data/image-data/session-2/throttle/Lap_1_Throttle hit_2.png,True,29467,29.467,,,False
lap_0012_brake_01,C:\Users\admin\Desktop\Summer Projects\F1\F1-Optimized-Cornering-Project\Data\image-data\session-2\brake\Lap_2_Brake hit_1.png,Data/image-data/session-2/brake/Lap_2_Brake hit_1.png,sub_standard_laps,2,12,2,2,old_sponsor,brake,1,../Data/image-data/session-2/brake/Lap_2_Brake hit_1.png,True,29346,29.346,,,False
lap_0012_brake_02,C:\Users\admin\Desktop\Summer Projects\F1\F1-Optimized-Cornering-Project\Data\image-data\session-2\brake\Lap_2_Brake hit_2.png,Data/image-data/session-2/brake/Lap_2_Brake hit_2.png,sub_standard_laps,2,12,2,2,old_sponsor,brake,2,../Data/image-data/session-2/brake/Lap_2_Brake hit_2.png,True,29346,29.346,,,False
lap_0012_throttle_01,C:\Users\admin\Desktop\Summer Projects\F1\F1-Optimized-Cornering-Project\Data\image-data\session-2\throttle\Lap_2_Throttle hit_1.png,Data/image-data/session-2/throttle/Lap_2_Throttle hit_1.png,sub_standard_laps,2,12,2,2,old_sponsor,throttle,1,../Data/image-data/session-2/throttle/Lap_2_Throttle hit_1.png,True,29346,29.346,,,False
lap_0012_throttle_02,C:\Users\admin\Desktop\Summer Projects\F1\F1-Optimized-Cornering-Project\Data\image-data\session-2\throttle\Lap_2_Throttle hit_2.png,Data/image-data/session-2/throttle/Lap_2_Throttle hit_2.png,sub_standard_laps,2,12,2,2,old_sponsor,throttle,2,../Data/image-data/session-2/throttle/Lap_2_Throttle hit_2.png,True,29346,29.346,,,False
lap_0016_brake_01,C:\Users\admin\Desktop\Summer Projects\F1\F1-Optimized-Cornering-Project\Data\image-data\session-2\brake\Lap_6_Brake hit_1.png,Data/image-data/session-2/brake/Lap_6_Brake hit_1.png,standard_laps,1,16,2,6,old_sponsor,brake,1,../Data/image-data/session-2/brake/Lap_6_Brake hit_1.png,True,28395,28.395,,,False
lap_0016_brake_02,C:\Users\admin\Desktop\Summer Projects\F1\F1-Optimized-Cornering-Project\Data\image-data\session-2\brake\Lap_6_Brake hit_2.png,Data/image-data/session-2/brake/Lap_6_Brake hit_2.png,standard_laps,1,16,2,6,old_sponsor,brake,2,../Data/image-data/session-2/brake/Lap_6_Brake hit_2.png,True,28395,28.395,,,False
lap_0016_throttle_01,C:\Users\admin\Desktop\Summer Projects\F1\F1-Optimized-Cornering-Project\Data\image-data\session-2\throttle\Lap_6_Throttle hit_1.png,Data/image-data/session-2/throttle/Lap_6_Throttle hit_1.png,standard_laps,1,16,2,6,old_sponsor,throttle,1,../Data/image-data/session-2/throttle/Lap_6_Throttle hit_1.png,True,28395,28.395,,,False
lap_0016_throttle_02,C:\Users\admin\Desktop\Summer Projects\F1\F1-Optimized-Cornering-Project\Data\image-data\session-2\throttle\Lap_6_Throttle hit_2.png,Data/image-data/session-2/throttle/Lap_6_Throttle hit_2.png,standard_laps,1,16,2,6,old_sponsor,throttle,2,../Data/image-data/session-2/throttle/Lap_6_Throttle hit_2.png,True,28395,28.395,,,False
lap_0018_brake_01,C:\Users\admin\Desktop\Summer Projects\F1\F1-Optimized-Cornering-Project\Data\image-data\session-2\brake\Lap_8_Brake hit_1.png,Data/image-data/session-2/brake/Lap_8_Brake hit_1.png,standard_laps,1,18,2,8,old_sponsor,brake,1,../Data/image-data/session-2/brake/Lap_8_Brake hit_1.png,True,28483,28.483,,,False
lap_0018_brake_02,C:\Users\admin\Desktop\Summer Projects\F1\F1-Optimized-Cornering-Project\Data\image-data\session-2\brake\Lap_8_Brake hit_2.png,Data/image-data/session-2/brake/Lap_8_Brake hit_2.png,standard_laps,1,18,2,8,old_sponsor,brake,2,../Data/image-data/session-2/brake/Lap_8_Brake hit_2.png,True,28483,28.483,,,False
lap_0018_throttle_01,C:\Users\admin\Desktop\Summer Projects\F1\F1-Optimized-Cornering-Project\Data\image-data\session-2\throttle\Lap_8_Throttle hit_1.png,Data/image-data/session-2/throttle/Lap_8_Throttle hit_1.png,standard_laps,1,18,2,8,old_sponsor,throttle,1,../Data/image-data/session-2/throttle/Lap_8_Throttle hit_1.png,True,28483,28.483,,,False
lap_0018_throttle_02,C:\Users\admin\Desktop\Summer Projects\F1\F1-Optimized-Cornering-Project\Data\image-data\session-2\throttle\Lap_8_Throttle hit_2.png,Data/image-data/session-2/throttle/Lap_8_Throttle hit_2.png,standard_laps,1,18,2,8,old_sponsor,throttle,2,../Data/image-data/session-2/throttle/Lap_8_Throttle hit_2.png,True,28483,28.483,,,False
lap_0019_brake_01,C:\Users\admin\Desktop\Summer Projects\F1\F1-Optimized-Cornering-Project\Data\image-data\session-2\brake\Lap_9_Brake hit_1.png,Data/image-data/session-2/brake/Lap_9_Brake hit_1.png,sub_standard_laps,2,19,2,9,old_sponsor,brake,1,../Data/image-data/session-2/brake/Lap_9_Brake hit_1.png,True,28828,28.828,,,False
lap_0019_brake_02,C:\Users\admin\Desktop\Summer Projects\F1\F1-Optimized-Cornering-Project\Data\image-data\session-2\brake\Lap_9_Brake hit_2.png,Data/image-data/session-2/brake/Lap_9_Brake hit_2.png,sub_standard_laps,2,19,2,9,old_sponsor,brake,2,../Data/image-data/session-2/brake/Lap_9_Brake hit_2.png,True,28828,28.828,,,False
lap_0019_throttle_01,C:\Users\admin\Desktop\Summer Projects\F1\F1-Optimized-Cornering-Project\Data\image-data\session-2\throttle\Lap_9_Throttle hit_1.png,Data/image-data/session-2/throttle/Lap_9_Throttle hit_1.png,sub_standard_laps,2,19,2,9,old_sponsor,throttle,1,../Data/image-data/session-2/throttle/Lap_9_Throttle hit_1.png,True,28828,28.828,,,False
lap_0019_throttle_02,C:\Users\admin\Desktop\Summer Projects\F1\F1-Optimized-Cornering-Project\Data\image-data\session-2\throttle\Lap_9_Throttle hit_2.png,Data/image-data/session-2/throttle/Lap_9_Throttle hit_2.png,sub_standard_laps,2,19,2,9,old_sponsor,throttle,2,../Data/image-data/session-2/throttle/Lap_9_Throttle hit_2.png,True,28828,28.828,,,False
lap_0021_brake_01,C:\Users\admin\Desktop\Summer Projects\F1\F1-Optimized-Cornering-Project\Data\image-data\session-2\brake\Lap_11_Brake hit_1.png,Data/image-data/session-2/brake/Lap_11_Brake hit_1.png,sub_standard_laps,2,21,2,11,old_sponsor,brake,1,../Data/image-data/session-2/brake/Lap_11_Brake hit_1.png,True,28897,28.897,,,False
lap_0021_brake_02,C:\Users\admin\Desktop\Summer Projects\F1\F1-Optimized-Cornering-Project\Data\image-data\session-2\brake\Lap_11_Brake hit_2.png,Data/image-data/session-2/brake/Lap_11_Brake hit_2.png,sub_standard_laps,2,21,2,11,old_sponsor,brake,2,../Data/image-data/session-2/brake/Lap_11_Brake hit_2.png,True,28897,28.897,,,False
lap_0021_throttle_01,C:\Users\admin\Desktop\Summer Projects\F1\F1-Optimized-Cornering-Project\Data\image-data\session-2\throttle\Lap_11_Throttle hit_1.png,Data/image-data/session-2/throttle/Lap_11_Throttle hit_1.png,sub_standard_laps,2,21,2,11,old_sponsor,throttle,1,../Data/image-data/session-2/throttle/Lap_11_Throttle hit_1.png,True,28897,28.897,,,False
lap_0021_throttle_02,C:\Users\admin\Desktop\Summer Projects\F1\F1-Optimized-Cornering-Project\Data\image-data\session-2\throttle\Lap_11_Throttle hit_2.png,Data/image-data/session-2/throttle/Lap_11_Throttle hit_2.png,sub_standard_laps,2,21,2,11,old_sponsor,throttle,2,../Data/image-data/session-2/throttle/Lap_11_Throttle hit_2.png,True,28897,28.897,,,False
lap_0022_brake_01,C:\Users\admin\Desktop\Summer Projects\F1\F1-Optimized-Cornering-Project\Data\image-data\session-3\brake\Lap_1_Brake hit_1.png,Data/image-data/session-3/brake/Lap_1_Brake hit_1.png,sub_standard_laps,2,22,3,1,old_sponsor,brake,1,../Data/image-data/session-3/brake/Lap_1_Brake hit_1.png,True,28857,28.857,,,False
lap_0022_brake_02,C:\Users\admin\Desktop\Summer Projects\F1\F1-Optimized-Cornering-Project\Data\image-data\session-3\brake\Lap_1_Brake hit_2.png,Data/image-data/session-3/brake/Lap_1_Brake hit_2.png,sub_standard_laps,2,22,3,1,old_sponsor,brake,2,../Data/image-data/session-3/brake/Lap_1_Brake hit_2.png,True,28857,28.857,,,False
lap_0022_throttle_01,C:\Users\admin\Desktop\Summer Projects\F1\F1-Optimized-Cornering-Project\Data\image-data\session-3\throttle\Lap_1_Throttle hit_1.png,Data/image-data/session-3/throttle/Lap_1_Throttle hit_1.png,sub_standard_laps,2,22,3,1,old_sponsor,throttle,1,../Data/image-data/session-3/throttle/Lap_1_Throttle hit_1.png,True,28857,28.857,,,False
lap_0022_throttle_02,C:\Users\admin\Desktop\Summer Projects\F1\F1-Optimized-Cornering-Project\Data\image-data\session-3\throttle\Lap_1_Throttle hit_2.png,Data/image-data/session-3/throttle/Lap_1_Throttle hit_2.png,sub_standard_laps,2,22,3,1,old_sponsor,throttle,2,../Data/image-data/session-3/throttle/Lap_1_Throttle hit_2.png,True,28857,28.857,,,False
lap_0024_brake_01,C:\Users\admin\Desktop\Summer Projects\F1\F1-Optimized-Cornering-Project\Data\image-data\session-3\brake\Lap_3_Brake hit_1.png,Data/image-data/session-3/brake/Lap_3_Brake hit_1.png,standard_laps,1,24,3,3,old_sponsor,brake,1,../Data/image-data/session-3/brake/Lap_3_Brake hit_1.png,True,28361,28.361,,,False
lap_0024_brake_02,C:\Users\admin\Desktop\Summer Projects\F1\F1-Optimized-Cornering-Project\Data\image-data\session-3\brake\Lap_3_Brake hit_2.png,Data/image-data/session-3/brake/Lap_3_Brake hit_2.png,standard_laps,1,24,3,3,old_sponsor,brake,2,../Data/image-data/session-3/brake/Lap_3_Brake hit_2.png,True,28361,28.361,,,False
lap_0024_throttle_01,C:\Users\admin\Desktop\Summer Projects\F1\F1-Optimized-Cornering-Project\Data\image-data\session-3\throttle\Lap_3_Throttle hit_1.png,Data/image-data/session-3/throttle/Lap_3_Throttle hit_1.png,standard_laps,1,24,3,3,old_sponsor,throttle,1,../Data/image-data/session-3/throttle/Lap_3_Throttle hit_1.png,True,28361,28.361,,,False
lap_0024_throttle_02,C:\Users\admin\Desktop\Summer Projects\F1\F1-Optimized-Cornering-Project\Data\image-data\session-3\throttle\Lap_3_Throttle hit_2.png,Data/image-data/session-3/throttle/Lap_3_Throttle hit_2.png,standard_laps,1,24,3,3,old_sponsor,throttle,2,../Data/image-data/session-3/throttle/Lap_3_Throttle hit_2.png,True,28361,28.361,,,False
lap_0025_brake_01,C:\Users\admin\Desktop\Summer Projects\F1\F1-Optimized-Cornering-Project\Data\image-data\session-3\brake\Lap_4_Brake hit_1.png,Data/image-data/session-3/brake/Lap_4_Brake hit_1.png,optimal_laps,0,25,3,4,old_sponsor,brake,1,../Data/image-data/session-3/brake/Lap_4_Brake hit_1.png,True,27975,27.975,,,False
lap_0025_brake_02,C:\Users\admin\Desktop\Summer Projects\F1\F1-Optimized-Cornering-Project\Data\image-data\session-3\brake\Lap_4_Brake hit_2.png,Data/image-data/session-3/brake/Lap_4_Brake hit_2.png,optimal_laps,0,25,3,4,old_sponsor,brake,2,../Data/image-data/session-3/brake/Lap_4_Brake hit_2.png,True,27975,27.975,,,False
lap_0025_throttle_01,C:\Users\admin\Desktop\Summer Projects\F1\F1-Optimized-Cornering-Project\Data\image-data\session-3\throttle\Lap_4_Throttle hit_1.png,Data/image-data/session-3/throttle/Lap_4_Throttle hit_1.png,optimal_laps,0,25,3,4,old_sponsor,throttle,1,../Data/image-data/session-3/throttle/Lap_4_Throttle hit_1.png,True,27975,27.975,,,False
lap_0025_throttle_02,C:\Users\admin\Desktop\Summer Projects\F1\F1-Optimized-Cornering-Project\Data\image-data\session-3\throttle\Lap_4_Throttle hit_2.png,Data/image-data/session-3/throttle/Lap_4_Throttle hit_2.png,optimal_laps,0,25,3,4,old_sponsor,throttle,2,../Data/image-data/session-3/throttle/Lap_4_Throttle hit_2.png,True,27975,27.975,,,False
lap_0026_brake_01,C:\Users\admin\Desktop\Summer Projects\F1\F1-Optimized-Cornering-Project\Data\image-data\session-4\brake\Lap_1_Brake hit_1.png,Data/image-data/session-4/brake/Lap_1_Brake hit_1.png,standard_laps,1,26,4,1,old_sponsor,brake,1,../Data/image-data/session-4/brake/Lap_1_Brake hit_1.png,True,28390,28.39,,,False
lap_0026_brake_02,C:\Users\admin\Desktop\Summer Projects\F1\F1-Optimized-Cornering-Project\Data\image-data\session-4\brake\Lap_1_Brake hit_2.png,Data/image-data/session-4/brake/Lap_1_Brake hit_2.png,standard_laps,1,26,4,1,old_sponsor,brake,2,../Data/image-data/session-4/brake/Lap_1_Brake hit_2.png,True,28390,28.39,,,False
lap_0026_throttle_01,C:\Users\admin\Desktop\Summer Projects\F1\F1-Optimized-Cornering-Project\Data\image-data\session-4\throttle\Lap_1_Throttle hit_1.png,Data/image-data/session-4/throttle/Lap_1_Throttle hit_1.png,standard_laps,1,26,4,1,old_sponsor,throttle,1,../Data/image-data/session-4/throttle/Lap_1_Throttle hit_1.png,True,28390,28.39,,,False
lap_0026_throttle_02,C:\Users\admin\Desktop\Summer Projects\F1\F1-Optimized-Cornering-Project\Data\image-data\session-4\throttle\Lap_1_Throttle hit_2.png,Data/image-data/session-4/throttle/Lap_1_Throttle hit_2.png,standard_laps,1,26,4,1,old_sponsor,throttle,2,../Data/image-data/session-4/throttle/Lap_1_Throttle hit_2.png,True,28390,28.39,,,False
lap_0028_brake_01,C:\Users\admin\Desktop\Summer Projects\F1\F1-Optimized-Cornering-Project\Data\image-data\session-4\brake\Lap_3_Brake hit_1.png,Data/image-data/session-4/brake/Lap_3_Brake hit_1.png,sub_standard_laps,2,28,4,3,old_sponsor,brake,1,../Data/image-data/session-4/brake/Lap_3_Brake hit_1.png,True,29430,29.43,,,False
lap_0028_brake_02,C:\Users\admin\Desktop\Summer Projects\F1\F1-Optimized-Cornering-Project\Data\image-data\session-4\brake\Lap_3_Brake hit_2.png,Data/image-data/session-4/brake/Lap_3_Brake hit_2.png,sub_standard_laps,2,28,4,3,old_sponsor,brake,2,../Data/image-data/session-4/brake/Lap_3_Brake hit_2.png,True,29430,29.43,,,False
lap_0028_throttle_01,C:\Users\admin\Desktop\Summer Projects\F1\F1-Optimized-Cornering-Project\Data\image-data\session-4\throttle\Lap_3_Throttle hit_1.png,Data/image-data/session-4/throttle/Lap_3_Throttle hit_1.png,sub_standard_laps,2,28,4,3,old_sponsor,throttle,1,../Data/image-data/session-4/throttle/Lap_3_Throttle hit_1.png,True,29430,29.43,,,False
lap_0028_throttle_02,C:\Users\admin\Desktop\Summer Projects\F1\F1-Optimized-Cornering-Project\Data\image-data\session-4\throttle\Lap_3_Throttle hit_2.png,Data/image-data/session-4/throttle/Lap_3_Throttle hit_2.png,sub_standard_laps,2,28,4,3,old_sponsor,throttle,2,../Data/image-data/session-4/throttle/Lap_3_Throttle hit_2.png,True,29430,29.43,,,False
lap_0029_brake_01,C:\Users\admin\Desktop\Summer Projects\F1\F1-Optimized-Cornering-Project\Data\image-data\session-4\brake\Lap_4_Brake hit_1.png,Data/image-data/session-4/brake/Lap_4_Brake hit_1.png,standard_laps,1,29,4,4,old_sponsor,brake,1,../Data/image-data/session-4/brake/Lap_4_Brake hit_1.png,True,28335,28.335,,,False
lap_0029_brake_02,C:\Users\admin\Desktop\Summer Projects\F1\F1-Optimized-Cornering-Project\Data\image-data\session-4\brake\Lap_4_Brake hit_2.png,Data/image-data/session-4/brake/Lap_4_Brake hit_2.png,standard_laps,1,29,4,4,old_sponsor,brake,2,../Data/image-data/session-4/brake/Lap_4_Brake hit_2.png,True,28335,28.335,,,False
lap_0029_throttle_01,C:\Users\admin\Desktop\Summer Projects\F1\F1-Optimized-Cornering-Project\Data\image-data\session-4\throttle\Lap_4_Throttle hit_1.png,Data/image-data/session-4/throttle/Lap_4_Throttle hit_1.png,standard_laps,1,29,4,4,old_sponsor,throttle,1,../Data/image-data/session-4/throttle/Lap_4_Throttle hit_1.png,True,28335,28.335,,,False
lap_0029_throttle_02,C:\Users\admin\Desktop\Summer Projects\F1\F1-Optimized-Cornering-Project\Data\image-data\session-4\throttle\Lap_4_Throttle hit_2.png,Data/image-data/session-4/throttle/Lap_4_Throttle hit_2.png,standard_laps,1,29,4,4,old_sponsor,throttle,2,../Data/image-data/session-4/throttle/Lap_4_Throttle hit_2.png,True,28335,28.335,,,False
lap_0031_brake_01,C:\Users\admin\Desktop\Summer Projects\F1\F1-Optimized-Cornering-Project\Data\image-data\session-4\brake\Lap_6_Brake hit_1.png,Data/image-data/session-4/brake/Lap_6_Brake hit_1.png,standard_laps,1,31,4,6,old_sponsor,brake,1,../Data/image-data/session-4/brake/Lap_6_Brake hit_1.png,True,28241,28.241,,,False
lap_0031_brake_02,C:\Users\admin\Desktop\Summer Projects\F1\F1-Optimized-Cornering-Project\Data\image-data\session-4\brake\Lap_6_Brake hit_2.png,Data/image-data/session-4/brake/Lap_6_Brake hit_2.png,standard_laps,1,31,4,6,old_sponsor,brake,2,../Data/image-data/session-4/brake/Lap_6_Brake hit_2.png,True,28241,28.241,,,False
lap_0031_throttle_01,C:\Users\admin\Desktop\Summer Projects\F1\F1-Optimized-Cornering-Project\Data\image-data\session-4\throttle\Lap_6_Throttle hit_1.png,Data/image-data/session-4/throttle/Lap_6_Throttle hit_1.png,standard_laps,1,31,4,6,old_sponsor,throttle,1,../Data/image-data/session-4/throttle/Lap_6_Throttle hit_1.png,True,28241,28.241,,,False
lap_0031_throttle_02,C:\Users\admin\Desktop\Summer Projects\F1\F1-Optimized-Cornering-Project\Data\image-data\session-4\throttle\Lap_6_Throttle hit_2.png,Data/image-data/session-4/throttle/Lap_6_Throttle hit_2.png,standard_laps,1,31,4,6,old_sponsor,throttle,2,../Data/image-data/session-4/throttle/Lap_6_Throttle hit_2.png,True,28241,28.241,,,False
lap_0032_brake_01,C:\Users\admin\Desktop\Summer Projects\F1\F1-Optimized-Cornering-Project\Data\image-data\session-4\brake\Lap_7_Brake hit_1.png,Data/image-data/session-4/brake/Lap_7_Brake hit_1.png,sub_standard_laps,2,32,4,7,old_sponsor,brake,1,../Data/image-data/session-4/brake/Lap_7_Brake hit_1.png,True,29498,29.498,,,False
lap_0032_brake_02,C:\Users\admin\Desktop\Summer Projects\F1\F1-Optimized-Cornering-Project\Data\image-data\session-4\brake\Lap_7_Brake hit_2.png,Data/image-data/session-4/brake/Lap_7_Brake hit_2.png,sub_standard_laps,2,32,4,7,old_sponsor,brake,2,../Data/image-data/session-4/brake/Lap_7_Brake hit_2.png,True,29498,29.498,,,False
lap_0032_throttle_01,C:\Users\admin\Desktop\Summer Projects\F1\F1-Optimized-Cornering-Project\Data\image-data\session-4\throttle\Lap_7_Throttle hit_1.png,Data/image-data/session-4/throttle/Lap_7_Throttle hit_1.png,sub_standard_laps,2,32,4,7,old_sponsor,throttle,1,../Data/image-data/session-4/throttle/Lap_7_Throttle hit_1.png,True,29498,29.498,,,False
lap_0032_throttle_02,C:\Users\admin\Desktop\Summer Projects\F1\F1-Optimized-Cornering-Project\Data\image-data\session-4\throttle\Lap_7_Throttle hit_2.png,Data/image-data/session-4/throttle/Lap_7_Throttle hit_2.png,sub_standard_laps,2,32,4,7,old_sponsor,throttle,2,../Data/image-data/session-4/throttle/Lap_7_Throttle hit_2.png,True,29498,29.498,,,False
lap_0033_brake_01,C:\Users\admin\Desktop\Summer Projects\F1\F1-Optimized-Cornering-Project\Data\image-data\session-4\brake\Lap_8_Brake hit_1.png,Data/image-data/session-4/brake/Lap_8_Brake hit_1.png,standard_laps,1,33,4,8,old_sponsor,brake,1,../Data/image-data/session-4/brake/Lap_8_Brake hit_1.png,True,28566,28.566,,,False
lap_0033_brake_02,C:\Users\admin\Desktop\Summer Projects\F1\F1-Optimized-Cornering-Project\Data\image-data\session-4\brake\Lap_8_Brake hit_2.png,Data/image-data/session-4/brake/Lap_8_Brake hit_2.png,standard_laps,1,33,4,8,old_sponsor,brake,2,../Data/image-data/session-4/brake/Lap_8_Brake hit_2.png,True,28566,28.566,,,False
lap_0033_throttle_01,C:\Users\admin\Desktop\Summer Projects\F1\F1-Optimized-Cornering-Project\Data\image-data\session-4\throttle\Lap_8_Throttle hit_1.png,Data/image-data/session-4/throttle/Lap_8_Throttle hit_1.png,standard_laps,1,33,4,8,old_sponsor,throttle,1,../Data/image-data/session-4/throttle/Lap_8_Throttle hit_1.png,True,28566,28.566,,,False
lap_0033_throttle_02,C:\Users\admin\Desktop\Summer Projects\F1\F1-Optimized-Cornering-Project\Data\image-data\session-4\throttle\Lap_8_Throttle hit_2.png,Data/image-data/session-4/throttle/Lap_8_Throttle hit_2.png,standard_laps,1,33,4,8,old_sponsor,throttle,2,../Data/image-data/session-4/throttle/Lap_8_Throttle hit_2.png,True,28566,28.566,,,False
lap_0035_brake_01,C:\Users\admin\Desktop\Summer Projects\F1\F1-Optimized-Cornering-Project\Data\image-data\session-4\brake\Lap_10_Brake hit_1.png,Data/image-data/session-4/brake/Lap_10_Brake hit_1.png,standard_laps,1,35,4,10,old_sponsor,brake,1,../Data/image-data/session-4/brake/Lap_10_Brake hit_1.png,True,28426,28.426,,,False
lap_0035_brake_02,C:\Users\admin\Desktop\Summer Projects\F1\F1-Optimized-Cornering-Project\Data\image-data\session-4\brake\Lap_10_Brake hit_2.png,Data/image-data/session-4/brake/Lap_10_Brake hit_2.png,standard_laps,1,35,4,10,old_sponsor,brake,2,../Data/image-data/session-4/brake/Lap_10_Brake hit_2.png,True,28426,28.426,,,False
lap_0035_throttle_01,C:\Users\admin\Desktop\Summer Projects\F1\F1-Optimized-Cornering-Project\Data\image-data\session-4\throttle\Lap_10_Throttle hit_1.png,Data/image-data/session-4/throttle/Lap_10_Throttle hit_1.png,standard_laps,1,35,4,10,old_sponsor,throttle,1,../Data/image-data/session-4/throttle/Lap_10_Throttle hit_1.png,True,28426,28.426,,,False
lap_0035_throttle_02,C:\Users\admin\Desktop\Summer Projects\F1\F1-Optimized-Cornering-Project\Data\image-data\session-4\throttle\Lap_10_Throttle hit_2.png,Data/image-data/session-4/throttle/Lap_10_Throttle hit_2.png,standard_laps,1,35,4,10,old_sponsor,throttle,2,../Data/image-data/session-4/throttle/Lap_10_Throttle hit_2.png,True,28426,28.426,,,False
lap_0036_brake_01,C:\Users\admin\Desktop\Summer Projects\F1\F1-Optimized-Cornering-Project\Data\image-data\session-4\brake\Lap_11_Brake hit_1.png,Data/image-data/session-4/brake/Lap_11_Brake hit_1.png,sub_standard_laps,2,36,4,11,old_sponsor,brake,1,../Data/image-data/session-4/brake/Lap_11_Brake hit_1.png,True,28640,28.64,,,False
lap_0036_brake_02,C:\Users\admin\Desktop\Summer Projects\F1\F1-Optimized-Cornering-Project\Data\image-data\session-4\brake\Lap_11_Brake hit_2.png,Data/image-data/session-4/brake/Lap_11_Brake hit_2.png,sub_standard_laps,2,36,4,11,old_sponsor,brake,2,../Data/image-data/session-4/brake/Lap_11_Brake hit_2.png,True,28640,28.64,,,False
lap_0036_throttle_01,C:\Users\admin\Desktop\Summer Projects\F1\F1-Optimized-Cornering-Project\Data\image-data\session-4\throttle\Lap_11_Throttle hit_1.png,Data/image-data/session-4/throttle/Lap_11_Throttle hit_1.png,sub_standard_laps,2,36,4,11,old_sponsor,throttle,1,../Data/image-data/session-4/throttle/Lap_11_Throttle hit_1.png,True,28640,28.64,,,False
lap_0036_throttle_02,C:\Users\admin\Desktop\Summer Projects\F1\F1-Optimized-Cornering-Project\Data\image-data\session-4\throttle\Lap_11_Throttle hit_2.png,Data/image-data/session-4/throttle/Lap_11_Throttle hit_2.png,sub_standard_laps,2,36,4,11,old_sponsor,throttle,2,../Data/image-data/session-4/throttle/Lap_11_Throttle hit_2.png,True,28640,28.64,,,False
lap_0038_brake_01,C:\Users\admin\Desktop\Summer Projects\F1\F1-Optimized-Cornering-Project\Data\image-data\session-5\brake\Lap_2_Brake hit_1.png,Data/image-data/session-5/brake/Lap_2_Brake hit_1.png,standard_laps,1,38,5,2,old_sponsor,brake,1,../Data/image-data/session-5/brake/Lap_2_Brake hit_1.png,True,28297,28.297,,,False
lap_0038_brake_02,C:\Users\admin\Desktop\Summer Projects\F1\F1-Optimized-Cornering-Project\Data\image-data\session-5\brake\Lap_2_Brake hit_2.png,Data/image-data/session-5/brake/Lap_2_Brake hit_2.png,standard_laps,1,38,5,2,old_sponsor,brake,2,../Data/image-data/session-5/brake/Lap_2_Brake hit_2.png,True,28297,28.297,,,False
lap_0038_throttle_01,C:\Users\admin\Desktop\Summer Projects\F1\F1-Optimized-Cornering-Project\Data\image-data\session-5\throttle\Lap_2_Throttle hit_1.png,Data/image-data/session-5/throttle/Lap_2_Throttle hit_1.png,standard_laps,1,38,5,2,old_sponsor,throttle,1,../Data/image-data/session-5/throttle/Lap_2_Throttle hit_1.png,True,28297,28.297,,,False
lap_0038_throttle_02,C:\Users\admin\Desktop\Summer Projects\F1\F1-Optimized-Cornering-Project\Data\image-data\session-5\throttle\Lap_2_Throttle hit_2.png,Data/image-data/session-5/throttle/Lap_2_Throttle hit_2.png,standard_laps,1,38,5,2,old_sponsor,throttle,2,../Data/image-data/session-5/throttle/Lap_2_Throttle hit_2.png,True,28297,28.297,,,False
lap_0043_brake_01,C:\Users\admin\Desktop\Summer Projects\F1\F1-Optimized-Cornering-Project\Data\image-data\session-5\brake\Lap_7_Brake hit_1.png,Data/image-data/session-5/brake/Lap_7_Brake hit_1.png,sub_standard_laps,2,43,5,7,old_sponsor,brake,1,../Data/image-data/session-5/brake/Lap_7_Brake hit_1.png,True,28691,28.691,,,False
lap_0043_brake_02,C:\Users\admin\Desktop\Summer Projects\F1\F1-Optimized-Cornering-Project\Data\image-data\session-5\brake\Lap_7_Brake hit_2.png,Data/image-data/session-5/brake/Lap_7_Brake hit_2.png,sub_standard_laps,2,43,5,7,old_sponsor,brake,2,../Data/image-data/session-5/brake/Lap_7_Brake hit_2.png,True,28691,28.691,,,False
lap_0043_throttle_01,C:\Users\admin\Desktop\Summer Projects\F1\F1-Optimized-Cornering-Project\Data\image-data\session-5\throttle\Lap_7_Throttle hit_1.png,Data/image-data/session-5/throttle/Lap_7_Throttle hit_1.png,sub_standard_laps,2,43,5,7,old_sponsor,throttle,1,../Data/image-data/session-5/throttle/Lap_7_Throttle hit_1.png,True,28691,28.691,,,False
lap_0043_throttle_02,C:\Users\admin\Desktop\Summer Projects\F1\F1-Optimized-Cornering-Project\Data\image-data\session-5\throttle\Lap_7_Throttle hit_2.png,Data/image-data/session-5/throttle/Lap_7_Throttle hit_2.png,sub_standard_laps,2,43,5,7,old_sponsor,throttle,2,../Data/image-data/session-5/throttle/Lap_7_Throttle hit_2.png,True,28691,28.691,,,False
lap_0046_brake_01,C:\Users\admin\Desktop\Summer Projects\F1\F1-Optimized-Cornering-Project\Data\image-data\session-5\brake\Lap_10_Brake hit_1.png,Data/image-data/session-5/brake/Lap_10_Brake hit_1.png,sub_standard_laps,2,46,5,10,old_sponsor,brake,1,../Data/image-data/session-5/brake/Lap_10_Brake hit_1.png,True,28901,28.901,,,False
lap_0046_brake_02,C:\Users\admin\Desktop\Summer Projects\F1\F1-Optimized-Cornering-Project\Data\image-data\session-5\brake\Lap_10_Brake hit_2.png,Data/image-data/session-5/brake/Lap_10_Brake hit_2.png,sub_standard_laps,2,46,5,10,old_sponsor,brake,2,../Data/image-data/session-5/brake/Lap_10_Brake hit_2.png,True,28901,28.901,,,False
lap_0046_throttle_01,C:\Users\admin\Desktop\Summer Projects\F1\F1-Optimized-Cornering-Project\Data\image-data\session-5\throttle\Lap_10_Throttle hit_1.png,Data/image-data/session-5/throttle/Lap_10_Throttle hit_1.png,sub_standard_laps,2,46,5,10,old_sponsor,throttle,1,../Data/image-data/session-5/throttle/Lap_10_Throttle hit_1.png,True,28901,28.901,,,False
lap_0046_throttle_02,C:\Users\admin\Desktop\Summer Projects\F1\F1-Optimized-Cornering-Project\Data\image-data\session-5\throttle\Lap_10_Throttle hit_2.png,Data/image-data/session-5/throttle/Lap_10_Throttle hit_2.png,sub_standard_laps,2,46,5,10,old_sponsor,throttle,2,../Data/image-data/session-5/throttle/Lap_10_Throttle hit_2.png,True,28901,28.901,,,False
lap_0047_brake_01,C:\Users\admin\Desktop\Summer Projects\F1\F1-Optimized-Cornering-Project\Data\image-data\session-5\brake\Lap_11_Brake hit_1.png,Data/image-data/session-5/brake/Lap_11_Brake hit_1.png,sub_standard_laps,2,47,5,11,old_sponsor,brake,1,../Data/image-data/session-5/brake/Lap_11_Brake hit_1.png,True,29194,29.194,,,False
lap_0047_brake_02,C:\Users\admin\Desktop\Summer Projects\F1\F1-Optimized-Cornering-Project\Data\image-data\session-5\brake\Lap_11_Brake hit_2.png,Data/image-data/session-5/brake/Lap_11_Brake hit_2.png,sub_standard_laps,2,47,5,11,old_sponsor,brake,2,../Data/image-data/session-5/brake/Lap_11_Brake hit_2.png,True,29194,29.194,,,False
lap_0047_throttle_01,C:\Users\admin\Desktop\Summer Projects\F1\F1-Optimized-Cornering-Project\Data\image-data\session-5\throttle\Lap_11_Throttle hit_1.png,Data/image-data/session-5/throttle/Lap_11_Throttle hit_1.png,sub_standard_laps,2,47,5,11,old_sponsor,throttle,1,../Data/image-data/session-5/throttle/Lap_11_Throttle hit_1.png,True,29194,29.194,,,False
lap_0047_throttle_02,C:\Users\admin\Desktop\Summer Projects\F1\F1-Optimized-Cornering-Project\Data\image-data\session-5\throttle\Lap_11_Throttle hit_2.png,Data/image-data/session-5/throttle/Lap_11_Throttle hit_2.png,sub_standard_laps,2,47,5,11,old_sponsor,throttle,2,../Data/image-data/session-5/throttle/Lap_11_Throttle hit_2.png,True,29194,29.194,,,False
lap_0048_brake_01,C:\Users\admin\Desktop\Summer Projects\F1\F1-Optimized-Cornering-Project\Data\image-data\session-6\brake\Lap_1_Brake hit_1.png,Data/image-data/session-6/brake/Lap_1_Brake hit_1.png,standard_laps,1,48,6,1,old_sponsor,brake,1,../Data/image-data/session-6/brake/Lap_1_Brake hit_1.png,True,28263,28.263,1.330505132675171,2.5443592071533203,True
lap_0048_brake_02,C:\Users\admin\Desktop\Summer Projects\F1\F1-Optimized-Cornering-Project\Data\image-data\session-6\brake\Lap_1_Brake hit_2.png,Data/image-data/session-6/brake/Lap_1_Brake hit_2.png,standard_laps,1,48,6,1,old_sponsor,brake,2,../Data/image-data/session-6/brake/Lap_1_Brake hit_2.png,True,28263,28.263,1.330505132675171,2.5443592071533203,True
lap_0048_throttle_01,C:\Users\admin\Desktop\Summer Projects\F1\F1-Optimized-Cornering-Project\Data\image-data\session-6\throttle\Lap_1_Throttle hit_1.png,Data/image-data/session-6/throttle/Lap_1_Throttle hit_1.png,standard_laps,1,48,6,1,old_sponsor,throttle,1,../Data/image-data/session-6/throttle/Lap_1_Throttle hit_1.png,True,28263,28.263,1.330505132675171,2.5443592071533203,True
lap_0048_throttle_02,C:\Users\admin\Desktop\Summer Projects\F1\F1-Optimized-Cornering-Project\Data\image-data\session-6\throttle\Lap_1_Throttle hit_2.png,Data/image-data/session-6/throttle/Lap_1_Throttle hit_2.png,standard_laps,1,48,6,1,old_sponsor,throttle,2,../Data/image-data/session-6/throttle/Lap_1_Throttle hit_2.png,True,28263,28.263,1.330505132675171,2.5443592071533203,True
lap_0050_brake_01,C:\Users\admin\Desktop\Summer Projects\F1\F1-Optimized-Cornering-Project\Data\image-data\session-6\brake\Lap_3_Brake hit_1.png,Data/image-data/session-6/brake/Lap_3_Brake hit_1.png,standard_laps,1,50,6,3,old_sponsor,brake,1,../Data/image-data/session-6/brake/Lap_3_Brake hit_1.png,True,28321,28.321,1.3782010078430176,2.5585391521453857,True
lap_0050_brake_02,C:\Users\admin\Desktop\Summer Projects\F1\F1-Optimized-Cornering-Project\Data\image-data\session-6\brake\Lap_3_Brake hit_2.png,Data/image-data/session-6/brake/Lap_3_Brake hit_2.png,standard_laps,1,50,6,3,old_sponsor,brake,2,../Data/image-data/session-6/brake/Lap_3_Brake hit_2.png,True,28321,28.321,1.3782010078430176,2.5585391521453857,True
lap_0050_throttle_01,C:\Users\admin\Desktop\Summer Projects\F1\F1-Optimized-Cornering-Project\Data\image-data\session-6\throttle\Lap_3_Throttle hit_1.png,Data/image-data/session-6/throttle/Lap_3_Throttle hit_1.png,standard_laps,1,50,6,3,old_sponsor,throttle,1,../Data/image-data/session-6/throttle/Lap_3_Throttle hit_1.png,True,28321,28.321,1.3782010078430176,2.5585391521453857,True
lap_0050_throttle_02,C:\Users\admin\Desktop\Summer Projects\F1\F1-Optimized-Cornering-Project\Data\image-data\session-6\throttle\Lap_3_Throttle hit_2.png,Data/image-data/session-6/throttle/Lap_3_Throttle hit_2.png,standard_laps,1,50,6,3,old_sponsor,throttle,2,../Data/image-data/session-6/throttle/Lap_3_Throttle hit_2.png,True,28321,28.321,1.3782010078430176,2.5585391521453857,True
lap_0051_brake_01,C:\Users\admin\Desktop\Summer Projects\F1\F1-Optimized-Cornering-Project\Data\image-data\session-6\brake\Lap_4_Brake hit_1.png,Data/image-data/session-6/brake/Lap_4_Brake hit_1.png,standard_laps,1,51,6,4,old_sponsor,brake,1,../Data/image-data/session-6/brake/Lap_4_Brake hit_1.png,True,28483,28.483,1.6070523262023926,2.64884090423584,True
lap_0051_brake_02,C:\Users\admin\Desktop\Summer Projects\F1\F1-Optimized-Cornering-Project\Data\image-data\session-6\brake\Lap_4_Brake hit_2.png,Data/image-data/session-6/brake/Lap_4_Brake hit_2.png,standard_laps,1,51,6,4,old_sponsor,brake,2,../Data/image-data/session-6/brake/Lap_4_Brake hit_2.png,True,28483,28.483,1.6070523262023926,2.64884090423584,True
lap_0051_throttle_01,C:\Users\admin\Desktop\Summer Projects\F1\F1-Optimized-Cornering-Project\Data\image-data\session-6\throttle\Lap_4_Throttle hit_1.png,Data/image-data/session-6/throttle/Lap_4_Throttle hit_1.png,standard_laps,1,51,6,4,old_sponsor,throttle,1,../Data/image-data/session-6/throttle/Lap_4_Throttle hit_1.png,True,28483,28.483,1.6070523262023926,2.64884090423584,True
lap_0051_throttle_02,C:\Users\admin\Desktop\Summer Projects\F1\F1-Optimized-Cornering-Project\Data\image-data\session-6\throttle\Lap_4_Throttle hit_2.png,Data/image-data/session-6/throttle/Lap_4_Throttle hit_2.png,standard_laps,1,51,6,4,old_sponsor,throttle,2,../Data/image-data/session-6/throttle/Lap_4_Throttle hit_2.png,True,28483,28.483,1.6070523262023926,2.64884090423584,True
lap_0053_brake_01,C:\Users\admin\Desktop\Summer Projects\F1\F1-Optimized-Cornering-Project\Data\image-data\session-6\brake\Lap_6_Brake hit_1.png,Data/image-data/session-6/brake/Lap_6_Brake hit_1.png,standard_laps,1,53,6,6,old_sponsor,brake,1,../Data/image-data/session-6/brake/Lap_6_Brake hit_1.png,True,28366,28.366,1.4015560150146484,2.5156431198120117,True
lap_0053_brake_02,C:\Users\admin\Desktop\Summer Projects\F1\F1-Optimized-Cornering-Project\Data\image-data\session-6\brake\Lap_6_Brake hit_2.png,Data/image-data/session-6/brake/Lap_6_Brake hit_2.png,standard_laps,1,53,6,6,old_sponsor,brake,2,../Data/image-data/session-6/brake/Lap_6_Brake hit_2.png,True,28366,28.366,1.4015560150146484,2.5156431198120117,True
lap_0053_throttle_01,C:\Users\admin\Desktop\Summer Projects\F1\F1-Optimized-Cornering-Project\Data\image-data\session-6\throttle\Lap_6_Throttle hit_1.png,Data/image-data/session-6/throttle/Lap_6_Throttle hit_1.png,standard_laps,1,53,6,6,old_sponsor,throttle,1,../Data/image-data/session-6/throttle/Lap_6_Throttle hit_1.png,True,28366,28.366,1.4015560150146484,2.5156431198120117,True
lap_0053_throttle_02,C:\Users\admin\Desktop\Summer Projects\F1\F1-Optimized-Cornering-Project\Data\image-data\session-6\throttle\Lap_6_Throttle hit_2.png,Data/image-data/session-6/throttle/Lap_6_Throttle hit_2.png,standard_laps,1,53,6,6,old_sponsor,throttle,2,../Data/image-data/session-6/throttle/Lap_6_Throttle hit_2.png,True,28366,28.366,1.4015560150146484,2.5156431198120117,True
lap_0055_brake_01,C:\Users\admin\Desktop\Summer Projects\F1\F1-Optimized-Cornering-Project\Data\image-data\session-6\brake\Lap_8_Brake hit_1.png,Data/image-data/session-6/brake/Lap_8_Brake hit_1.png,sub_standard_laps,2,55,6,8,old_sponsor,brake,1,../Data/image-data/session-6/brake/Lap_8_Brake hit_1.png,True,28791,28.791,1.4284217357635498,2.1875081062316895,True
lap_0055_brake_02,C:\Users\admin\Desktop\Summer Projects\F1\F1-Optimized-Cornering-Project\Data\image-data\session-6\brake\Lap_8_Brake hit_2.png,Data/image-data/session-6/brake/Lap_8_Brake hit_2.png,sub_standard_laps,2,55,6,8,old_sponsor,brake,2,../Data/image-data/session-6/brake/Lap_8_Brake hit_2.png,True,28791,28.791,1.4284217357635498,2.1875081062316895,True
lap_0055_throttle_01,C:\Users\admin\Desktop\Summer Projects\F1\F1-Optimized-Cornering-Project\Data\image-data\session-6\throttle\Lap_8_Throttle hit_1.png,Data/image-data/session-6/throttle/Lap_8_Throttle hit_1.png,sub_standard_laps,2,55,6,8,old_sponsor,throttle,1,../Data/image-data/session-6/throttle/Lap_8_Throttle hit_1.png,True,28791,28.791,1.4284217357635498,2.1875081062316895,True
lap_0055_throttle_02,C:\Users\admin\Desktop\Summer Projects\F1\F1-Optimized-Cornering-Project\Data\image-data\session-6\throttle\Lap_8_Throttle hit_2.png,Data/image-data/session-6/throttle/Lap_8_Throttle hit_2.png,sub_standard_laps,2,55,6,8,old_sponsor,throttle,2,../Data/image-data/session-6/throttle/Lap_8_Throttle hit_2.png,True,28791,28.791,1.4284217357635498,2.1875081062316895,True
lap_0060_brake_01,C:\Users\admin\Desktop\Summer Projects\F1\F1-Optimized-Cornering-Project\Data\image-data\session-7\brake\Lap_4_Brake hit_1.png,Data/image-data/session-7/brake/Lap_4_Brake hit_1.png,optimal_laps,0,60,7,4,old_sponsor,brake,1,../Data/image-data/session-7/brake/Lap_4_Brake hit_1.png,True,27738,27.738,1.0230348110198975,2.783273696899414,True
lap_0060_brake_02,C:\Users\admin\Desktop\Summer Projects\F1\F1-Optimized-Cornering-Project\Data\image-data\session-7\brake\Lap_4_Brake hit_2.png,Data/image-data/session-7/brake/Lap_4_Brake hit_2.png,optimal_laps,0,60,7,4,old_sponsor,brake,2,../Data/image-data/session-7/brake/Lap_4_Brake hit_2.png,True,27738,27.738,1.0230348110198975,2.783273696899414,True
lap_0060_throttle_01,C:\Users\admin\Desktop\Summer Projects\F1\F1-Optimized-Cornering-Project\Data\image-data\session-7\throttle\Lap_4_Throttle hit_1.png,Data/image-data/session-7/throttle/Lap_4_Throttle hit_1.png,optimal_laps,0,60,7,4,old_sponsor,throttle,1,../Data/image-data/session-7/throttle/Lap_4_Throttle hit_1.png,True,27738,27.738,1.0230348110198975,2.783273696899414,True
lap_0060_throttle_02,C:\Users\admin\Desktop\Summer Projects\F1\F1-Optimized-Cornering-Project\Data\image-data\session-7\throttle\Lap_4_Throttle hit_2.png,Data/image-data/session-7/throttle/Lap_4_Throttle hit_2.png,optimal_laps,0,60,7,4,old_sponsor,throttle,2,../Data/image-data/session-7/throttle/Lap_4_Throttle hit_2.png,True,27738,27.738,1.0230348110198975,2.783273696899414,True
lap_0061_brake_01,C:\Users\admin\Desktop\Summer Projects\F1\F1-Optimized-Cornering-Project\Data\image-data\session-7\brake\Lap_5_Brake hit_1.png,Data/image-data/session-7/brake/Lap_5_Brake hit_1.png,sub_standard_laps,2,61,7,5,old_sponsor,brake,1,../Data/image-data/session-7/brake/Lap_5_Brake hit_1.png,True,28742,28.742,1.6941251754760742,2.6140244007110596,True
lap_0061_brake_02,C:\Users\admin\Desktop\Summer Projects\F1\F1-Optimized-Cornering-Project\Data\image-data\session-7\brake\Lap_5_Brake hit_2.png,Data/image-data/session-7/brake/Lap_5_Brake hit_2.png,sub_standard_laps,2,61,7,5,old_sponsor,brake,2,../Data/image-data/session-7/brake/Lap_5_Brake hit_2.png,True,28742,28.742,1.6941251754760742,2.6140244007110596,True
lap_0061_throttle_01,C:\Users\admin\Desktop\Summer Projects\F1\F1-Optimized-Cornering-Project\Data\image-data\session-7\throttle\Lap_5_Throttle hit_1.png,Data/image-data/session-7/throttle/Lap_5_Throttle hit_1.png,sub_standard_laps,2,61,7,5,old_sponsor,throttle,1,../Data/image-data/session-7/throttle/Lap_5_Throttle hit_1.png,True,28742,28.742,1.6941251754760742,2.6140244007110596,True
lap_0061_throttle_02,C:\Users\admin\Desktop\Summer Projects\F1\F1-Optimized-Cornering-Project\Data\image-data\session-7\throttle\Lap_5_Throttle hit_2.png,Data/image-data/session-7/throttle/Lap_5_Throttle hit_2.png,sub_standard_laps,2,61,7,5,old_sponsor,throttle,2,../Data/image-data/session-7/throttle/Lap_5_Throttle hit_2.png,True,28742,28.742,1.6941251754760742,2.6140244007110596,True
lap_0062_brake_01,C:\Users\admin\Desktop\Summer Projects\F1\F1-Optimized-Cornering-Project\Data\image-data\session-7\brake\Lap_6_Brake hit_1.png,Data/image-data/session-7/brake/Lap_6_Brake hit_1.png,standard_laps,1,62,7,6,old_sponsor,brake,1,../Data/image-data/session-7/brake/Lap_6_Brake hit_1.png,True,28268,28.268,1.1517844200134277,3.0224781036376953,True
lap_0062_brake_02,C:\Users\admin\Desktop\Summer Projects\F1\F1-Optimized-Cornering-Project\Data\image-data\session-7\brake\Lap_6_Brake hit_2.png,Data/image-data/session-7/brake/Lap_6_Brake hit_2.png,standard_laps,1,62,7,6,old_sponsor,brake,2,../Data/image-data/session-7/brake/Lap_6_Brake hit_2.png,True,28268,28.268,1.1517844200134277,3.0224781036376953,True
lap_0062_throttle_01,C:\Users\admin\Desktop\Summer Projects\F1\F1-Optimized-Cornering-Project\Data\image-data\session-7\throttle\Lap_6_Throttle hit_1.png,Data/image-data/session-7/throttle/Lap_6_Throttle hit_1.png,standard_laps,1,62,7,6,old_sponsor,throttle,1,../Data/image-data/session-7/throttle/Lap_6_Throttle hit_1.png,True,28268,28.268,1.1517844200134277,3.0224781036376953,True
lap_0062_throttle_02,C:\Users\admin\Desktop\Summer Projects\F1\F1-Optimized-Cornering-Project\Data\image-data\session-7\throttle\Lap_6_Throttle hit_2.png,Data/image-data/session-7/throttle/Lap_6_Throttle hit_2.png,standard_laps,1,62,7,6,old_sponsor,throttle,2,../Data/image-data/session-7/throttle/Lap_6_Throttle hit_2.png,True,28268,28.268,1.1517844200134277,3.0224781036376953,True
lap_0063_brake_01,C:\Users\admin\Desktop\Summer Projects\F1\F1-Optimized-Cornering-Project\Data\image-data\session-7\brake\Lap_7_Brake hit_1.png,Data/image-data/session-7/brake/Lap_7_Brake hit_1.png,standard_laps,1,63,7,7,old_sponsor,brake,1,../Data/image-data/session-7/brake/Lap_7_Brake hit_1.png,True,28287,28.287,1.1383581161499023,2.626997232437134,True
lap_0063_brake_02,C:\Users\admin\Desktop\Summer Projects\F1\F1-Optimized-Cornering-Project\Data\image-data\session-7\brake\Lap_7_Brake hit_2.png,Data/image-data/session-7/brake/Lap_7_Brake hit_2.png,standard_laps,1,63,7,7,old_sponsor,brake,2,../Data/image-data/session-7/brake/Lap_7_Brake hit_2.png,True,28287,28.287,1.1383581161499023,2.626997232437134,True
lap_0063_throttle_01,C:\Users\admin\Desktop\Summer Projects\F1\F1-Optimized-Cornering-Project\Data\image-data\session-7\throttle\Lap_7_Throttle hit_1.png,Data/image-data/session-7/throttle/Lap_7_Throttle hit_1.png,standard_laps,1,63,7,7,old_sponsor,throttle,1,../Data/image-data/session-7/throttle/Lap_7_Throttle hit_1.png,True,28287,28.287,1.1383581161499023,2.626997232437134,True
lap_0063_throttle_02,C:\Users\admin\Desktop\Summer Projects\F1\F1-Optimized-Cornering-Project\Data\image-data\session-7\throttle\Lap_7_Throttle hit_2.png,Data/image-data/session-7/throttle/Lap_7_Throttle hit_2.png,standard_laps,1,63,7,7,old_sponsor,throttle,2,../Data/image-data/session-7/throttle/Lap_7_Throttle hit_2.png,True,28287,28.287,1.1383581161499023,2.626997232437134,True
lap_0065_brake_01,C:\Users\admin\Desktop\Summer Projects\F1\F1-Optimized-Cornering-Project\Data\image-data\session-7\brake\Lap_9_Brake hit_1.png,Data/image-data/session-7/brake/Lap_9_Brake hit_1.png,sub_standard_laps,2,65,7,9,old_sponsor,brake,1,../Data/image-data/session-7/brake/Lap_9_Brake hit_1.png,True,29667,29.667,2.2132835388183594,2.3482329845428467,True
lap_0065_brake_02,C:\Users\admin\Desktop\Summer Projects\F1\F1-Optimized-Cornering-Project\Data\image-data\session-7\brake\Lap_9_Brake hit_2.png,Data/image-data/session-7/brake/Lap_9_Brake hit_2.png,sub_standard_laps,2,65,7,9,old_sponsor,brake,2,../Data/image-data/session-7/brake/Lap_9_Brake hit_2.png,True,29667,29.667,2.2132835388183594,2.3482329845428467,True
lap_0065_throttle_01,C:\Users\admin\Desktop\Summer Projects\F1\F1-Optimized-Cornering-Project\Data\image-data\session-7\throttle\Lap_9_Throttle hit_1.png,Data/image-data/session-7/throttle/Lap_9_Throttle hit_1.png,sub_standard_laps,2,65,7,9,old_sponsor,throttle,1,../Data/image-data/session-7/throttle/Lap_9_Throttle hit_1.png,True,29667,29.667,2.2132835388183594,2.3482329845428467,True
lap_0065_throttle_02,C:\Users\admin\Desktop\Summer Projects\F1\F1-Optimized-Cornering-Project\Data\image-data\session-7\throttle\Lap_9_Throttle hit_2.png,Data/image-data/session-7/throttle/Lap_9_Throttle hit_2.png,sub_standard_laps,2,65,7,9,old_sponsor,throttle,2,../Data/image-data/session-7/throttle/Lap_9_Throttle hit_2.png,True,29667,29.667,2.2132835388183594,2.3482329845428467,True
lap_0067_brake_01,C:\Users\admin\Desktop\Summer Projects\F1\F1-Optimized-Cornering-Project\Data\image-data\session-7\brake\Lap_11_Brake hit_1.png,Data/image-data/session-7/brake/Lap_11_Brake hit_1.png,sub_standard_laps,2,67,7,11,old_sponsor,brake,1,../Data/image-data/session-7/brake/Lap_11_Brake hit_1.png,True,28902,28.902,1.325571060180664,2.9569568634033203,True
lap_0067_brake_02,C:\Users\admin\Desktop\Summer Projects\F1\F1-Optimized-Cornering-Project\Data\image-data\session-7\brake\Lap_11_Brake hit_2.png,Data/image-data/session-7/brake/Lap_11_Brake hit_2.png,sub_standard_laps,2,67,7,11,old_sponsor,brake,2,../Data/image-data/session-7/brake/Lap_11_Brake hit_2.png,True,28902,28.902,1.325571060180664,2.9569568634033203,True
lap_0067_throttle_01,C:\Users\admin\Desktop\Summer Projects\F1\F1-Optimized-Cornering-Project\Data\image-data\session-7\throttle\Lap_11_Throttle hit_1.png,Data/image-data/session-7/throttle/Lap_11_Throttle hit_1.png,sub_standard_laps,2,67,7,11,old_sponsor,throttle,1,../Data/image-data/session-7/throttle/Lap_11_Throttle hit_1.png,True,28902,28.902,1.325571060180664,2.9569568634033203,True
lap_0067_throttle_02,C:\Users\admin\Desktop\Summer Projects\F1\F1-Optimized-Cornering-Project\Data\image-data\session-7\throttle\Lap_11_Throttle hit_2.png,Data/image-data/session-7/throttle/Lap_11_Throttle hit_2.png,sub_standard_laps,2,67,7,11,old_sponsor,throttle,2,../Data/image-data/session-7/throttle/Lap_11_Throttle hit_2.png,True,28902,28.902,1.325571060180664,2.9569568634033203,True
lap_0070_brake_01,C:\Users\admin\Desktop\Summer Projects\F1\F1-Optimized-Cornering-Project\Data\image-data\session-8\brake\Lap_3_Brake hit_1.png,Data/image-data/session-8/brake/Lap_3_Brake hit_1.png,sub_standard_laps,2,70,8,3,old_sponsor,brake,1,../Data/image-data/session-8/brake/Lap_3_Brake hit_1.png,True,28933,28.933,1.1870827674865723,2.9202165603637695,True
lap_0070_brake_02,C:\Users\admin\Desktop\Summer Projects\F1\F1-Optimized-Cornering-Project\Data\image-data\session-8\brake\Lap_3_Brake hit_2.png,Data/image-data/session-8/brake/Lap_3_Brake hit_2.png,sub_standard_laps,2,70,8,3,old_sponsor,brake,2,../Data/image-data/session-8/brake/Lap_3_Brake hit_2.png,True,28933,28.933,1.1870827674865723,2.9202165603637695,True
lap_0070_throttle_01,C:\Users\admin\Desktop\Summer Projects\F1\F1-Optimized-Cornering-Project\Data\image-data\session-8\throttle\Lap_3_Throttle hit_1.png,Data/image-data/session-8/throttle/Lap_3_Throttle hit_1.png,sub_standard_laps,2,70,8,3,old_sponsor,throttle,1,../Data/image-data/session-8/throttle/Lap_3_Throttle hit_1.png,True,28933,28.933,1.1870827674865723,2.9202165603637695,True
lap_0070_throttle_02,C:\Users\admin\Desktop\Summer Projects\F1\F1-Optimized-Cornering-Project\Data\image-data\session-8\throttle\Lap_3_Throttle hit_2.png,Data/image-data/session-8/throttle/Lap_3_Throttle hit_2.png,sub_standard_laps,2,70,8,3,old_sponsor,throttle,2,../Data/image-data/session-8/throttle/Lap_3_Throttle hit_2.png,True,28933,28.933,1.1870827674865723,2.9202165603637695,True
lap_0071_brake_01,C:\Users\admin\Desktop\Summer Projects\F1\F1-Optimized-Cornering-Project\Data\image-data\session-8\brake\Lap_4_Brake hit_1.png,Data/image-data/session-8/brake/Lap_4_Brake hit_1.png,standard_laps,1,71,8,4,old_sponsor,brake,1,../Data/image-data/session-8/brake/Lap_4_Brake hit_1.png,True,28536,28.536,1.6241118907928467,2.529339075088501,True
lap_0071_brake_02,C:\Users\admin\Desktop\Summer Projects\F1\F1-Optimized-Cornering-Project\Data\image-data\session-8\brake\Lap_4_Brake hit_2.png,Data/image-data/session-8/brake/Lap_4_Brake hit_2.png,standard_laps,1,71,8,4,old_sponsor,brake,2,../Data/image-data/session-8/brake/Lap_4_Brake hit_2.png,True,28536,28.536,1.6241118907928467,2.529339075088501,True
lap_0071_throttle_01,C:\Users\admin\Desktop\Summer Projects\F1\F1-Optimized-Cornering-Project\Data\image-data\session-8\throttle\Lap_4_Throttle hit_1.png,Data/image-data/session-8/throttle/Lap_4_Throttle hit_1.png,standard_laps,1,71,8,4,old_sponsor,throttle,1,../Data/image-data/session-8/throttle/Lap_4_Throttle hit_1.png,True,28536,28.536,1.6241118907928467,2.529339075088501,True
lap_0071_throttle_02,C:\Users\admin\Desktop\Summer Projects\F1\F1-Optimized-Cornering-Project\Data\image-data\session-8\throttle\Lap_4_Throttle hit_2.png,Data/image-data/session-8/throttle/Lap_4_Throttle hit_2.png,standard_laps,1,71,8,4,old_sponsor,throttle,2,../Data/image-data/session-8/throttle/Lap_4_Throttle hit_2.png,True,28536,28.536,1.6241118907928467,2.529339075088501,True
lap_0073_brake_01,C:\Users\admin\Desktop\Summer Projects\F1\F1-Optimized-Cornering-Project\Data\image-data\session-8\brake\Lap_6_Brake hit_1.png,Data/image-data/session-8/brake/Lap_6_Brake hit_1.png,standard_laps,1,73,8,6,old_sponsor,brake,1,../Data/image-data/session-8/brake/Lap_6_Brake hit_1.png,True,28223,28.223,1.184779167175293,2.9491653442382812,True
lap_0073_brake_02,C:\Users\admin\Desktop\Summer Projects\F1\F1-Optimized-Cornering-Project\Data\image-data\session-8\brake\Lap_6_Brake hit_2.png,Data/image-data/session-8/brake/Lap_6_Brake hit_2.png,standard_laps,1,73,8,6,old_sponsor,brake,2,../Data/image-data/session-8/brake/Lap_6_Brake hit_2.png,True,28223,28.223,1.184779167175293,2.9491653442382812,True
lap_0073_throttle_01,C:\Users\admin\Desktop\Summer Projects\F1\F1-Optimized-Cornering-Project\Data\image-data\session-8\throttle\Lap_6_Throttle hit_1.png,Data/image-data/session-8/throttle/Lap_6_Throttle hit_1.png,standard_laps,1,73,8,6,old_sponsor,throttle,1,../Data/image-data/session-8/throttle/Lap_6_Throttle hit_1.png,True,28223,28.223,1.184779167175293,2.9491653442382812,True
lap_0073_throttle_02,C:\Users\admin\Desktop\Summer Projects\F1\F1-Optimized-Cornering-Project\Data\image-data\session-8\throttle\Lap_6_Throttle hit_2.png,Data/image-data/session-8/throttle/Lap_6_Throttle hit_2.png,standard_laps,1,73,8,6,old_sponsor,throttle,2,../Data/image-data/session-8/throttle/Lap_6_Throttle hit_2.png,True,28223,28.223,1.184779167175293,2.9491653442382812,True
lap_0074_brake_01,C:\Users\admin\Desktop\Summer Projects\F1\F1-Optimized-Cornering-Project\Data\image-data\session-8\brake\Lap_7_Brake hit_1.png,Data/image-data/session-8/brake/Lap_7_Brake hit_1.png,standard_laps,1,74,8,7,old_sponsor,brake,1,../Data/image-data/session-8/brake/Lap_7_Brake hit_1.png,True,28489,28.489,1.6503453254699707,2.992475986480713,True
lap_0074_brake_02,C:\Users\admin\Desktop\Summer Projects\F1\F1-Optimized-Cornering-Project\Data\image-data\session-8\brake\Lap_7_Brake hit_2.png,Data/image-data/session-8/brake/Lap_7_Brake hit_2.png,standard_laps,1,74,8,7,old_sponsor,brake,2,../Data/image-data/session-8/brake/Lap_7_Brake hit_2.png,True,28489,28.489,1.6503453254699707,2.992475986480713,True
lap_0074_throttle_01,C:\Users\admin\Desktop\Summer Projects\F1\F1-Optimized-Cornering-Project\Data\image-data\session-8\throttle\Lap_7_Throttle hit_1.png,Data/image-data/session-8/throttle/Lap_7_Throttle hit_1.png,standard_laps,1,74,8,7,old_sponsor,throttle,1,../Data/image-data/session-8/throttle/Lap_7_Throttle hit_1.png,True,28489,28.489,1.6503453254699707,2.992475986480713,True
lap_0074_throttle_02,C:\Users\admin\Desktop\Summer Projects\F1\F1-Optimized-Cornering-Project\Data\image-data\session-8\throttle\Lap_7_Throttle hit_2.png,Data/image-data/session-8/throttle/Lap_7_Throttle hit_2.png,standard_laps,1,74,8,7,old_sponsor,throttle,2,../Data/image-data/session-8/throttle/Lap_7_Throttle hit_2.png,True,28489,28.489,1.6503453254699707,2.992475986480713,True
lap_0075_brake_01,C:\Users\admin\Desktop\Summer Projects\F1\F1-Optimized-Cornering-Project\Data\image-data\session-8\brake\Lap_8_Brake hit_1.png,Data/image-data/session-8/brake/Lap_8_Brake hit_1.png,standard_laps,1,75,8,8,old_sponsor,brake,1,../Data/image-data/session-8/brake/Lap_8_Brake hit_1.png,True,28408,28.408,1.7128939628601074,2.634553909301758,True
lap_0075_brake_02,C:\Users\admin\Desktop\Summer Projects\F1\F1-Optimized-Cornering-Project\Data\image-data\session-8\brake\Lap_8_Brake hit_2.png,Data/image-data/session-8/brake/Lap_8_Brake hit_2.png,standard_laps,1,75,8,8,old_sponsor,brake,2,../Data/image-data/session-8/brake/Lap_8_Brake hit_2.png,True,28408,28.408,1.7128939628601074,2.634553909301758,True
lap_0075_throttle_01,C:\Users\admin\Desktop\Summer Projects\F1\F1-Optimized-Cornering-Project\Data\image-data\session-8\throttle\Lap_8_Throttle hit_1.png,Data/image-data/session-8/throttle/Lap_8_Throttle hit_1.png,standard_laps,1,75,8,8,old_sponsor,throttle,1,../Data/image-data/session-8/throttle/Lap_8_Throttle hit_1.png,True,28408,28.408,1.7128939628601074,2.634553909301758,True
lap_0075_throttle_02,C:\Users\admin\Desktop\Summer Projects\F1\F1-Optimized-Cornering-Project\Data\image-data\session-8\throttle\Lap_8_Throttle hit_2.png,Data/image-data/session-8/throttle/Lap_8_Throttle hit_2.png,standard_laps,1,75,8,8,old_sponsor,throttle,2,../Data/image-data/session-8/throttle/Lap_8_Throttle hit_2.png,True,28408,28.408,1.7128939628601074,2.634553909301758,True
lap_0077_brake_01,C:\Users\admin\Desktop\Summer Projects\F1\F1-Optimized-Cornering-Project\Data\image-data\session-8\brake\Lap_10_Brake hit_1.png,Data/image-data/session-8/brake/Lap_10_Brake hit_1.png,standard_laps,1,77,8,10,old_sponsor,brake,1,../Data/image-data/session-8/brake/Lap_10_Brake hit_1.png,True,28191,28.191,1.1617155075073242,2.3542098999023438,True
lap_0077_brake_02,C:\Users\admin\Desktop\Summer Projects\F1\F1-Optimized-Cornering-Project\Data\image-data\session-8\brake\Lap_10_Brake hit_2.png,Data/image-data/session-8/brake/Lap_10_Brake hit_2.png,standard_laps,1,77,8,10,old_sponsor,brake,2,../Data/image-data/session-8/brake/Lap_10_Brake hit_2.png,True,28191,28.191,1.1617155075073242,2.3542098999023438,True
lap_0077_throttle_01,C:\Users\admin\Desktop\Summer Projects\F1\F1-Optimized-Cornering-Project\Data\image-data\session-8\throttle\Lap_10_Throttle hit_1.png,Data/image-data/session-8/throttle/Lap_10_Throttle hit_1.png,standard_laps,1,77,8,10,old_sponsor,throttle,1,../Data/image-data/session-8/throttle/Lap_10_Throttle hit_1.png,True,28191,28.191,1.1617155075073242,2.3542098999023438,True
lap_0077_throttle_02,C:\Users\admin\Desktop\Summer Projects\F1\F1-Optimized-Cornering-Project\Data\image-data\session-8\throttle\Lap_10_Throttle hit_2.png,Data/image-data/session-8/throttle/Lap_10_Throttle hit_2.png,standard_laps,1,77,8,10,old_sponsor,throttle,2,../Data/image-data/session-8/throttle/Lap_10_Throttle hit_2.png,True,28191,28.191,1.1617155075073242,2.3542098999023438,True
lap_0079_brake_01,C:\Users\admin\Desktop\Summer Projects\F1\F1-Optimized-Cornering-Project\Data\image-data\session-9\brake\Lap_2_Brake hit_1.png,Data/image-data/session-9/brake/Lap_2_Brake hit_1.png,sub_standard_laps,2,79,9,2,old_sponsor,brake,1,../Data/image-data/session-9/brake/Lap_2_Brake hit_1.png,True,29531,29.531,2.0936031341552734,3.348637580871582,True
lap_0079_brake_02,C:\Users\admin\Desktop\Summer Projects\F1\F1-Optimized-Cornering-Project\Data\image-data\session-9\brake\Lap_2_Brake hit_2.png,Data/image-data/session-9/brake/Lap_2_Brake hit_2.png,sub_standard_laps,2,79,9,2,old_sponsor,brake,2,../Data/image-data/session-9/brake/Lap_2_Brake hit_2.png,True,29531,29.531,2.0936031341552734,3.348637580871582,True
lap_0079_throttle_01,C:\Users\admin\Desktop\Summer Projects\F1\F1-Optimized-Cornering-Project\Data\image-data\session-9\throttle\Lap_2_Throttle hit_1.png,Data/image-data/session-9/throttle/Lap_2_Throttle hit_1.png,sub_standard_laps,2,79,9,2,old_sponsor,throttle,1,../Data/image-data/session-9/throttle/Lap_2_Throttle hit_1.png,True,29531,29.531,2.0936031341552734,3.348637580871582,True
lap_0079_throttle_02,C:\Users\admin\Desktop\Summer Projects\F1\F1-Optimized-Cornering-Project\Data\image-data\session-9\throttle\Lap_2_Throttle hit_2.png,Data/image-data/session-9/throttle/Lap_2_Throttle hit_2.png,sub_standard_laps,2,79,9,2,old_sponsor,throttle,2,../Data/image-data/session-9/throttle/Lap_2_Throttle hit_2.png,True,29531,29.531,2.0936031341552734,3.348637580871582,True
lap_0081_brake_01,C:\Users\admin\Desktop\Summer Projects\F1\F1-Optimized-Cornering-Project\Data\image-data\session-9\brake\Lap_4_Brake hit_1.png,Data/image-data/session-9/brake/Lap_4_Brake hit_1.png,standard_laps,1,81,9,4,old_sponsor,brake,1,../Data/image-data/session-9/brake/Lap_4_Brake hit_1.png,True,28321,28.321,1.513024091720581,2.229769706726074,True
lap_0081_brake_02,C:\Users\admin\Desktop\Summer Projects\F1\F1-Optimized-Cornering-Project\Data\image-data\session-9\brake\Lap_4_Brake hit_2.png,Data/image-data/session-9/brake/Lap_4_Brake hit_2.png,standard_laps,1,81,9,4,old_sponsor,brake,2,../Data/image-data/session-9/brake/Lap_4_Brake hit_2.png,True,28321,28.321,1.513024091720581,2.229769706726074,True
lap_0081_throttle_01,C:\Users\admin\Desktop\Summer Projects\F1\F1-Optimized-Cornering-Project\Data\image-data\session-9\throttle\Lap_4_Throttle hit_1.png,Data/image-data/session-9/throttle/Lap_4_Throttle hit_1.png,standard_laps,1,81,9,4,old_sponsor,throttle,1,../Data/image-data/session-9/throttle/Lap_4_Throttle hit_1.png,True,28321,28.321,1.513024091720581,2.229769706726074,True
lap_0081_throttle_02,C:\Users\admin\Desktop\Summer Projects\F1\F1-Optimized-Cornering-Project\Data\image-data\session-9\throttle\Lap_4_Throttle hit_2.png,Data/image-data/session-9/throttle/Lap_4_Throttle hit_2.png,standard_laps,1,81,9,4,old_sponsor,throttle,2,../Data/image-data/session-9/throttle/Lap_4_Throttle hit_2.png,True,28321,28.321,1.513024091720581,2.229769706726074,True
lap_0083_brake_01,C:\Users\admin\Desktop\Summer Projects\F1\F1-Optimized-Cornering-Project\Data\image-data\session-9\brake\Lap_6_Brake hit_1.png,Data/image-data/session-9/brake/Lap_6_Brake hit_1.png,optimal_laps,0,83,9,6,old_sponsor,brake,1,../Data/image-data/session-9/brake/Lap_6_Brake hit_1.png,True,28101,28.101,1.0171310901641846,2.598050355911255,True
lap_0083_brake_02,C:\Users\admin\Desktop\Summer Projects\F1\F1-Optimized-Cornering-Project\Data\image-data\session-9\brake\Lap_6_Brake hit_2.png,Data/image-data/session-9/brake/Lap_6_Brake hit_2.png,optimal_laps,0,83,9,6,old_sponsor,brake,2,../Data/image-data/session-9/brake/Lap_6_Brake hit_2.png,True,28101,28.101,1.0171310901641846,2.598050355911255,True
lap_0083_throttle_01,C:\Users\admin\Desktop\Summer Projects\F1\F1-Optimized-Cornering-Project\Data\image-data\session-9\throttle\Lap_6_Throttle hit_1.png,Data/image-data/session-9/throttle/Lap_6_Throttle hit_1.png,optimal_laps,0,83,9,6,old_sponsor,throttle,1,../Data/image-data/session-9/throttle/Lap_6_Throttle hit_1.png,True,28101,28.101,1.0171310901641846,2.598050355911255,True
lap_0083_throttle_02,C:\Users\admin\Desktop\Summer Projects\F1\F1-Optimized-Cornering-Project\Data\image-data\session-9\throttle\Lap_6_Throttle hit_2.png,Data/image-data/session-9/throttle/Lap_6_Throttle hit_2.png,optimal_laps,0,83,9,6,old_sponsor,throttle,2,../Data/image-data/session-9/throttle/Lap_6_Throttle hit_2.png,True,28101,28.101,1.0171310901641846,2.598050355911255,True
lap_0085_brake_01,C:\Users\admin\Desktop\Summer Projects\F1\F1-Optimized-Cornering-Project\Data\image-data\session-10\brake\Lap_1_Brake hit_1.png,Data/image-data/session-10/brake/Lap_1_Brake hit_1.png,sub_standard_laps,2,85,10,1,old_sponsor,brake,1,../Data/image-data/session-10/brake/Lap_1_Brake hit_1.png,True,29750,29.75,1.6160471439361572,3.0100529193878174,True
lap_0085_brake_02,C:\Users\admin\Desktop\Summer Projects\F1\F1-Optimized-Cornering-Project\Data\image-data\session-10\brake\Lap_1_Brake hit_2.png,Data/image-data/session-10/brake/Lap_1_Brake hit_2.png,sub_standard_laps,2,85,10,1,old_sponsor,brake,2,../Data/image-data/session-10/brake/Lap_1_Brake hit_2.png,True,29750,29.75,1.6160471439361572,3.0100529193878174,True
lap_0085_throttle_01,C:\Users\admin\Desktop\Summer Projects\F1\F1-Optimized-Cornering-Project\Data\image-data\session-10\throttle\Lap_1_Throttle hit_1.png,Data/image-data/session-10/throttle/Lap_1_Throttle hit_1.png,sub_standard_laps,2,85,10,1,old_sponsor,throttle,1,../Data/image-data/session-10/throttle/Lap_1_Throttle hit_1.png,True,29750,29.75,1.6160471439361572,3.0100529193878174,True
lap_0085_throttle_02,C:\Users\admin\Desktop\Summer Projects\F1\F1-Optimized-Cornering-Project\Data\image-data\session-10\throttle\Lap_1_Throttle hit_2.png,Data/image-data/session-10/throttle/Lap_1_Throttle hit_2.png,sub_standard_laps,2,85,10,1,old_sponsor,throttle,2,../Data/image-data/session-10/throttle/Lap_1_Throttle hit_2.png,True,29750,29.75,1.6160471439361572,3.0100529193878174,True
lap_0087_brake_01,C:\Users\admin\Desktop\Summer Projects\F1\F1-Optimized-Cornering-Project\Data\image-data\session-10\brake\Lap_3_Brake hit_1.png,Data/image-data/session-10/brake/Lap_3_Brake hit_1.png,standard_laps,1,87,10,3,old_sponsor,brake,1,../Data/image-data/session-10/brake/Lap_3_Brake hit_1.png,True,28171,28.171,1.0975801944732666,2.7350897789001465,True
lap_0087_brake_02,C:\Users\admin\Desktop\Summer Projects\F1\F1-Optimized-Cornering-Project\Data\image-data\session-10\brake\Lap_3_Brake hit_2.png,Data/image-data/session-10/brake/Lap_3_Brake hit_2.png,standard_laps,1,87,10,3,old_sponsor,brake,2,../Data/image-data/session-10/brake/Lap_3_Brake hit_2.png,True,28171,28.171,1.0975801944732666,2.7350897789001465,True
lap_0087_throttle_01,C:\Users\admin\Desktop\Summer Projects\F1\F1-Optimized-Cornering-Project\Data\image-data\session-10\throttle\Lap_3_Throttle hit_1.png,Data/image-data/session-10/throttle/Lap_3_Throttle hit_1.png,standard_laps,1,87,10,3,old_sponsor,throttle,1,../Data/image-data/session-10/throttle/Lap_3_Throttle hit_1.png,True,28171,28.171,1.0975801944732666,2.7350897789001465,True
lap_0087_throttle_02,C:\Users\admin\Desktop\Summer Projects\F1\F1-Optimized-Cornering-Project\Data\image-data\session-10\throttle\Lap_3_Throttle hit_2.png,Data/image-data/session-10/throttle/Lap_3_Throttle hit_2.png,standard_laps,1,87,10,3,old_sponsor,throttle,2,../Data/image-data/session-10/throttle/Lap_3_Throttle hit_2.png,True,28171,28.171,1.0975801944732666,2.7350897789001465,True
lap_0088_brake_01,C:\Users\admin\Desktop\Summer Projects\F1\F1-Optimized-Cornering-Project\Data\image-data\session-10\brake\Lap_4_Brake hit_1.png,Data/image-data/session-10/brake/Lap_4_Brake hit_1.png,standard_laps,1,88,10,4,old_sponsor,brake,1,../Data/image-data/session-10/brake/Lap_4_Brake hit_1.png,True,28246,28.246,1.2195510864257812,2.0437419414520264,True
lap_0088_brake_02,C:\Users\admin\Desktop\Summer Projects\F1\F1-Optimized-Cornering-Project\Data\image-data\session-10\brake\Lap_4_Brake hit_2.png,Data/image-data/session-10/brake/Lap_4_Brake hit_2.png,standard_laps,1,88,10,4,old_sponsor,brake,2,../Data/image-data/session-10/brake/Lap_4_Brake hit_2.png,True,28246,28.246,1.2195510864257812,2.0437419414520264,True
lap_0088_throttle_01,C:\Users\admin\Desktop\Summer Projects\F1\F1-Optimized-Cornering-Project\Data\image-data\session-10\throttle\Lap_4_Throttle hit_1.png,Data/image-data/session-10/throttle/Lap_4_Throttle hit_1.png,standard_laps,1,88,10,4,old_sponsor,throttle,1,../Data/image-data/session-10/throttle/Lap_4_Throttle hit_1.png,True,28246,28.246,1.2195510864257812,2.0437419414520264,True
lap_0088_throttle_02,C:\Users\admin\Desktop\Summer Projects\F1\F1-Optimized-Cornering-Project\Data\image-data\session-10\throttle\Lap_4_Throttle hit_2.png,Data/image-data/session-10/throttle/Lap_4_Throttle hit_2.png,standard_laps,1,88,10,4,old_sponsor,throttle,2,../Data/image-data/session-10/throttle/Lap_4_Throttle hit_2.png,True,28246,28.246,1.2195510864257812,2.0437419414520264,True
lap_0089_brake_01,C:\Users\admin\Desktop\Summer Projects\F1\F1-Optimized-Cornering-Project\Data\image-data\session-10\brake\Lap_5_Brake hit_1.png,Data/image-data/session-10/brake/Lap_5_Brake hit_1.png,sub_standard_laps,2,89,10,5,old_sponsor,brake,1,../Data/image-data/session-10/brake/Lap_5_Brake hit_1.png,True,28999,28.999,1.5193328857421875,3.0356717109680176,True
lap_0089_brake_02,C:\Users\admin\Desktop\Summer Projects\F1\F1-Optimized-Cornering-Project\Data\image-data\session-10\brake\Lap_5_Brake hit_2.png,Data/image-data/session-10/brake/Lap_5_Brake hit_2.png,sub_standard_laps,2,89,10,5,old_sponsor,brake,2,../Data/image-data/session-10/brake/Lap_5_Brake hit_2.png,True,28999,28.999,1.5193328857421875,3.0356717109680176,True
lap_0089_throttle_01,C:\Users\admin\Desktop\Summer Projects\F1\F1-Optimized-Cornering-Project\Data\image-data\session-10\throttle\Lap_5_Throttle hit_1.png,Data/image-data/session-10/throttle/Lap_5_Throttle hit_1.png,sub_standard_laps,2,89,10,5,old_sponsor,throttle,1,../Data/image-data/session-10/throttle/Lap_5_Throttle hit_1.png,True,28999,28.999,1.5193328857421875,3.0356717109680176,True
lap_0089_throttle_02,C:\Users\admin\Desktop\Summer Projects\F1\F1-Optimized-Cornering-Project\Data\image-data\session-10\throttle\Lap_5_Throttle hit_2.png,Data/image-data/session-10/throttle/Lap_5_Throttle hit_2.png,sub_standard_laps,2,89,10,5,old_sponsor,throttle,2,../Data/image-data/session-10/throttle/Lap_5_Throttle hit_2.png,True,28999,28.999,1.5193328857421875,3.0356717109680176,True
lap_0090_brake_01,C:\Users\admin\Desktop\Summer Projects\F1\F1-Optimized-Cornering-Project\Data\image-data\session-10\brake\Lap_6_Brake hit_1.png,Data/image-data/session-10/brake/Lap_6_Brake hit_1.png,standard_laps,1,90,10,6,old_sponsor,brake,1,../Data/image-data/session-10/brake/Lap_6_Brake hit_1.png,True,28177,28.177,1.114410638809204,2.5244994163513184,True
lap_0090_brake_02,C:\Users\admin\Desktop\Summer Projects\F1\F1-Optimized-Cornering-Project\Data\image-data\session-10\brake\Lap_6_Brake hit_2.png,Data/image-data/session-10/brake/Lap_6_Brake hit_2.png,standard_laps,1,90,10,6,old_sponsor,brake,2,../Data/image-data/session-10/brake/Lap_6_Brake hit_2.png,True,28177,28.177,1.114410638809204,2.5244994163513184,True
lap_0090_throttle_01,C:\Users\admin\Desktop\Summer Projects\F1\F1-Optimized-Cornering-Project\Data\image-data\session-10\throttle\Lap_6_Throttle hit_1.png,Data/image-data/session-10/throttle/Lap_6_Throttle hit_1.png,standard_laps,1,90,10,6,old_sponsor,throttle,1,../Data/image-data/session-10/throttle/Lap_6_Throttle hit_1.png,True,28177,28.177,1.114410638809204,2.5244994163513184,True
lap_0090_throttle_02,C:\Users\admin\Desktop\Summer Projects\F1\F1-Optimized-Cornering-Project\Data\image-data\session-10\throttle\Lap_6_Throttle hit_2.png,Data/image-data/session-10/throttle/Lap_6_Throttle hit_2.png,standard_laps,1,90,10,6,old_sponsor,throttle,2,../Data/image-data/session-10/throttle/Lap_6_Throttle hit_2.png,True,28177,28.177,1.114410638809204,2.5244994163513184,True
lap_0091_brake_01,C:\Users\admin\Desktop\Summer Projects\F1\F1-Optimized-Cornering-Project\Data\image-data\session-10\brake\Lap_7_Brake hit_1.png,Data/image-data/session-10/brake/Lap_7_Brake hit_1.png,optimal_laps,0,91,10,7,old_sponsor,brake,1,../Data/image-data/session-10/brake/Lap_7_Brake hit_1.png,True,27789,27.789,1.1045451164245605,2.683706045150757,True
lap_0091_brake_02,C:\Users\admin\Desktop\Summer Projects\F1\F1-Optimized-Cornering-Project\Data\image-data\session-10\brake\Lap_7_Brake hit_2.png,Data/image-data/session-10/brake/Lap_7_Brake hit_2.png,optimal_laps,0,91,10,7,old_sponsor,brake,2,../Data/image-data/session-10/brake/Lap_7_Brake hit_2.png,True,27789,27.789,1.1045451164245605,2.683706045150757,True
lap_0091_throttle_01,C:\Users\admin\Desktop\Summer Projects\F1\F1-Optimized-Cornering-Project\Data\image-data\session-10\throttle\Lap_7_Throttle hit_1.png,Data/image-data/session-10/throttle/Lap_7_Throttle hit_1.png,optimal_laps,0,91,10,7,old_sponsor,throttle,1,../Data/image-data/session-10/throttle/Lap_7_Throttle hit_1.png,True,27789,27.789,1.1045451164245605,2.683706045150757,True
lap_0091_throttle_02,C:\Users\admin\Desktop\Summer Projects\F1\F1-Optimized-Cornering-Project\Data\image-data\session-10\throttle\Lap_7_Throttle hit_2.png,Data/image-data/session-10/throttle/Lap_7_Throttle hit_2.png,optimal_laps,0,91,10,7,old_sponsor,throttle,2,../Data/image-data/session-10/throttle/Lap_7_Throttle hit_2.png,True,27789,27.789,1.1045451164245605,2.683706045150757,True
lap_0092_brake_01,C:\Users\admin\Desktop\Summer Projects\F1\F1-Optimized-Cornering-Project\Data\image-data\session-10\brake\Lap_8_Brake hit_1.png,Data/image-data/session-10/brake/Lap_8_Brake hit_1.png,standard_laps,1,92,10,8,old_sponsor,brake,1,../Data/image-data/session-10/brake/Lap_8_Brake hit_1.png,True,28169,28.169,1.114415168762207,2.3730225563049316,True
lap_0092_brake_02,C:\Users\admin\Desktop\Summer Projects\F1\F1-Optimized-Cornering-Project\Data\image-data\session-10\brake\Lap_8_Brake hit_2.png,Data/image-data/session-10/brake/Lap_8_Brake hit_2.png,standard_laps,1,92,10,8,old_sponsor,brake,2,../Data/image-data/session-10/brake/Lap_8_Brake hit_2.png,True,28169,28.169,1.114415168762207,2.3730225563049316,True
lap_0092_throttle_01,C:\Users\admin\Desktop\Summer Projects\F1\F1-Optimized-Cornering-Project\Data\image-data\session-10\throttle\Lap_8_Throttle hit_1.png,Data/image-data/session-10/throttle/Lap_8_Throttle hit_1.png,standard_laps,1,92,10,8,old_sponsor,throttle,1,../Data/image-data/session-10/throttle/Lap_8_Throttle hit_1.png,True,28169,28.169,1.114415168762207,2.3730225563049316,True
lap_0092_throttle_02,C:\Users\admin\Desktop\Summer Projects\F1\F1-Optimized-Cornering-Project\Data\image-data\session-10\throttle\Lap_8_Throttle hit_2.png,Data/image-data/session-10/throttle/Lap_8_Throttle hit_2.png,standard_laps,1,92,10,8,old_sponsor,throttle,2,../Data/image-data/session-10/throttle/Lap_8_Throttle hit_2.png,True,28169,28.169,1.114415168762207,2.3730225563049316,True
lap_0093_brake_01,C:\Users\admin\Desktop\Summer Projects\F1\F1-Optimized-Cornering-Project\Data\image-data\session-10\brake\Lap_9_Brake hit_1.png,Data/image-data/session-10/brake/Lap_9_Brake hit_1.png,standard_laps,1,93,10,9,old_sponsor,brake,1,../Data/image-data/session-10/brake/Lap_9_Brake hit_1.png,True,28245,28.245,1.0357439517974854,2.585441827774048,True
lap_0093_brake_02,C:\Users\admin\Desktop\Summer Projects\F1\F1-Optimized-Cornering-Project\Data\image-data\session-10\brake\Lap_9_Brake hit_2.png,Data/image-data/session-10/brake/Lap_9_Brake hit_2.png,standard_laps,1,93,10,9,old_sponsor,brake,2,../Data/image-data/session-10/brake/Lap_9_Brake hit_2.png,True,28245,28.245,1.0357439517974854,2.585441827774048,True
lap_0093_throttle_01,C:\Users\admin\Desktop\Summer Projects\F1\F1-Optimized-Cornering-Project\Data\image-data\session-10\throttle\Lap_9_Throttle hit_1.png,Data/image-data/session-10/throttle/Lap_9_Throttle hit_1.png,standard_laps,1,93,10,9,old_sponsor,throttle,1,../Data/image-data/session-10/throttle/Lap_9_Throttle hit_1.png,True,28245,28.245,1.0357439517974854,2.585441827774048,True
lap_0093_throttle_02,C:\Users\admin\Desktop\Summer Projects\F1\F1-Optimized-Cornering-Project\Data\image-data\session-10\throttle\Lap_9_Throttle hit_2.png,Data/image-data/session-10/throttle/Lap_9_Throttle hit_2.png,standard_laps,1,93,10,9,old_sponsor,throttle,2,../Data/image-data/session-10/throttle/Lap_9_Throttle hit_2.png,True,28245,28.245,1.0357439517974854,2.585441827774048,True
lap_0096_brake_01,C:\Users\admin\Desktop\Summer Projects\F1\F1-Optimized-Cornering-Project\Data\image-data\session-10\brake\Lap_12_Brake hit_1.png,Data/image-data/session-10/brake/Lap_12_Brake hit_1.png,optimal_laps,0,96,10,12,old_sponsor,brake,1,../Data/image-data/session-10/brake/Lap_12_Brake hit_1.png,True,28053,28.053,1.030689001083374,2.7161760330200195,True
lap_0096_brake_02,C:\Users\admin\Desktop\Summer Projects\F1\F1-Optimized-Cornering-Project\Data\image-data\session-10\brake\Lap_12_Brake hit_2.png,Data/image-data/session-10/brake/Lap_12_Brake hit_2.png,optimal_laps,0,96,10,12,old_sponsor,brake,2,../Data/image-data/session-10/brake/Lap_12_Brake hit_2.png,True,28053,28.053,1.030689001083374,2.7161760330200195,True
lap_0096_throttle_01,C:\Users\admin\Desktop\Summer Projects\F1\F1-Optimized-Cornering-Project\Data\image-data\session-10\throttle\Lap_12_Throttle hit_1.png,Data/image-data/session-10/throttle/Lap_12_Throttle hit_1.png,optimal_laps,0,96,10,12,old_sponsor,throttle,1,../Data/image-data/session-10/throttle/Lap_12_Throttle hit_1.png,True,28053,28.053,1.030689001083374,2.7161760330200195,True
lap_0096_throttle_02,C:\Users\admin\Desktop\Summer Projects\F1\F1-Optimized-Cornering-Project\Data\image-data\session-10\throttle\Lap_12_Throttle hit_2.png,Data/image-data/session-10/throttle/Lap_12_Throttle hit_2.png,optimal_laps,0,96,10,12,old_sponsor,throttle,2,../Data/image-data/session-10/throttle/Lap_12_Throttle hit_2.png,True,28053,28.053,1.030689001083374,2.7161760330200195,True
lap_0097_brake_01,C:\Users\admin\Desktop\Summer Projects\F1\F1-Optimized-Cornering-Project\Data\image-data\session-10\brake\Lap_13_Brake hit_1.png,Data/image-data/session-10/brake/Lap_13_Brake hit_1.png,standard_laps,1,97,10,13,old_sponsor,brake,1,../Data/image-data/session-10/brake/Lap_13_Brake hit_1.png,True,28439,28.439,1.5264620780944824,1.9940736293792725,True
lap_0097_brake_02,C:\Users\admin\Desktop\Summer Projects\F1\F1-Optimized-Cornering-Project\Data\image-data\session-10\brake\Lap_13_Brake hit_2.png,Data/image-data/session-10/brake/Lap_13_Brake hit_2.png,standard_laps,1,97,10,13,old_sponsor,brake,2,../Data/image-data/session-10/brake/Lap_13_Brake hit_2.png,True,28439,28.439,1.5264620780944824,1.9940736293792725,True
lap_0097_throttle_01,C:\Users\admin\Desktop\Summer Projects\F1\F1-Optimized-Cornering-Project\Data\image-data\session-10\throttle\Lap_13_Throttle hit_1.png,Data/image-data/session-10/throttle/Lap_13_Throttle hit_1.png,standard_laps,1,97,10,13,old_sponsor,throttle,1,../Data/image-data/session-10/throttle/Lap_13_Throttle hit_1.png,True,28439,28.439,1.5264620780944824,1.9940736293792725,True
lap_0097_throttle_02,C:\Users\admin\Desktop\Summer Projects\F1\F1-Optimized-Cornering-Project\Data\image-data\session-10\throttle\Lap_13_Throttle hit_2.png,Data/image-data/session-10/throttle/Lap_13_Throttle hit_2.png,standard_laps,1,97,10,13,old_sponsor,throttle,2,../Data/image-data/session-10/throttle/Lap_13_Throttle hit_2.png,True,28439,28.439,1.5264620780944824,1.9940736293792725,True
lap_0098_brake_01,C:\Users\admin\Desktop\Summer Projects\F1\F1-Optimized-Cornering-Project\Data\image-data\session-10\brake\Lap_14_Brake hit_1.png,Data/image-data/session-10/brake/Lap_14_Brake hit_1.png,standard_laps,1,98,10,14,old_sponsor,brake,1,../Data/image-data/session-10/brake/Lap_14_Brake hit_1.png,True,28401,28.401,1.6163814067840576,2.246284008026123,True
lap_0098_brake_02,C:\Users\admin\Desktop\Summer Projects\F1\F1-Optimized-Cornering-Project\Data\image-data\session-10\brake\Lap_14_Brake hit_2.png,Data/image-data/session-10/brake/Lap_14_Brake hit_2.png,standard_laps,1,98,10,14,old_sponsor,brake,2,../Data/image-data/session-10/brake/Lap_14_Brake hit_2.png,True,28401,28.401,1.6163814067840576,2.246284008026123,True
lap_0098_throttle_01,C:\Users\admin\Desktop\Summer Projects\F1\F1-Optimized-Cornering-Project\Data\image-data\session-10\throttle\Lap_14_Throttle hit_1.png,Data/image-data/session-10/throttle/Lap_14_Throttle hit_1.png,standard_laps,1,98,10,14,old_sponsor,throttle,1,../Data/image-data/session-10/throttle/Lap_14_Throttle hit_1.png,True,28401,28.401,1.6163814067840576,2.246284008026123,True
lap_0098_throttle_02,C:\Users\admin\Desktop\Summer Projects\F1\F1-Optimized-Cornering-Project\Data\image-data\session-10\throttle\Lap_14_Throttle hit_2.png,Data/image-data/session-10/throttle/Lap_14_Throttle hit_2.png,standard_laps,1,98,10,14,old_sponsor,throttle,2,../Data/image-data/session-10/throttle/Lap_14_Throttle hit_2.png,True,28401,28.401,1.6163814067840576,2.246284008026123,True
lap_0099_brake_01,C:\Users\admin\Desktop\Summer Projects\F1\F1-Optimized-Cornering-Project\Data\image-data\session-11\brake\Lap_1_Brake hit_1.png,Data/image-data/session-11/brake/Lap_1_Brake hit_1.png,standard_laps,1,99,11,1,old_sponsor,brake,1,../Data/image-data/session-11/brake/Lap_1_Brake hit_1.png,True,28407,28.407,1.0614550113677979,2.881826162338257,True
lap_0099_brake_02,C:\Users\admin\Desktop\Summer Projects\F1\F1-Optimized-Cornering-Project\Data\image-data\session-11\brake\Lap_1_Brake hit_2.png,Data/image-data/session-11/brake/Lap_1_Brake hit_2.png,standard_laps,1,99,11,1,old_sponsor,brake,2,../Data/image-data/session-11/brake/Lap_1_Brake hit_2.png,True,28407,28.407,1.0614550113677979,2.881826162338257,True
lap_0099_throttle_01,C:\Users\admin\Desktop\Summer Projects\F1\F1-Optimized-Cornering-Project\Data\image-data\session-11\throttle\Lap_1_Throttle hit_1.png,Data/image-data/session-11/throttle/Lap_1_Throttle hit_1.png,standard_laps,1,99,11,1,old_sponsor,throttle,1,../Data/image-data/session-11/throttle/Lap_1_Throttle hit_1.png,True,28407,28.407,1.0614550113677979,2.881826162338257,True
lap_0099_throttle_02,C:\Users\admin\Desktop\Summer Projects\F1\F1-Optimized-Cornering-Project\Data\image-data\session-11\throttle\Lap_1_Throttle hit_2.png,Data/image-data/session-11/throttle/Lap_1_Throttle hit_2.png,standard_laps,1,99,11,1,old_sponsor,throttle,2,../Data/image-data/session-11/throttle/Lap_1_Throttle hit_2.png,True,28407,28.407,1.0614550113677979,2.881826162338257,True
lap_0100_brake_01,C:\Users\admin\Desktop\Summer Projects\F1\F1-Optimized-Cornering-Project\Data\image-data\session-11\brake\Lap_2_Brake hit_1.png,Data/image-data/session-11/brake/Lap_2_Brake hit_1.png,sub_standard_laps,2,100,11,2,old_sponsor,brake,1,../Data/image-data/session-11/brake/Lap_2_Brake hit_1.png,True,28687,28.687,1.7636568546295166,2.6742584705352783,True
lap_0100_brake_02,C:\Users\admin\Desktop\Summer Projects\F1\F1-Optimized-Cornering-Project\Data\image-data\session-11\brake\Lap_2_Brake hit_2.png,Data/image-data/session-11/brake/Lap_2_Brake hit_2.png,sub_standard_laps,2,100,11,2,old_sponsor,brake,2,../Data/image-data/session-11/brake/Lap_2_Brake hit_2.png,True,28687,28.687,1.7636568546295166,2.6742584705352783,True
lap_0100_throttle_01,C:\Users\admin\Desktop\Summer Projects\F1\F1-Optimized-Cornering-Project\Data\image-data\session-11\throttle\Lap_2_Throttle hit_1.png,Data/image-data/session-11/throttle/Lap_2_Throttle hit_1.png,sub_standard_laps,2,100,11,2,old_sponsor,throttle,1,../Data/image-data/session-11/throttle/Lap_2_Throttle hit_1.png,True,28687,28.687,1.7636568546295166,2.6742584705352783,True
lap_0100_throttle_02,C:\Users\admin\Desktop\Summer Projects\F1\F1-Optimized-Cornering-Project\Data\image-data\session-11\throttle\Lap_2_Throttle hit_2.png,Data/image-data/session-11/throttle/Lap_2_Throttle hit_2.png,sub_standard_laps,2,100,11,2,old_sponsor,throttle,2,../Data/image-data/session-11/throttle/Lap_2_Throttle hit_2.png,True,28687,28.687,1.7636568546295166,2.6742584705352783,True
lap_0102_brake_01,C:\Users\admin\Desktop\Summer Projects\F1\F1-Optimized-Cornering-Project\Data\image-data\session-11\brake\Lap_4_Brake hit_1.png,Data/image-data/session-11/brake/Lap_4_Brake hit_1.png,standard_laps,1,102,11,4,old_sponsor,brake,1,../Data/image-data/session-11/brake/Lap_4_Brake hit_1.png,True,28105,28.105,1.5302379131317139,2.532409429550171,True
lap_0102_brake_02,C:\Users\admin\Desktop\Summer Projects\F1\F1-Optimized-Cornering-Project\Data\image-data\session-11\brake\Lap_4_Brake hit_2.png,Data/image-data/session-11/brake/Lap_4_Brake hit_2.png,standard_laps,1,102,11,4,old_sponsor,brake,2,../Data/image-data/session-11/brake/Lap_4_Brake hit_2.png,True,28105,28.105,1.5302379131317139,2.532409429550171,True
lap_0102_throttle_01,C:\Users\admin\Desktop\Summer Projects\F1\F1-Optimized-Cornering-Project\Data\image-data\session-11\throttle\Lap_4_Throttle hit_1.png,Data/image-data/session-11/throttle/Lap_4_Throttle hit_1.png,standard_laps,1,102,11,4,old_sponsor,throttle,1,../Data/image-data/session-11/throttle/Lap_4_Throttle hit_1.png,True,28105,28.105,1.5302379131317139,2.532409429550171,True
lap_0102_throttle_02,C:\Users\admin\Desktop\Summer Projects\F1\F1-Optimized-Cornering-Project\Data\image-data\session-11\throttle\Lap_4_Throttle hit_2.png,Data/image-data/session-11/throttle/Lap_4_Throttle hit_2.png,standard_laps,1,102,11,4,old_sponsor,throttle,2,../Data/image-data/session-11/throttle/Lap_4_Throttle hit_2.png,True,28105,28.105,1.5302379131317139,2.532409429550171,True
lap_0104_brake_01,C:\Users\admin\Desktop\Summer Projects\F1\F1-Optimized-Cornering-Project\Data\image-data\session-11\brake\Lap_6_Brake hit_1.png,Data/image-data/session-11/brake/Lap_6_Brake hit_1.png,sub_standard_laps,2,104,11,6,old_sponsor,brake,1,../Data/image-data/session-11/brake/Lap_6_Brake hit_1.png,True,28625,28.625,1.137732744216919,2.716409683227539,True
lap_0104_brake_02,C:\Users\admin\Desktop\Summer Projects\F1\F1-Optimized-Cornering-Project\Data\image-data\session-11\brake\Lap_6_Brake hit_2.png,Data/image-data/session-11/brake/Lap_6_Brake hit_2.png,sub_standard_laps,2,104,11,6,old_sponsor,brake,2,../Data/image-data/session-11/brake/Lap_6_Brake hit_2.png,True,28625,28.625,1.137732744216919,2.716409683227539,True
lap_0104_throttle_01,C:\Users\admin\Desktop\Summer Projects\F1\F1-Optimized-Cornering-Project\Data\image-data\session-11\throttle\Lap_6_Throttle hit_1.png,Data/image-data/session-11/throttle/Lap_6_Throttle hit_1.png,sub_standard_laps,2,104,11,6,old_sponsor,throttle,1,../Data/image-data/session-11/throttle/Lap_6_Throttle hit_1.png,True,28625,28.625,1.137732744216919,2.716409683227539,True
lap_0104_throttle_02,C:\Users\admin\Desktop\Summer Projects\F1\F1-Optimized-Cornering-Project\Data\image-data\session-11\throttle\Lap_6_Throttle hit_2.png,Data/image-data/session-11/throttle/Lap_6_Throttle hit_2.png,sub_standard_laps,2,104,11,6,old_sponsor,throttle,2,../Data/image-data/session-11/throttle/Lap_6_Throttle hit_2.png,True,28625,28.625,1.137732744216919,2.716409683227539,True
lap_0105_brake_01,C:\Users\admin\Desktop\Summer Projects\F1\F1-Optimized-Cornering-Project\Data\image-data\session-12\brake\Lap_1_Brake hit_1.png,Data/image-data/session-12/brake/Lap_1_Brake hit_1.png,standard_laps,1,105,12,1,old_sponsor,brake,1,../Data/image-data/session-12/brake/Lap_1_Brake hit_1.png,True,28282,28.282,1.4306564331054688,2.541292428970337,True
lap_0105_brake_02,C:\Users\admin\Desktop\Summer Projects\F1\F1-Optimized-Cornering-Project\Data\image-data\session-12\brake\Lap_1_Brake hit_2.png,Data/image-data/session-12/brake/Lap_1_Brake hit_2.png,standard_laps,1,105,12,1,old_sponsor,brake,2,../Data/image-data/session-12/brake/Lap_1_Brake hit_2.png,True,28282,28.282,1.4306564331054688,2.541292428970337,True
lap_0105_throttle_01,C:\Users\admin\Desktop\Summer Projects\F1\F1-Optimized-Cornering-Project\Data\image-data\session-12\throttle\Lap_1_Throttle hit_1.png,Data/image-data/session-12/throttle/Lap_1_Throttle hit_1.png,standard_laps,1,105,12,1,old_sponsor,throttle,1,../Data/image-data/session-12/throttle/Lap_1_Throttle hit_1.png,True,28282,28.282,1.4306564331054688,2.541292428970337,True
lap_0105_throttle_02,C:\Users\admin\Desktop\Summer Projects\F1\F1-Optimized-Cornering-Project\Data\image-data\session-12\throttle\Lap_1_Throttle hit_2.png,Data/image-data/session-12/throttle/Lap_1_Throttle hit_2.png,standard_laps,1,105,12,1,old_sponsor,throttle,2,../Data/image-data/session-12/throttle/Lap_1_Throttle hit_2.png,True,28282,28.282,1.4306564331054688,2.541292428970337,True
lap_0107_brake_01,C:\Users\admin\Desktop\Summer Projects\F1\F1-Optimized-Cornering-Project\Data\image-data\session-12\brake\Lap_3_Brake hit_1.png,Data/image-data/session-12/brake/Lap_3_Brake hit_1.png,standard_laps,1,107,12,3,old_sponsor,brake,1,../Data/image-data/session-12/brake/Lap_3_Brake hit_1.png,True,28336,28.336,1.378577470779419,2.3861327171325684,True
lap_0107_brake_02,C:\Users\admin\Desktop\Summer Projects\F1\F1-Optimized-Cornering-Project\Data\image-data\session-12\brake\Lap_3_Brake hit_2.png,Data/image-data/session-12/brake/Lap_3_Brake hit_2.png,standard_laps,1,107,12,3,old_sponsor,brake,2,../Data/image-data/session-12/brake/Lap_3_Brake hit_2.png,True,28336,28.336,1.378577470779419,2.3861327171325684,True
lap_0107_throttle_01,C:\Users\admin\Desktop\Summer Projects\F1\F1-Optimized-Cornering-Project\Data\image-data\session-12\throttle\Lap_3_Throttle hit_1.png,Data/image-data/session-12/throttle/Lap_3_Throttle hit_1.png,standard_laps,1,107,12,3,old_sponsor,throttle,1,../Data/image-data/session-12/throttle/Lap_3_Throttle hit_1.png,True,28336,28.336,1.378577470779419,2.3861327171325684,True
lap_0107_throttle_02,C:\Users\admin\Desktop\Summer Projects\F1\F1-Optimized-Cornering-Project\Data\image-data\session-12\throttle\Lap_3_Throttle hit_2.png,Data/image-data/session-12/throttle/Lap_3_Throttle hit_2.png,standard_laps,1,107,12,3,old_sponsor,throttle,2,../Data/image-data/session-12/throttle/Lap_3_Throttle hit_2.png,True,28336,28.336,1.378577470779419,2.3861327171325684,True
lap_0108_brake_01,C:\Users\admin\Desktop\Summer Projects\F1\F1-Optimized-Cornering-Project\Data\image-data\session-12\brake\Lap_4_Brake hit_1.png,Data/image-data/session-12/brake/Lap_4_Brake hit_1.png,standard_laps,1,108,12,4,old_sponsor,brake,1,../Data/image-data/session-12/brake/Lap_4_Brake hit_1.png,True,28228,28.228,1.0863780975341797,2.395291328430176,True
lap_0108_brake_02,C:\Users\admin\Desktop\Summer Projects\F1\F1-Optimized-Cornering-Project\Data\image-data\session-12\brake\Lap_4_Brake hit_2.png,Data/image-data/session-12/brake/Lap_4_Brake hit_2.png,standard_laps,1,108,12,4,old_sponsor,brake,2,../Data/image-data/session-12/brake/Lap_4_Brake hit_2.png,True,28228,28.228,1.0863780975341797,2.395291328430176,True
lap_0108_throttle_01,C:\Users\admin\Desktop\Summer Projects\F1\F1-Optimized-Cornering-Project\Data\image-data\session-12\throttle\Lap_4_Throttle hit_1.png,Data/image-data/session-12/throttle/Lap_4_Throttle hit_1.png,standard_laps,1,108,12,4,old_sponsor,throttle,1,../Data/image-data/session-12/throttle/Lap_4_Throttle hit_1.png,True,28228,28.228,1.0863780975341797,2.395291328430176,True
lap_0108_throttle_02,C:\Users\admin\Desktop\Summer Projects\F1\F1-Optimized-Cornering-Project\Data\image-data\session-12\throttle\Lap_4_Throttle hit_2.png,Data/image-data/session-12/throttle/Lap_4_Throttle hit_2.png,standard_laps,1,108,12,4,old_sponsor,throttle,2,../Data/image-data/session-12/throttle/Lap_4_Throttle hit_2.png,True,28228,28.228,1.0863780975341797,2.395291328430176,True
lap_0109_brake_01,C:\Users\admin\Desktop\Summer Projects\F1\F1-Optimized-Cornering-Project\Data\image-data\session-12\brake\Lap_5_Brake hit_1.png,Data/image-data/session-12/brake/Lap_5_Brake hit_1.png,sub_standard_laps,2,109,12,5,old_sponsor,brake,1,../Data/image-data/session-12/brake/Lap_5_Brake hit_1.png,True,28897,28.897,1.7046334743499756,2.3451573848724365,True
lap_0109_brake_02,C:\Users\admin\Desktop\Summer Projects\F1\F1-Optimized-Cornering-Project\Data\image-data\session-12\brake\Lap_5_Brake hit_2.png,Data/image-data/session-12/brake/Lap_5_Brake hit_2.png,sub_standard_laps,2,109,12,5,old_sponsor,brake,2,../Data/image-data/session-12/brake/Lap_5_Brake hit_2.png,True,28897,28.897,1.7046334743499756,2.3451573848724365,True
lap_0109_throttle_01,C:\Users\admin\Desktop\Summer Projects\F1\F1-Optimized-Cornering-Project\Data\image-data\session-12\throttle\Lap_5_Throttle hit_1.png,Data/image-data/session-12/throttle/Lap_5_Throttle hit_1.png,sub_standard_laps,2,109,12,5,old_sponsor,throttle,1,../Data/image-data/session-12/throttle/Lap_5_Throttle hit_1.png,True,28897,28.897,1.7046334743499756,2.3451573848724365,True
lap_0109_throttle_02,C:\Users\admin\Desktop\Summer Projects\F1\F1-Optimized-Cornering-Project\Data\image-data\session-12\throttle\Lap_5_Throttle hit_2.png,Data/image-data/session-12/throttle/Lap_5_Throttle hit_2.png,sub_standard_laps,2,109,12,5,old_sponsor,throttle,2,../Data/image-data/session-12/throttle/Lap_5_Throttle hit_2.png,True,28897,28.897,1.7046334743499756,2.3451573848724365,True
lap_0110_brake_01,C:\Users\admin\Desktop\Summer Projects\F1\F1-Optimized-Cornering-Project\Data\image-data\session-12\brake\Lap_6_Brake hit_1.png,Data/image-data/session-12/brake/Lap_6_Brake hit_1.png,optimal_laps,0,110,12,6,old_sponsor,brake,1,../Data/image-data/session-12/brake/Lap_6_Brake hit_1.png,True,27971,27.971,1.100811243057251,2.4422802925109863,True
lap_0110_brake_02,C:\Users\admin\Desktop\Summer Projects\F1\F1-Optimized-Cornering-Project\Data\image-data\session-12\brake\Lap_6_Brake hit_2.png,Data/image-data/session-12/brake/Lap_6_Brake hit_2.png,optimal_laps,0,110,12,6,old_sponsor,brake,2,../Data/image-data/session-12/brake/Lap_6_Brake hit_2.png,True,27971,27.971,1.100811243057251,2.4422802925109863,True
lap_0110_throttle_01,C:\Users\admin\Desktop\Summer Projects\F1\F1-Optimized-Cornering-Project\Data\image-data\session-12\throttle\Lap_6_Throttle hit_1.png,Data/image-data/session-12/throttle/Lap_6_Throttle hit_1.png,optimal_laps,0,110,12,6,old_sponsor,throttle,1,../Data/image-data/session-12/throttle/Lap_6_Throttle hit_1.png,True,27971,27.971,1.100811243057251,2.4422802925109863,True
lap_0110_throttle_02,C:\Users\admin\Desktop\Summer Projects\F1\F1-Optimized-Cornering-Project\Data\image-data\session-12\throttle\Lap_6_Throttle hit_2.png,Data/image-data/session-12/throttle/Lap_6_Throttle hit_2.png,optimal_laps,0,110,12,6,old_sponsor,throttle,2,../Data/image-data/session-12/throttle/Lap_6_Throttle hit_2.png,True,27971,27.971,1.100811243057251,2.4422802925109863,True
lap_0112_brake_01,C:\Users\admin\Desktop\Summer Projects\F1\F1-Optimized-Cornering-Project\Data\image-data\session-12\brake\Lap_8_Brake hit_1.png,Data/image-data/session-12/brake/Lap_8_Brake hit_1.png,standard_laps,1,112,12,8,old_sponsor,brake,1,../Data/image-data/session-12/brake/Lap_8_Brake hit_1.png,True,28432,28.432,1.529008388519287,2.4358537197113037,True
lap_0112_brake_02,C:\Users\admin\Desktop\Summer Projects\F1\F1-Optimized-Cornering-Project\Data\image-data\session-12\brake\Lap_8_Brake hit_2.png,Data/image-data/session-12/brake/Lap_8_Brake hit_2.png,standard_laps,1,112,12,8,old_sponsor,brake,2,../Data/image-data/session-12/brake/Lap_8_Brake hit_2.png,True,28432,28.432,1.529008388519287,2.4358537197113037,True
lap_0112_throttle_01,C:\Users\admin\Desktop\Summer Projects\F1\F1-Optimized-Cornering-Project\Data\image-data\session-12\throttle\Lap_8_Throttle hit_1.png,Data/image-data/session-12/throttle/Lap_8_Throttle hit_1.png,standard_laps,1,112,12,8,old_sponsor,throttle,1,../Data/image-data/session-12/throttle/Lap_8_Throttle hit_1.png,True,28432,28.432,1.529008388519287,2.4358537197113037,True
lap_0112_throttle_02,C:\Users\admin\Desktop\Summer Projects\F1\F1-Optimized-Cornering-Project\Data\image-data\session-12\throttle\Lap_8_Throttle hit_2.png,Data/image-data/session-12/throttle/Lap_8_Throttle hit_2.png,standard_laps,1,112,12,8,old_sponsor,throttle,2,../Data/image-data/session-12/throttle/Lap_8_Throttle hit_2.png,True,28432,28.432,1.529008388519287,2.4358537197113037,True
lap_0113_brake_01,C:\Users\admin\Desktop\Summer Projects\F1\F1-Optimized-Cornering-Project\Data\image-data\session-12\brake\Lap_9_Brake hit_1.png,Data/image-data/session-12/brake/Lap_9_Brake hit_1.png,standard_laps,1,113,12,9,old_sponsor,brake,1,../Data/image-data/session-12/brake/Lap_9_Brake hit_1.png,True,28294,28.294,1.3910863399505615,2.345015048980713,True
lap_0113_brake_02,C:\Users\admin\Desktop\Summer Projects\F1\F1-Optimized-Cornering-Project\Data\image-data\session-12\brake\Lap_9_Brake hit_2.png,Data/image-data/session-12/brake/Lap_9_Brake hit_2.png,standard_laps,1,113,12,9,old_sponsor,brake,2,../Data/image-data/session-12/brake/Lap_9_Brake hit_2.png,True,28294,28.294,1.3910863399505615,2.345015048980713,True
lap_0113_throttle_01,C:\Users\admin\Desktop\Summer Projects\F1\F1-Optimized-Cornering-Project\Data\image-data\session-12\throttle\Lap_9_Throttle hit_1.png,Data/image-data/session-12/throttle/Lap_9_Throttle hit_1.png,standard_laps,1,113,12,9,old_sponsor,throttle,1,../Data/image-data/session-12/throttle/Lap_9_Throttle hit_1.png,True,28294,28.294,1.3910863399505615,2.345015048980713,True
lap_0113_throttle_02,C:\Users\admin\Desktop\Summer Projects\F1\F1-Optimized-Cornering-Project\Data\image-data\session-12\throttle\Lap_9_Throttle hit_2.png,Data/image-data/session-12/throttle/Lap_9_Throttle hit_2.png,standard_laps,1,113,12,9,old_sponsor,throttle,2,../Data/image-data/session-12/throttle/Lap_9_Throttle hit_2.png,True,28294,28.294,1.3910863399505615,2.345015048980713,True
lap_0114_brake_01,C:\Users\admin\Desktop\Summer Projects\F1\F1-Optimized-Cornering-Project\Data\image-data\session-12\brake\Lap_10_Brake hit_1.png,Data/image-data/session-12/brake/Lap_10_Brake hit_1.png,optimal_laps,0,114,12,10,old_sponsor,brake,1,../Data/image-data/session-12/brake/Lap_10_Brake hit_1.png,True,27954,27.954,1.5470032691955566,2.1123170852661133,True
lap_0114_brake_02,C:\Users\admin\Desktop\Summer Projects\F1\F1-Optimized-Cornering-Project\Data\image-data\session-12\brake\Lap_10_Brake hit_2.png,Data/image-data/session-12/brake/Lap_10_Brake hit_2.png,optimal_laps,0,114,12,10,old_sponsor,brake,2,../Data/image-data/session-12/brake/Lap_10_Brake hit_2.png,True,27954,27.954,1.5470032691955566,2.1123170852661133,True
lap_0114_throttle_01,C:\Users\admin\Desktop\Summer Projects\F1\F1-Optimized-Cornering-Project\Data\image-data\session-12\throttle\Lap_10_Throttle hit_1.png,Data/image-data/session-12/throttle/Lap_10_Throttle hit_1.png,optimal_laps,0,114,12,10,old_sponsor,throttle,1,../Data/image-data/session-12/throttle/Lap_10_Throttle hit_1.png,True,27954,27.954,1.5470032691955566,2.1123170852661133,True
lap_0114_throttle_02,C:\Users\admin\Desktop\Summer Projects\F1\F1-Optimized-Cornering-Project\Data\image-data\session-12\throttle\Lap_10_Throttle hit_2.png,Data/image-data/session-12/throttle/Lap_10_Throttle hit_2.png,optimal_laps,0,114,12,10,old_sponsor,throttle,2,../Data/image-data/session-12/throttle/Lap_10_Throttle hit_2.png,True,27954,27.954,1.5470032691955566,2.1123170852661133,True
lap_0115_brake_01,C:\Users\admin\Desktop\Summer Projects\F1\F1-Optimized-Cornering-Project\Data\image-data\session-13\brake\Lap_1_Brake hit_1.png,Data/image-data/session-13/brake/Lap_1_Brake hit_1.png,sub_standard_laps,2,115,13,1,old_sponsor,brake,1,../Data/image-data/session-13/brake/Lap_1_Brake hit_1.png,True,29143,29.143,2.0748109817504883,2.171182870864868,True
lap_0115_brake_02,C:\Users\admin\Desktop\Summer Projects\F1\F1-Optimized-Cornering-Project\Data\image-data\session-13\brake\Lap_1_Brake hit_2.png,Data/image-data/session-13/brake/Lap_1_Brake hit_2.png,sub_standard_laps,2,115,13,1,old_sponsor,brake,2,../Data/image-data/session-13/brake/Lap_1_Brake hit_2.png,True,29143,29.143,2.0748109817504883,2.171182870864868,True
lap_0115_throttle_01,C:\Users\admin\Desktop\Summer Projects\F1\F1-Optimized-Cornering-Project\Data\image-data\session-13\throttle\Lap_1_Throttle hit_1.png,Data/image-data/session-13/throttle/Lap_1_Throttle hit_1.png,sub_standard_laps,2,115,13,1,old_sponsor,throttle,1,../Data/image-data/session-13/throttle/Lap_1_Throttle hit_1.png,True,29143,29.143,2.0748109817504883,2.171182870864868,True
lap_0115_throttle_02,C:\Users\admin\Desktop\Summer Projects\F1\F1-Optimized-Cornering-Project\Data\image-data\session-13\throttle\Lap_1_Throttle hit_2.png,Data/image-data/session-13/throttle/Lap_1_Throttle hit_2.png,sub_standard_laps,2,115,13,1,old_sponsor,throttle,2,../Data/image-data/session-13/throttle/Lap_1_Throttle hit_2.png,True,29143,29.143,2.0748109817504883,2.171182870864868,True
lap_0116_brake_01,C:\Users\admin\Desktop\Summer Projects\F1\F1-Optimized-Cornering-Project\Data\image-data\session-13\brake\Lap_2_Brake hit_1.png,Data/image-data/session-13/brake/Lap_2_Brake hit_1.png,optimal_laps,0,116,13,2,old_sponsor,brake,1,../Data/image-data/session-13/brake/Lap_2_Brake hit_1.png,True,28021,28.021,1.1826441287994385,2.2147839069366455,True
lap_0116_brake_02,C:\Users\admin\Desktop\Summer Projects\F1\F1-Optimized-Cornering-Project\Data\image-data\session-13\brake\Lap_2_Brake hit_2.png,Data/image-data/session-13/brake/Lap_2_Brake hit_2.png,optimal_laps,0,116,13,2,old_sponsor,brake,2,../Data/image-data/session-13/brake/Lap_2_Brake hit_2.png,True,28021,28.021,1.1826441287994385,2.2147839069366455,True
lap_0116_throttle_01,C:\Users\admin\Desktop\Summer Projects\F1\F1-Optimized-Cornering-Project\Data\image-data\session-13\throttle\Lap_2_Throttle hit_1.png,Data/image-data/session-13/throttle/Lap_2_Throttle hit_1.png,optimal_laps,0,116,13,2,old_sponsor,throttle,1,../Data/image-data/session-13/throttle/Lap_2_Throttle hit_1.png,True,28021,28.021,1.1826441287994385,2.2147839069366455,True
lap_0116_throttle_02,C:\Users\admin\Desktop\Summer Projects\F1\F1-Optimized-Cornering-Project\Data\image-data\session-13\throttle\Lap_2_Throttle hit_2.png,Data/image-data/session-13/throttle/Lap_2_Throttle hit_2.png,optimal_laps,0,116,13,2,old_sponsor,throttle,2,../Data/image-data/session-13/throttle/Lap_2_Throttle hit_2.png,True,28021,28.021,1.1826441287994385,2.2147839069366455,True
lap_0117_brake_01,C:\Users\admin\Desktop\Summer Projects\F1\F1-Optimized-Cornering-Project\Data\image-data\session-13\brake\Lap_3_Brake hit_1.png,Data/image-data/session-13/brake/Lap_3_Brake hit_1.png,sub_standard_laps,2,117,13,3,old_sponsor,brake,1,../Data/image-data/session-13/brake/Lap_3_Brake hit_1.png,True,29015,29.015,1.6333818435668945,2.8785462379455566,True
lap_0117_brake_02,C:\Users\admin\Desktop\Summer Projects\F1\F1-Optimized-Cornering-Project\Data\image-data\session-13\brake\Lap_3_Brake hit_2.png,Data/image-data/session-13/brake/Lap_3_Brake hit_2.png,sub_standard_laps,2,117,13,3,old_sponsor,brake,2,../Data/image-data/session-13/brake/Lap_3_Brake hit_2.png,True,29015,29.015,1.6333818435668945,2.8785462379455566,True
lap_0117_throttle_01,C:\Users\admin\Desktop\Summer Projects\F1\F1-Optimized-Cornering-Project\Data\image-data\session-13\throttle\Lap_3_Throttle hit_1.png,Data/image-data/session-13/throttle/Lap_3_Throttle hit_1.png,sub_standard_laps,2,117,13,3,old_sponsor,throttle,1,../Data/image-data/session-13/throttle/Lap_3_Throttle hit_1.png,True,29015,29.015,1.6333818435668945,2.8785462379455566,True
lap_0117_throttle_02,C:\Users\admin\Desktop\Summer Projects\F1\F1-Optimized-Cornering-Project\Data\image-data\session-13\throttle\Lap_3_Throttle hit_2.png,Data/image-data/session-13/throttle/Lap_3_Throttle hit_2.png,sub_standard_laps,2,117,13,3,old_sponsor,throttle,2,../Data/image-data/session-13/throttle/Lap_3_Throttle hit_2.png,True,29015,29.015,1.6333818435668945,2.8785462379455566,True
lap_0118_brake_01,C:\Users\admin\Desktop\Summer Projects\F1\F1-Optimized-Cornering-Project\Data\image-data\session-13\brake\Lap_4_Brake hit_1.png,Data/image-data/session-13/brake/Lap_4_Brake hit_1.png,optimal_laps,0,118,13,4,old_sponsor,brake,1,../Data/image-data/session-13/brake/Lap_4_Brake hit_1.png,True,28051,28.051,1.0624206066131592,2.3667945861816406,True
lap_0118_brake_02,C:\Users\admin\Desktop\Summer Projects\F1\F1-Optimized-Cornering-Project\Data\image-data\session-13\brake\Lap_4_Brake hit_2.png,Data/image-data/session-13/brake/Lap_4_Brake hit_2.png,optimal_laps,0,118,13,4,old_sponsor,brake,2,../Data/image-data/session-13/brake/Lap_4_Brake hit_2.png,True,28051,28.051,1.0624206066131592,2.3667945861816406,True
lap_0118_throttle_01,C:\Users\admin\Desktop\Summer Projects\F1\F1-Optimized-Cornering-Project\Data\image-data\session-13\throttle\Lap_4_Throttle hit_1.png,Data/image-data/session-13/throttle/Lap_4_Throttle hit_1.png,optimal_laps,0,118,13,4,old_sponsor,throttle,1,../Data/image-data/session-13/throttle/Lap_4_Throttle hit_1.png,True,28051,28.051,1.0624206066131592,2.3667945861816406,True
lap_0118_throttle_02,C:\Users\admin\Desktop\Summer Projects\F1\F1-Optimized-Cornering-Project\Data\image-data\session-13\throttle\Lap_4_Throttle hit_2.png,Data/image-data/session-13/throttle/Lap_4_Throttle hit_2.png,optimal_laps,0,118,13,4,old_sponsor,throttle,2,../Data/image-data/session-13/throttle/Lap_4_Throttle hit_2.png,True,28051,28.051,1.0624206066131592,2.3667945861816406,True
lap_0119_brake_01,C:\Users\admin\Desktop\Summer Projects\F1\F1-Optimized-Cornering-Project\Data\image-data\session-13\brake\Lap_5_Brake hit_1.png,Data/image-data/session-13/brake/Lap_5_Brake hit_1.png,standard_laps,1,119,13,5,old_sponsor,brake,1,../Data/image-data/session-13/brake/Lap_5_Brake hit_1.png,True,28150,28.15,1.1936335563659668,2.2159438133239746,True
lap_0119_brake_02,C:\Users\admin\Desktop\Summer Projects\F1\F1-Optimized-Cornering-Project\Data\image-data\session-13\brake\Lap_5_Brake hit_2.png,Data/image-data/session-13/brake/Lap_5_Brake hit_2.png,standard_laps,1,119,13,5,old_sponsor,brake,2,../Data/image-data/session-13/brake/Lap_5_Brake hit_2.png,True,28150,28.15,1.1936335563659668,2.2159438133239746,True
lap_0119_throttle_01,C:\Users\admin\Desktop\Summer Projects\F1\F1-Optimized-Cornering-Project\Data\image-data\session-13\throttle\Lap_5_Throttle hit_1.png,Data/image-data/session-13/throttle/Lap_5_Throttle hit_1.png,standard_laps,1,119,13,5,old_sponsor,throttle,1,../Data/image-data/session-13/throttle/Lap_5_Throttle hit_1.png,True,28150,28.15,1.1936335563659668,2.2159438133239746,True
lap_0119_throttle_02,C:\Users\admin\Desktop\Summer Projects\F1\F1-Optimized-Cornering-Project\Data\image-data\session-13\throttle\Lap_5_Throttle hit_2.png,Data/image-data/session-13/throttle/Lap_5_Throttle hit_2.png,standard_laps,1,119,13,5,old_sponsor,throttle,2,../Data/image-data/session-13/throttle/Lap_5_Throttle hit_2.png,True,28150,28.15,1.1936335563659668,2.2159438133239746,True
lap_0121_brake_01,C:\Users\admin\Desktop\Summer Projects\F1\F1-Optimized-Cornering-Project\Data\image-data\session-14\brake\Lap_1_Brake hit_1.png,Data/image-data/session-14/brake/Lap_1_Brake hit_1.png,standard_laps,1,121,14,1,old_sponsor,brake,1,../Data/image-data/session-14/brake/Lap_1_Brake hit_1.png,True,28393,28.393,1.576850175857544,2.273770332336426,True
lap_0121_brake_02,C:\Users\admin\Desktop\Summer Projects\F1\F1-Optimized-Cornering-Project\Data\image-data\session-14\brake\Lap_1_Brake hit_2.png,Data/image-data/session-14/brake/Lap_1_Brake hit_2.png,standard_laps,1,121,14,1,old_sponsor,brake,2,../Data/image-data/session-14/brake/Lap_1_Brake hit_2.png,True,28393,28.393,1.576850175857544,2.273770332336426,True
lap_0121_throttle_01,C:\Users\admin\Desktop\Summer Projects\F1\F1-Optimized-Cornering-Project\Data\image-data\session-14\throttle\Lap_1_Throttle hit_1.png,Data/image-data/session-14/throttle/Lap_1_Throttle hit_1.png,standard_laps,1,121,14,1,old_sponsor,throttle,1,../Data/image-data/session-14/throttle/Lap_1_Throttle hit_1.png,True,28393,28.393,1.576850175857544,2.273770332336426,True
lap_0121_throttle_02,C:\Users\admin\Desktop\Summer Projects\F1\F1-Optimized-Cornering-Project\Data\image-data\session-14\throttle\Lap_1_Throttle hit_2.png,Data/image-data/session-14/throttle/Lap_1_Throttle hit_2.png,standard_laps,1,121,14,1,old_sponsor,throttle,2,../Data/image-data/session-14/throttle/Lap_1_Throttle hit_2.png,True,28393,28.393,1.576850175857544,2.273770332336426,True
lap_0122_brake_01,C:\Users\admin\Desktop\Summer Projects\F1\F1-Optimized-Cornering-Project\Data\image-data\session-14\brake\Lap_2_Brake hit_1.png,Data/image-data/session-14/brake/Lap_2_Brake hit_1.png,optimal_laps,0,122,14,2,old_sponsor,brake,1,../Data/image-data/session-14/brake/Lap_2_Brake hit_1.png,True,27850,27.85,1.14101243019104,2.1484947204589844,True
lap_0122_brake_02,C:\Users\admin\Desktop\Summer Projects\F1\F1-Optimized-Cornering-Project\Data\image-data\session-14\brake\Lap_2_Brake hit_2.png,Data/image-data/session-14/brake/Lap_2_Brake hit_2.png,optimal_laps,0,122,14,2,old_sponsor,brake,2,../Data/image-data/session-14/brake/Lap_2_Brake hit_2.png,True,27850,27.85,1.14101243019104,2.1484947204589844,True
lap_0122_throttle_01,C:\Users\admin\Desktop\Summer Projects\F1\F1-Optimized-Cornering-Project\Data\image-data\session-14\throttle\Lap_2_Throttle hit_1.png,Data/image-data/session-14/throttle/Lap_2_Throttle hit_1.png,optimal_laps,0,122,14,2,old_sponsor,throttle,1,../Data/image-data/session-14/throttle/Lap_2_Throttle hit_1.png,True,27850,27.85,1.14101243019104,2.1484947204589844,True
lap_0122_throttle_02,C:\Users\admin\Desktop\Summer Projects\F1\F1-Optimized-Cornering-Project\Data\image-data\session-14\throttle\Lap_2_Throttle hit_2.png,Data/image-data/session-14/throttle/Lap_2_Throttle hit_2.png,optimal_laps,0,122,14,2,old_sponsor,throttle,2,../Data/image-data/session-14/throttle/Lap_2_Throttle hit_2.png,True,27850,27.85,1.14101243019104,2.1484947204589844,True
lap_0125_brake_01,C:\Users\admin\Desktop\Summer Projects\F1\F1-Optimized-Cornering-Project\Data\image-data\session-14\brake\Lap_5_Brake hit_1.png,Data/image-data/session-14/brake/Lap_5_Brake hit_1.png,standard_laps,1,125,14,5,old_sponsor,brake,1,../Data/image-data/session-14/brake/Lap_5_Brake hit_1.png,True,28146,28.146,1.3300001621246338,2.503305435180664,True
lap_0125_brake_02,C:\Users\admin\Desktop\Summer Projects\F1\F1-Optimized-Cornering-Project\Data\image-data\session-14\brake\Lap_5_Brake hit_2.png,Data/image-data/session-14/brake/Lap_5_Brake hit_2.png,standard_laps,1,125,14,5,old_sponsor,brake,2,../Data/image-data/session-14/brake/Lap_5_Brake hit_2.png,True,28146,28.146,1.3300001621246338,2.503305435180664,True
lap_0125_throttle_01,C:\Users\admin\Desktop\Summer Projects\F1\F1-Optimized-Cornering-Project\Data\image-data\session-14\throttle\Lap_5_Throttle hit_1.png,Data/image-data/session-14/throttle/Lap_5_Throttle hit_1.png,standard_laps,1,125,14,5,old_sponsor,throttle,1,../Data/image-data/session-14/throttle/Lap_5_Throttle hit_1.png,True,28146,28.146,1.3300001621246338,2.503305435180664,True
lap_0125_throttle_02,C:\Users\admin\Desktop\Summer Projects\F1\F1-Optimized-Cornering-Project\Data\image-data\session-14\throttle\Lap_5_Throttle hit_2.png,Data/image-data/session-14/throttle/Lap_5_Throttle hit_2.png,standard_laps,1,125,14,5,old_sponsor,throttle,2,../Data/image-data/session-14/throttle/Lap_5_Throttle hit_2.png,True,28146,28.146,1.3300001621246338,2.503305435180664,True
lap_0126_brake_01,C:\Users\admin\Desktop\Summer Projects\F1\F1-Optimized-Cornering-Project\Data\image-data\session-14\brake\Lap_6_Brake hit_1.png,Data/image-data/session-14/brake/Lap_6_Brake hit_1.png,optimal_laps,0,126,14,6,old_sponsor,brake,1,../Data/image-data/session-14/brake/Lap_6_Brake hit_1.png,True,27910,27.91,1.1693177223205566,2.464219331741333,True
lap_0126_brake_02,C:\Users\admin\Desktop\Summer Projects\F1\F1-Optimized-Cornering-Project\Data\image-data\session-14\brake\Lap_6_Brake hit_2.png,Data/image-data/session-14/brake/Lap_6_Brake hit_2.png,optimal_laps,0,126,14,6,old_sponsor,brake,2,../Data/image-data/session-14/brake/Lap_6_Brake hit_2.png,True,27910,27.91,1.1693177223205566,2.464219331741333,True
lap_0126_throttle_01,C:\Users\admin\Desktop\Summer Projects\F1\F1-Optimized-Cornering-Project\Data\image-data\session-14\throttle\Lap_6_Throttle hit_1.png,Data/image-data/session-14/throttle/Lap_6_Throttle hit_1.png,optimal_laps,0,126,14,6,old_sponsor,throttle,1,../Data/image-data/session-14/throttle/Lap_6_Throttle hit_1.png,True,27910,27.91,1.1693177223205566,2.464219331741333,True
lap_0126_throttle_02,C:\Users\admin\Desktop\Summer Projects\F1\F1-Optimized-Cornering-Project\Data\image-data\session-14\throttle\Lap_6_Throttle hit_2.png,Data/image-data/session-14/throttle/Lap_6_Throttle hit_2.png,optimal_laps,0,126,14,6,old_sponsor,throttle,2,../Data/image-data/session-14/throttle/Lap_6_Throttle hit_2.png,True,27910,27.91,1.1693177223205566,2.464219331741333,True
lap_0127_brake_01,C:\Users\admin\Desktop\Summer Projects\F1\F1-Optimized-Cornering-Project\Data\image-data\session-14\brake\Lap_7_Brake hit_1.png,Data/image-data/session-14/brake/Lap_7_Brake hit_1.png,optimal_laps,0,127,14,7,old_sponsor,brake,1,../Data/image-data/session-14/brake/Lap_7_Brake hit_1.png,True,28069,28.069,1.1325936317443848,1.8859882354736328,True
lap_0127_brake_02,C:\Users\admin\Desktop\Summer Projects\F1\F1-Optimized-Cornering-Project\Data\image-data\session-14\brake\Lap_7_Brake hit_2.png,Data/image-data/session-14/brake/Lap_7_Brake hit_2.png,optimal_laps,0,127,14,7,old_sponsor,brake,2,../Data/image-data/session-14/brake/Lap_7_Brake hit_2.png,True,28069,28.069,1.1325936317443848,1.8859882354736328,True
lap_0127_throttle_01,C:\Users\admin\Desktop\Summer Projects\F1\F1-Optimized-Cornering-Project\Data\image-data\session-14\throttle\Lap_7_Throttle hit_1.png,Data/image-data/session-14/throttle/Lap_7_Throttle hit_1.png,optimal_laps,0,127,14,7,old_sponsor,throttle,1,../Data/image-data/session-14/throttle/Lap_7_Throttle hit_1.png,True,28069,28.069,1.1325936317443848,1.8859882354736328,True
lap_0127_throttle_02,C:\Users\admin\Desktop\Summer Projects\F1\F1-Optimized-Cornering-Project\Data\image-data\session-14\throttle\Lap_7_Throttle hit_2.png,Data/image-data/session-14/throttle/Lap_7_Throttle hit_2.png,optimal_laps,0,127,14,7,old_sponsor,throttle,2,../Data/image-data/session-14/throttle/Lap_7_Throttle hit_2.png,True,28069,28.069,1.1325936317443848,1.8859882354736328,True
lap_0128_brake_01,C:\Users\admin\Desktop\Summer Projects\F1\F1-Optimized-Cornering-Project\Data\image-data\session-14\brake\Lap_8_Brake hit_1.png,Data/image-data/session-14/brake/Lap_8_Brake hit_1.png,optimal_laps,0,128,14,8,old_sponsor,brake,1,../Data/image-data/session-14/brake/Lap_8_Brake hit_1.png,True,27703,27.703,0.8788406848907471,2.4251792430877686,True
lap_0128_brake_02,C:\Users\admin\Desktop\Summer Projects\F1\F1-Optimized-Cornering-Project\Data\image-data\session-14\brake\Lap_8_Brake hit_2.png,Data/image-data/session-14/brake/Lap_8_Brake hit_2.png,optimal_laps,0,128,14,8,old_sponsor,brake,2,../Data/image-data/session-14/brake/Lap_8_Brake hit_2.png,True,27703,27.703,0.8788406848907471,2.4251792430877686,True
lap_0128_throttle_01,C:\Users\admin\Desktop\Summer Projects\F1\F1-Optimized-Cornering-Project\Data\image-data\session-14\throttle\Lap_8_Throttle hit_1.png,Data/image-data/session-14/throttle/Lap_8_Throttle hit_1.png,optimal_laps,0,128,14,8,old_sponsor,throttle,1,../Data/image-data/session-14/throttle/Lap_8_Throttle hit_1.png,True,27703,27.703,0.8788406848907471,2.4251792430877686,True
lap_0128_throttle_02,C:\Users\admin\Desktop\Summer Projects\F1\F1-Optimized-Cornering-Project\Data\image-data\session-14\throttle\Lap_8_Throttle hit_2.png,Data/image-data/session-14/throttle/Lap_8_Throttle hit_2.png,optimal_laps,0,128,14,8,old_sponsor,throttle,2,../Data/image-data/session-14/throttle/Lap_8_Throttle hit_2.png,True,27703,27.703,0.8788406848907471,2.4251792430877686,True
lap_0130_brake_01,C:\Users\admin\Desktop\Summer Projects\F1\F1-Optimized-Cornering-Project\Data\image-data\session-14\brake\Lap_10_Brake hit_1.png,Data/image-data/session-14/brake/Lap_10_Brake hit_1.png,standard_laps,1,130,14,10,old_sponsor,brake,1,../Data/image-data/session-14/brake/Lap_10_Brake hit_1.png,True,28125,28.125,1.56168532371521,2.4518327713012695,True
lap_0130_brake_02,C:\Users\admin\Desktop\Summer Projects\F1\F1-Optimized-Cornering-Project\Data\image-data\session-14\brake\Lap_10_Brake hit_2.png,Data/image-data/session-14/brake/Lap_10_Brake hit_2.png,standard_laps,1,130,14,10,old_sponsor,brake,2,../Data/image-data/session-14/brake/Lap_10_Brake hit_2.png,True,28125,28.125,1.56168532371521,2.4518327713012695,True
lap_0130_throttle_01,C:\Users\admin\Desktop\Summer Projects\F1\F1-Optimized-Cornering-Project\Data\image-data\session-14\throttle\Lap_10_Throttle hit_1.png,Data/image-data/session-14/throttle/Lap_10_Throttle hit_1.png,standard_laps,1,130,14,10,old_sponsor,throttle,1,../Data/image-data/session-14/throttle/Lap_10_Throttle hit_1.png,True,28125,28.125,1.56168532371521,2.4518327713012695,True
lap_0130_throttle_02,C:\Users\admin\Desktop\Summer Projects\F1\F1-Optimized-Cornering-Project\Data\image-data\session-14\throttle\Lap_10_Throttle hit_2.png,Data/image-data/session-14/throttle/Lap_10_Throttle hit_2.png,standard_laps,1,130,14,10,old_sponsor,throttle,2,../Data/image-data/session-14/throttle/Lap_10_Throttle hit_2.png,True,28125,28.125,1.56168532371521,2.4518327713012695,True
lap_0131_brake_01,C:\Users\admin\Desktop\Summer Projects\F1\F1-Optimized-Cornering-Project\Data\image-data\session-15\brake\Lap_1_Brake hit_1.png,Data/image-data/session-15/brake/Lap_1_Brake hit_1.png,optimal_laps,0,131,15,1,old_sponsor,brake,1,../Data/image-data/session-15/brake/Lap_1_Brake hit_1.png,True,27978,27.978,1.3793318271636963,2.173051357269287,True
lap_0131_brake_02,C:\Users\admin\Desktop\Summer Projects\F1\F1-Optimized-Cornering-Project\Data\image-data\session-15\brake\Lap_1_Brake hit_2.png,Data/image-data/session-15/brake/Lap_1_Brake hit_2.png,optimal_laps,0,131,15,1,old_sponsor,brake,2,../Data/image-data/session-15/brake/Lap_1_Brake hit_2.png,True,27978,27.978,1.3793318271636963,2.173051357269287,True
lap_0131_throttle_01,C:\Users\admin\Desktop\Summer Projects\F1\F1-Optimized-Cornering-Project\Data\image-data\session-15\throttle\Lap_1_Throttle hit_1.png,Data/image-data/session-15/throttle/Lap_1_Throttle hit_1.png,optimal_laps,0,131,15,1,old_sponsor,throttle,1,../Data/image-data/session-15/throttle/Lap_1_Throttle hit_1.png,True,27978,27.978,1.3793318271636963,2.173051357269287,True
lap_0131_throttle_02,C:\Users\admin\Desktop\Summer Projects\F1\F1-Optimized-Cornering-Project\Data\image-data\session-15\throttle\Lap_1_Throttle hit_2.png,Data/image-data/session-15/throttle/Lap_1_Throttle hit_2.png,optimal_laps,0,131,15,1,old_sponsor,throttle,2,../Data/image-data/session-15/throttle/Lap_1_Throttle hit_2.png,True,27978,27.978,1.3793318271636963,2.173051357269287,True
lap_0132_brake_01,C:\Users\admin\Desktop\Summer Projects\F1\F1-Optimized-Cornering-Project\Data\image-data\session-15\brake\Lap_2_Brake hit_1.png,Data/image-data/session-15/brake/Lap_2_Brake hit_1.png,standard_laps,1,132,15,2,old_sponsor,brake,1,../Data/image-data/session-15/brake/Lap_2_Brake hit_1.png,True,28169,28.169,1.312878131866455,2.573983907699585,True
lap_0132_brake_02,C:\Users\admin\Desktop\Summer Projects\F1\F1-Optimized-Cornering-Project\Data\image-data\session-15\brake\Lap_2_Brake hit_2.png,Data/image-data/session-15/brake/Lap_2_Brake hit_2.png,standard_laps,1,132,15,2,old_sponsor,brake,2,../Data/image-data/session-15/brake/Lap_2_Brake hit_2.png,True,28169,28.169,1.312878131866455,2.573983907699585,True
lap_0132_throttle_01,C:\Users\admin\Desktop\Summer Projects\F1\F1-Optimized-Cornering-Project\Data\image-data\session-15\throttle\Lap_2_Throttle hit_1.png,Data/image-data/session-15/throttle/Lap_2_Throttle hit_1.png,standard_laps,1,132,15,2,old_sponsor,throttle,1,../Data/image-data/session-15/throttle/Lap_2_Throttle hit_1.png,True,28169,28.169,1.312878131866455,2.573983907699585,True
lap_0132_throttle_02,C:\Users\admin\Desktop\Summer Projects\F1\F1-Optimized-Cornering-Project\Data\image-data\session-15\throttle\Lap_2_Throttle hit_2.png,Data/image-data/session-15/throttle/Lap_2_Throttle hit_2.png,standard_laps,1,132,15,2,old_sponsor,throttle,2,../Data/image-data/session-15/throttle/Lap_2_Throttle hit_2.png,True,28169,28.169,1.312878131866455,2.573983907699585,True
lap_0133_brake_01,C:\Users\admin\Desktop\Summer Projects\F1\F1-Optimized-Cornering-Project\Data\image-data\session-15\brake\Lap_3_Brake hit_1.png,Data/image-data/session-15/brake/Lap_3_Brake hit_1.png,sub_standard_laps,2,133,15,3,old_sponsor,brake,1,../Data/image-data/session-15/brake/Lap_3_Brake hit_1.png,True,28655,28.655,1.298229694366455,2.4715514183044434,True
lap_0133_brake_02,C:\Users\admin\Desktop\Summer Projects\F1\F1-Optimized-Cornering-Project\Data\image-data\session-15\brake\Lap_3_Brake hit_2.png,Data/image-data/session-15/brake/Lap_3_Brake hit_2.png,sub_standard_laps,2,133,15,3,old_sponsor,brake,2,../Data/image-data/session-15/brake/Lap_3_Brake hit_2.png,True,28655,28.655,1.298229694366455,2.4715514183044434,True
lap_0133_throttle_01,C:\Users\admin\Desktop\Summer Projects\F1\F1-Optimized-Cornering-Project\Data\image-data\session-15\throttle\Lap_3_Throttle hit_1.png,Data/image-data/session-15/throttle/Lap_3_Throttle hit_1.png,sub_standard_laps,2,133,15,3,old_sponsor,throttle,1,../Data/image-data/session-15/throttle/Lap_3_Throttle hit_1.png,True,28655,28.655,1.298229694366455,2.4715514183044434,True
lap_0133_throttle_02,C:\Users\admin\Desktop\Summer Projects\F1\F1-Optimized-Cornering-Project\Data\image-data\session-15\throttle\Lap_3_Throttle hit_2.png,Data/image-data/session-15/throttle/Lap_3_Throttle hit_2.png,sub_standard_laps,2,133,15,3,old_sponsor,throttle,2,../Data/image-data/session-15/throttle/Lap_3_Throttle hit_2.png,True,28655,28.655,1.298229694366455,2.4715514183044434,True
lap_0134_brake_01,C:\Users\admin\Desktop\Summer Projects\F1\F1-Optimized-Cornering-Project\Data\image-data\session-15\brake\Lap_4_Brake hit_1.png,Data/image-data/session-15/brake/Lap_4_Brake hit_1.png,standard_laps,1,134,15,4,old_sponsor,brake,1,../Data/image-data/session-15/brake/Lap_4_Brake hit_1.png,True,28504,28.504,1.6262493133544922,2.319459915161133,True
lap_0134_brake_02,C:\Users\admin\Desktop\Summer Projects\F1\F1-Optimized-Cornering-Project\Data\image-data\session-15\brake\Lap_4_Brake hit_2.png,Data/image-data/session-15/brake/Lap_4_Brake hit_2.png,standard_laps,1,134,15,4,old_sponsor,brake,2,../Data/image-data/session-15/brake/Lap_4_Brake hit_2.png,True,28504,28.504,1.6262493133544922,2.319459915161133,True
lap_0134_throttle_01,C:\Users\admin\Desktop\Summer Projects\F1\F1-Optimized-Cornering-Project\Data\image-data\session-15\throttle\Lap_4_Throttle hit_1.png,Data/image-data/session-15/throttle/Lap_4_Throttle hit_1.png,standard_laps,1,134,15,4,old_sponsor,throttle,1,../Data/image-data/session-15/throttle/Lap_4_Throttle hit_1.png,True,28504,28.504,1.6262493133544922,2.319459915161133,True
lap_0134_throttle_02,C:\Users\admin\Desktop\Summer Projects\F1\F1-Optimized-Cornering-Project\Data\image-data\session-15\throttle\Lap_4_Throttle hit_2.png,Data/image-data/session-15/throttle/Lap_4_Throttle hit_2.png,standard_laps,1,134,15,4,old_sponsor,throttle,2,../Data/image-data/session-15/throttle/Lap_4_Throttle hit_2.png,True,28504,28.504,1.6262493133544922,2.319459915161133,True
lap_0136_brake_01,C:\Users\admin\Desktop\Summer Projects\F1\F1-Optimized-Cornering-Project\Data\image-data\session-15\brake\Lap_6_Brake hit_1.png,Data/image-data/session-15/brake/Lap_6_Brake hit_1.png,standard_laps,1,136,15,6,old_sponsor,brake,1,../Data/image-data/session-15/brake/Lap_6_Brake hit_1.png,True,28217,28.217,1.6334683895111084,1.970733642578125,True
lap_0136_brake_02,C:\Users\admin\Desktop\Summer Projects\F1\F1-Optimized-Cornering-Project\Data\image-data\session-15\brake\Lap_6_Brake hit_2.png,Data/image-data/session-15/brake/Lap_6_Brake hit_2.png,standard_laps,1,136,15,6,old_sponsor,brake,2,../Data/image-data/session-15/brake/Lap_6_Brake hit_2.png,True,28217,28.217,1.6334683895111084,1.970733642578125,True
lap_0136_throttle_01,C:\Users\admin\Desktop\Summer Projects\F1\F1-Optimized-Cornering-Project\Data\image-data\session-15\throttle\Lap_6_Throttle hit_1.png,Data/image-data/session-15/throttle/Lap_6_Throttle hit_1.png,standard_laps,1,136,15,6,old_sponsor,throttle,1,../Data/image-data/session-15/throttle/Lap_6_Throttle hit_1.png,True,28217,28.217,1.6334683895111084,1.970733642578125,True
lap_0136_throttle_02,C:\Users\admin\Desktop\Summer Projects\F1\F1-Optimized-Cornering-Project\Data\image-data\session-15\throttle\Lap_6_Throttle hit_2.png,Data/image-data/session-15/throttle/Lap_6_Throttle hit_2.png,standard_laps,1,136,15,6,old_sponsor,throttle,2,../Data/image-data/session-15/throttle/Lap_6_Throttle hit_2.png,True,28217,28.217,1.6334683895111084,1.970733642578125,True
lap_0138_brake_01,C:\Users\admin\Desktop\Summer Projects\F1\F1-Optimized-Cornering-Project\Data\image-data\session-16\brake\Lap_1_Brake hit_1.png,Data/image-data/session-16/brake/Lap_1_Brake hit_1.png,standard_laps,1,138,16,1,old_sponsor,brake,1,../Data/image-data/session-16/brake/Lap_1_Brake hit_1.png,True,28283,28.283,1.4127933979034424,2.546724319458008,True
lap_0138_brake_02,C:\Users\admin\Desktop\Summer Projects\F1\F1-Optimized-Cornering-Project\Data\image-data\session-16\brake\Lap_1_Brake hit_2.png,Data/image-data/session-16/brake/Lap_1_Brake hit_2.png,standard_laps,1,138,16,1,old_sponsor,brake,2,../Data/image-data/session-16/brake/Lap_1_Brake hit_2.png,True,28283,28.283,1.4127933979034424,2.546724319458008,True
lap_0138_throttle_01,C:\Users\admin\Desktop\Summer Projects\F1\F1-Optimized-Cornering-Project\Data\image-data\session-16\throttle\Lap_1_Throttle hit_1.png,Data/image-data/session-16/throttle/Lap_1_Throttle hit_1.png,standard_laps,1,138,16,1,old_sponsor,throttle,1,../Data/image-data/session-16/throttle/Lap_1_Throttle hit_1.png,True,28283,28.283,1.4127933979034424,2.546724319458008,True
lap_0138_throttle_02,C:\Users\admin\Desktop\Summer Projects\F1\F1-Optimized-Cornering-Project\Data\image-data\session-16\throttle\Lap_1_Throttle hit_2.png,Data/image-data/session-16/throttle/Lap_1_Throttle hit_2.png,standard_laps,1,138,16,1,old_sponsor,throttle,2,../Data/image-data/session-16/throttle/Lap_1_Throttle hit_2.png,True,28283,28.283,1.4127933979034424,2.546724319458008,True
lap_0139_brake_01,C:\Users\admin\Desktop\Summer Projects\F1\F1-Optimized-Cornering-Project\Data\image-data\session-16\brake\Lap_2_Brake hit_1.png,Data/image-data/session-16/brake/Lap_2_Brake hit_1.png,standard_laps,1,139,16,2,old_sponsor,brake,1,../Data/image-data/session-16/brake/Lap_2_Brake hit_1.png,True,28204,28.204,1.2570841312408447,2.1665046215057373,True
lap_0139_brake_02,C:\Users\admin\Desktop\Summer Projects\F1\F1-Optimized-Cornering-Project\Data\image-data\session-16\brake\Lap_2_Brake hit_2.png,Data/image-data/session-16/brake/Lap_2_Brake hit_2.png,standard_laps,1,139,16,2,old_sponsor,brake,2,../Data/image-data/session-16/brake/Lap_2_Brake hit_2.png,True,28204,28.204,1.2570841312408447,2.1665046215057373,True
lap_0139_throttle_01,C:\Users\admin\Desktop\Summer Projects\F1\F1-Optimized-Cornering-Project\Data\image-data\session-16\throttle\Lap_2_Throttle hit_1.png,Data/image-data/session-16/throttle/Lap_2_Throttle hit_1.png,standard_laps,1,139,16,2,old_sponsor,throttle,1,../Data/image-data/session-16/throttle/Lap_2_Throttle hit_1.png,True,28204,28.204,1.2570841312408447,2.1665046215057373,True
lap_0139_throttle_02,C:\Users\admin\Desktop\Summer Projects\F1\F1-Optimized-Cornering-Project\Data\image-data\session-16\throttle\Lap_2_Throttle hit_2.png,Data/image-data/session-16/throttle/Lap_2_Throttle hit_2.png,standard_laps,1,139,16,2,old_sponsor,throttle,2,../Data/image-data/session-16/throttle/Lap_2_Throttle hit_2.png,True,28204,28.204,1.2570841312408447,2.1665046215057373,True
lap_0140_brake_01,C:\Users\admin\Desktop\Summer Projects\F1\F1-Optimized-Cornering-Project\Data\image-data\session-16\brake\Lap_3_Brake hit_1.png,Data/image-data/session-16/brake/Lap_3_Brake hit_1.png,optimal_laps,0,140,16,3,old_sponsor,brake,1,../Data/image-data/session-16/brake/Lap_3_Brake hit_1.png,True,27705,27.705,1.078850269317627,2.2917776107788086,True
lap_0140_brake_02,C:\Users\admin\Desktop\Summer Projects\F1\F1-Optimized-Cornering-Project\Data\image-data\session-16\brake\Lap_3_Brake hit_2.png,Data/image-data/session-16/brake/Lap_3_Brake hit_2.png,optimal_laps,0,140,16,3,old_sponsor,brake,2,../Data/image-data/session-16/brake/Lap_3_Brake hit_2.png,True,27705,27.705,1.078850269317627,2.2917776107788086,True
lap_0140_throttle_01,C:\Users\admin\Desktop\Summer Projects\F1\F1-Optimized-Cornering-Project\Data\image-data\session-16\throttle\Lap_3_Throttle hit_1.png,Data/image-data/session-16/throttle/Lap_3_Throttle hit_1.png,optimal_laps,0,140,16,3,old_sponsor,throttle,1,../Data/image-data/session-16/throttle/Lap_3_Throttle hit_1.png,True,27705,27.705,1.078850269317627,2.2917776107788086,True
lap_0140_throttle_02,C:\Users\admin\Desktop\Summer Projects\F1\F1-Optimized-Cornering-Project\Data\image-data\session-16\throttle\Lap_3_Throttle hit_2.png,Data/image-data/session-16/throttle/Lap_3_Throttle hit_2.png,optimal_laps,0,140,16,3,old_sponsor,throttle,2,../Data/image-data/session-16/throttle/Lap_3_Throttle hit_2.png,True,27705,27.705,1.078850269317627,2.2917776107788086,True
lap_0141_brake_01,C:\Users\admin\Desktop\Summer Projects\F1\F1-Optimized-Cornering-Project\Data\image-data\session-16\brake\Lap_4_Brake hit_1.png,Data/image-data/session-16/brake/Lap_4_Brake hit_1.png,standard_laps,1,141,16,4,old_sponsor,brake,1,../Data/image-data/session-16/brake/Lap_4_Brake hit_1.png,True,28237,28.237,1.1318070888519287,2.7210161685943604,True
lap_0141_brake_02,C:\Users\admin\Desktop\Summer Projects\F1\F1-Optimized-Cornering-Project\Data\image-data\session-16\brake\Lap_4_Brake hit_2.png,Data/image-data/session-16/brake/Lap_4_Brake hit_2.png,standard_laps,1,141,16,4,old_sponsor,brake,2,../Data/image-data/session-16/brake/Lap_4_Brake hit_2.png,True,28237,28.237,1.1318070888519287,2.7210161685943604,True
lap_0141_throttle_01,C:\Users\admin\Desktop\Summer Projects\F1\F1-Optimized-Cornering-Project\Data\image-data\session-16\throttle\Lap_4_Throttle hit_1.png,Data/image-data/session-16/throttle/Lap_4_Throttle hit_1.png,standard_laps,1,141,16,4,old_sponsor,throttle,1,../Data/image-data/session-16/throttle/Lap_4_Throttle hit_1.png,True,28237,28.237,1.1318070888519287,2.7210161685943604,True
lap_0141_throttle_02,C:\Users\admin\Desktop\Summer Projects\F1\F1-Optimized-Cornering-Project\Data\image-data\session-16\throttle\Lap_4_Throttle hit_2.png,Data/image-data/session-16/throttle/Lap_4_Throttle hit_2.png,standard_laps,1,141,16,4,old_sponsor,throttle,2,../Data/image-data/session-16/throttle/Lap_4_Throttle hit_2.png,True,28237,28.237,1.1318070888519287,2.7210161685943604,True
lap_0142_brake_01,C:\Users\admin\Desktop\Summer Projects\F1\F1-Optimized-Cornering-Project\Data\image-data\session-16\brake\Lap_5_Brake hit_1.png,Data/image-data/session-16/brake/Lap_5_Brake hit_1.png,optimal_laps,0,142,16,5,old_sponsor,brake,1,../Data/image-data/session-16/brake/Lap_5_Brake hit_1.png,True,27677,27.677,1.1986594200134277,2.1110854148864746,True
lap_0142_brake_02,C:\Users\admin\Desktop\Summer Projects\F1\F1-Optimized-Cornering-Project\Data\image-data\session-16\brake\Lap_5_Brake hit_2.png,Data/image-data/session-16/brake/Lap_5_Brake hit_2.png,optimal_laps,0,142,16,5,old_sponsor,brake,2,../Data/image-data/session-16/brake/Lap_5_Brake hit_2.png,True,27677,27.677,1.1986594200134277,2.1110854148864746,True
lap_0142_throttle_01,C:\Users\admin\Desktop\Summer Projects\F1\F1-Optimized-Cornering-Project\Data\image-data\session-16\throttle\Lap_5_Throttle hit_1.png,Data/image-data/session-16/throttle/Lap_5_Throttle hit_1.png,optimal_laps,0,142,16,5,old_sponsor,throttle,1,../Data/image-data/session-16/throttle/Lap_5_Throttle hit_1.png,True,27677,27.677,1.1986594200134277,2.1110854148864746,True
lap_0142_throttle_02,C:\Users\admin\Desktop\Summer Projects\F1\F1-Optimized-Cornering-Project\Data\image-data\session-16\throttle\Lap_5_Throttle hit_2.png,Data/image-data/session-16/throttle/Lap_5_Throttle hit_2.png,optimal_laps,0,142,16,5,old_sponsor,throttle,2,../Data/image-data/session-16/throttle/Lap_5_Throttle hit_2.png,True,27677,27.677,1.1986594200134277,2.1110854148864746,True
lap_0145_brake_01,C:\Users\admin\Desktop\Summer Projects\F1\F1-Optimized-Cornering-Project\Data\image-data\session-16\brake\Lap_8_Brake hit_1.png,Data/image-data/session-16/brake/Lap_8_Brake hit_1.png,optimal_laps,0,145,16,8,old_sponsor,brake,1,../Data/image-data/session-16/brake/Lap_8_Brake hit_1.png,True,28007,28.007,1.2905163764953613,2.1316115856170654,True
lap_0145_brake_02,C:\Users\admin\Desktop\Summer Projects\F1\F1-Optimized-Cornering-Project\Data\image-data\session-16\brake\Lap_8_Brake hit_2.png,Data/image-data/session-16/brake/Lap_8_Brake hit_2.png,optimal_laps,0,145,16,8,old_sponsor,brake,2,../Data/image-data/session-16/brake/Lap_8_Brake hit_2.png,True,28007,28.007,1.2905163764953613,2.1316115856170654,True
lap_0145_throttle_01,C:\Users\admin\Desktop\Summer Projects\F1\F1-Optimized-Cornering-Project\Data\image-data\session-16\throttle\Lap_8_Throttle hit_1.png,Data/image-data/session-16/throttle/Lap_8_Throttle hit_1.png,optimal_laps,0,145,16,8,old_sponsor,throttle,1,../Data/image-data/session-16/throttle/Lap_8_Throttle hit_1.png,True,28007,28.007,1.2905163764953613,2.1316115856170654,True
lap_0145_throttle_02,C:\Users\admin\Desktop\Summer Projects\F1\F1-Optimized-Cornering-Project\Data\image-data\session-16\throttle\Lap_8_Throttle hit_2.png,Data/image-data/session-16/throttle/Lap_8_Throttle hit_2.png,optimal_laps,0,145,16,8,old_sponsor,throttle,2,../Data/image-data/session-16/throttle/Lap_8_Throttle hit_2.png,True,28007,28.007,1.2905163764953613,2.1316115856170654,True
lap_0146_brake_01,C:\Users\admin\Desktop\Summer Projects\F1\F1-Optimized-Cornering-Project\Data\image-data\session-16\brake\Lap_9_Brake hit_1.png,Data/image-data/session-16/brake/Lap_9_Brake hit_1.png,standard_laps,1,146,16,9,old_sponsor,brake,1,../Data/image-data/session-16/brake/Lap_9_Brake hit_1.png,True,28291,28.291,1.2589280605316162,2.5306875705718994,True
lap_0146_brake_02,C:\Users\admin\Desktop\Summer Projects\F1\F1-Optimized-Cornering-Project\Data\image-data\session-16\brake\Lap_9_Brake hit_2.png,Data/image-data/session-16/brake/Lap_9_Brake hit_2.png,standard_laps,1,146,16,9,old_sponsor,brake,2,../Data/image-data/session-16/brake/Lap_9_Brake hit_2.png,True,28291,28.291,1.2589280605316162,2.5306875705718994,True
lap_0146_throttle_01,C:\Users\admin\Desktop\Summer Projects\F1\F1-Optimized-Cornering-Project\Data\image-data\session-16\throttle\Lap_9_Throttle hit_1.png,Data/image-data/session-16/throttle/Lap_9_Throttle hit_1.png,standard_laps,1,146,16,9,old_sponsor,throttle,1,../Data/image-data/session-16/throttle/Lap_9_Throttle hit_1.png,True,28291,28.291,1.2589280605316162,2.5306875705718994,True
lap_0146_throttle_02,C:\Users\admin\Desktop\Summer Projects\F1\F1-Optimized-Cornering-Project\Data\image-data\session-16\throttle\Lap_9_Throttle hit_2.png,Data/image-data/session-16/throttle/Lap_9_Throttle hit_2.png,standard_laps,1,146,16,9,old_sponsor,throttle,2,../Data/image-data/session-16/throttle/Lap_9_Throttle hit_2.png,True,28291,28.291,1.2589280605316162,2.5306875705718994,True
lap_0147_brake_01,C:\Users\admin\Desktop\Summer Projects\F1\F1-Optimized-Cornering-Project\Data\image-data\session-16\brake\Lap_10_Brake hit_1.png,Data/image-data/session-16/brake/Lap_10_Brake hit_1.png,optimal_laps,0,147,16,10,old_sponsor,brake,1,../Data/image-data/session-16/brake/Lap_10_Brake hit_1.png,True,27734,27.734,1.0289306640625,2.149874687194824,True
lap_0147_brake_02,C:\Users\admin\Desktop\Summer Projects\F1\F1-Optimized-Cornering-Project\Data\image-data\session-16\brake\Lap_10_Brake hit_2.png,Data/image-data/session-16/brake/Lap_10_Brake hit_2.png,optimal_laps,0,147,16,10,old_sponsor,brake,2,../Data/image-data/session-16/brake/Lap_10_Brake hit_2.png,True,27734,27.734,1.0289306640625,2.149874687194824,True
lap_0147_throttle_01,C:\Users\admin\Desktop\Summer Projects\F1\F1-Optimized-Cornering-Project\Data\image-data\session-16\throttle\Lap_10_Throttle hit_1.png,Data/image-data/session-16/throttle/Lap_10_Throttle hit_1.png,optimal_laps,0,147,16,10,old_sponsor,throttle,1,../Data/image-data/session-16/throttle/Lap_10_Throttle hit_1.png,True,27734,27.734,1.0289306640625,2.149874687194824,True
lap_0147_throttle_02,C:\Users\admin\Desktop\Summer Projects\F1\F1-Optimized-Cornering-Project\Data\image-data\session-16\throttle\Lap_10_Throttle hit_2.png,Data/image-data/session-16/throttle/Lap_10_Throttle hit_2.png,optimal_laps,0,147,16,10,old_sponsor,throttle,2,../Data/image-data/session-16/throttle/Lap_10_Throttle hit_2.png,True,27734,27.734,1.0289306640625,2.149874687194824,True
lap_0148_brake_01,C:\Users\admin\Desktop\Summer Projects\F1\F1-Optimized-Cornering-Project\Data\image-data\session-17\brake\Lap_1_Brake hit_1.png,Data/image-data/session-17/brake/Lap_1_Brake hit_1.png,optimal_laps,0,148,17,1,old_sponsor,brake,1,../Data/image-data/session-17/brake/Lap_1_Brake hit_1.png,True,27673,27.673,1.135148286819458,1.8459382057189941,True
lap_0148_brake_02,C:\Users\admin\Desktop\Summer Projects\F1\F1-Optimized-Cornering-Project\Data\image-data\session-17\brake\Lap_1_Brake hit_2.png,Data/image-data/session-17/brake/Lap_1_Brake hit_2.png,optimal_laps,0,148,17,1,old_sponsor,brake,2,../Data/image-data/session-17/brake/Lap_1_Brake hit_2.png,True,27673,27.673,1.135148286819458,1.8459382057189941,True
lap_0148_throttle_01,C:\Users\admin\Desktop\Summer Projects\F1\F1-Optimized-Cornering-Project\Data\image-data\session-17\throttle\Lap_1_Throttle hit_1.png,Data/image-data/session-17/throttle/Lap_1_Throttle hit_1.png,optimal_laps,0,148,17,1,old_sponsor,throttle,1,../Data/image-data/session-17/throttle/Lap_1_Throttle hit_1.png,True,27673,27.673,1.135148286819458,1.8459382057189941,True
lap_0148_throttle_02,C:\Users\admin\Desktop\Summer Projects\F1\F1-Optimized-Cornering-Project\Data\image-data\session-17\throttle\Lap_1_Throttle hit_2.png,Data/image-data/session-17/throttle/Lap_1_Throttle hit_2.png,optimal_laps,0,148,17,1,old_sponsor,throttle,2,../Data/image-data/session-17/throttle/Lap_1_Throttle hit_2.png,True,27673,27.673,1.135148286819458,1.8459382057189941,True
lap_0149_brake_01,C:\Users\admin\Desktop\Summer Projects\F1\F1-Optimized-Cornering-Project\Data\image-data\session-17\brake\Lap_2_Brake hit_1.png,Data/image-data/session-17/brake/Lap_2_Brake hit_1.png,standard_laps,1,149,17,2,old_sponsor,brake,1,../Data/image-data/session-17/brake/Lap_2_Brake hit_1.png,True,28294,28.294,1.084770917892456,1.9252712726593018,True
lap_0149_brake_02,C:\Users\admin\Desktop\Summer Projects\F1\F1-Optimized-Cornering-Project\Data\image-data\session-17\brake\Lap_2_Brake hit_2.png,Data/image-data/session-17/brake/Lap_2_Brake hit_2.png,standard_laps,1,149,17,2,old_sponsor,brake,2,../Data/image-data/session-17/brake/Lap_2_Brake hit_2.png,True,28294,28.294,1.084770917892456,1.9252712726593018,True
lap_0149_throttle_01,C:\Users\admin\Desktop\Summer Projects\F1\F1-Optimized-Cornering-Project\Data\image-data\session-17\throttle\Lap_2_Throttle hit_1.png,Data/image-data/session-17/throttle/Lap_2_Throttle hit_1.png,standard_laps,1,149,17,2,old_sponsor,throttle,1,../Data/image-data/session-17/throttle/Lap_2_Throttle hit_1.png,True,28294,28.294,1.084770917892456,1.9252712726593018,True
lap_0149_throttle_02,C:\Users\admin\Desktop\Summer Projects\F1\F1-Optimized-Cornering-Project\Data\image-data\session-17\throttle\Lap_2_Throttle hit_2.png,Data/image-data/session-17/throttle/Lap_2_Throttle hit_2.png,standard_laps,1,149,17,2,old_sponsor,throttle,2,../Data/image-data/session-17/throttle/Lap_2_Throttle hit_2.png,True,28294,28.294,1.084770917892456,1.9252712726593018,True
lap_0150_brake_01,C:\Users\admin\Desktop\Summer Projects\F1\F1-Optimized-Cornering-Project\Data\image-data\session-17\brake\Lap_3_Brake hit_1.png,Data/image-data/session-17/brake/Lap_3_Brake hit_1.png,standard_laps,1,150,17,3,old_sponsor,brake,1,../Data/image-data/session-17/brake/Lap_3_Brake hit_1.png,True,28207,28.207,1.129957914352417,2.5769708156585693,True
lap_0150_brake_02,C:\Users\admin\Desktop\Summer Projects\F1\F1-Optimized-Cornering-Project\Data\image-data\session-17\brake\Lap_3_Brake hit_2.png,Data/image-data/session-17/brake/Lap_3_Brake hit_2.png,standard_laps,1,150,17,3,old_sponsor,brake,2,../Data/image-data/session-17/brake/Lap_3_Brake hit_2.png,True,28207,28.207,1.129957914352417,2.5769708156585693,True
lap_0150_throttle_01,C:\Users\admin\Desktop\Summer Projects\F1\F1-Optimized-Cornering-Project\Data\image-data\session-17\throttle\Lap_3_Throttle hit_1.png,Data/image-data/session-17/throttle/Lap_3_Throttle hit_1.png,standard_laps,1,150,17,3,old_sponsor,throttle,1,../Data/image-data/session-17/throttle/Lap_3_Throttle hit_1.png,True,28207,28.207,1.129957914352417,2.5769708156585693,True
lap_0150_throttle_02,C:\Users\admin\Desktop\Summer Projects\F1\F1-Optimized-Cornering-Project\Data\image-data\session-17\throttle\Lap_3_Throttle hit_2.png,Data/image-data/session-17/throttle/Lap_3_Throttle hit_2.png,standard_laps,1,150,17,3,old_sponsor,throttle,2,../Data/image-data/session-17/throttle/Lap_3_Throttle hit_2.png,True,28207,28.207,1.129957914352417,2.5769708156585693,True
lap_0152_brake_01,C:\Users\admin\Desktop\Summer Projects\F1\F1-Optimized-Cornering-Project\Data\image-data\session-17\brake\Lap_5_Brake hit_1.png,Data/image-data/session-17/brake/Lap_5_Brake hit_1.png,standard_laps,1,152,17,5,old_sponsor,brake,1,../Data/image-data/session-17/brake/Lap_5_Brake hit_1.png,True,28216,28.216,1.365225076675415,2.3408846855163574,True
lap_0152_brake_02,C:\Users\admin\Desktop\Summer Projects\F1\F1-Optimized-Cornering-Project\Data\image-data\session-17\brake\Lap_5_Brake hit_2.png,Data/image-data/session-17/brake/Lap_5_Brake hit_2.png,standard_laps,1,152,17,5,old_sponsor,brake,2,../Data/image-data/session-17/brake/Lap_5_Brake hit_2.png,True,28216,28.216,1.365225076675415,2.3408846855163574,True
lap_0152_throttle_01,C:\Users\admin\Desktop\Summer Projects\F1\F1-Optimized-Cornering-Project\Data\image-data\session-17\throttle\Lap_5_Throttle hit_1.png,Data/image-data/session-17/throttle/Lap_5_Throttle hit_1.png,standard_laps,1,152,17,5,old_sponsor,throttle,1,../Data/image-data/session-17/throttle/Lap_5_Throttle hit_1.png,True,28216,28.216,1.365225076675415,2.3408846855163574,True
lap_0152_throttle_02,C:\Users\admin\Desktop\Summer Projects\F1\F1-Optimized-Cornering-Project\Data\image-data\session-17\throttle\Lap_5_Throttle hit_2.png,Data/image-data/session-17/throttle/Lap_5_Throttle hit_2.png,standard_laps,1,152,17,5,old_sponsor,throttle,2,../Data/image-data/session-17/throttle/Lap_5_Throttle hit_2.png,True,28216,28.216,1.365225076675415,2.3408846855163574,True
lap_0153_brake_01,C:\Users\admin\Desktop\Summer Projects\F1\F1-Optimized-Cornering-Project\Data\image-data\session-17\brake\Lap_6_Brake hit_1.png,Data/image-data/session-17/brake/Lap_6_Brake hit_1.png,standard_laps,1,153,17,6,old_sponsor,brake,1,../Data/image-data/session-17/brake/Lap_6_Brake hit_1.png,True,28327,28.327,1.597193956375122,2.3816933631896973,True
lap_0153_brake_02,C:\Users\admin\Desktop\Summer Projects\F1\F1-Optimized-Cornering-Project\Data\image-data\session-17\brake\Lap_6_Brake hit_2.png,Data/image-data/session-17/brake/Lap_6_Brake hit_2.png,standard_laps,1,153,17,6,old_sponsor,brake,2,../Data/image-data/session-17/brake/Lap_6_Brake hit_2.png,True,28327,28.327,1.597193956375122,2.3816933631896973,True
lap_0153_throttle_01,C:\Users\admin\Desktop\Summer Projects\F1\F1-Optimized-Cornering-Project\Data\image-data\session-17\throttle\Lap_6_Throttle hit_1.png,Data/image-data/session-17/throttle/Lap_6_Throttle hit_1.png,standard_laps,1,153,17,6,old_sponsor,throttle,1,../Data/image-data/session-17/throttle/Lap_6_Throttle hit_1.png,True,28327,28.327,1.597193956375122,2.3816933631896973,True
lap_0153_throttle_02,C:\Users\admin\Desktop\Summer Projects\F1\F1-Optimized-Cornering-Project\Data\image-data\session-17\throttle\Lap_6_Throttle hit_2.png,Data/image-data/session-17/throttle/Lap_6_Throttle hit_2.png,standard_laps,1,153,17,6,old_sponsor,throttle,2,../Data/image-data/session-17/throttle/Lap_6_Throttle hit_2.png,True,28327,28.327,1.597193956375122,2.3816933631896973,True
lap_0154_brake_01,C:\Users\admin\Desktop\Summer Projects\F1\F1-Optimized-Cornering-Project\Data\image-data\session-17\brake\Lap_7_Brake hit_1.png,Data/image-data/session-17/brake/Lap_7_Brake hit_1.png,optimal_laps,0,154,17,7,old_sponsor,brake,1,../Data/image-data/session-17/brake/Lap_7_Brake hit_1.png,True,27759,27.759,1.1274709701538086,2.05104398727417,True
lap_0154_brake_02,C:\Users\admin\Desktop\Summer Projects\F1\F1-Optimized-Cornering-Project\Data\image-data\session-17\brake\Lap_7_Brake hit_2.png,Data/image-data/session-17/brake/Lap_7_Brake hit_2.png,optimal_laps,0,154,17,7,old_sponsor,brake,2,../Data/image-data/session-17/brake/Lap_7_Brake hit_2.png,True,27759,27.759,1.1274709701538086,2.05104398727417,True
lap_0154_throttle_01,C:\Users\admin\Desktop\Summer Projects\F1\F1-Optimized-Cornering-Project\Data\image-data\session-17\throttle\Lap_7_Throttle hit_1.png,Data/image-data/session-17/throttle/Lap_7_Throttle hit_1.png,optimal_laps,0,154,17,7,old_sponsor,throttle,1,../Data/image-data/session-17/throttle/Lap_7_Throttle hit_1.png,True,27759,27.759,1.1274709701538086,2.05104398727417,True
lap_0154_throttle_02,C:\Users\admin\Desktop\Summer Projects\F1\F1-Optimized-Cornering-Project\Data\image-data\session-17\throttle\Lap_7_Throttle hit_2.png,Data/image-data/session-17/throttle/Lap_7_Throttle hit_2.png,optimal_laps,0,154,17,7,old_sponsor,throttle,2,../Data/image-data/session-17/throttle/Lap_7_Throttle hit_2.png,True,27759,27.759,1.1274709701538086,2.05104398727417,True
lap_0155_brake_01,C:\Users\admin\Desktop\Summer Projects\F1\F1-Optimized-Cornering-Project\Data\image-data\session-17\brake\Lap_8_Brake hit_1.png,Data/image-data/session-17/brake/Lap_8_Brake hit_1.png,optimal_laps,0,155,17,8,old_sponsor,brake,1,../Data/image-data/session-17/brake/Lap_8_Brake hit_1.png,True,27473,27.473,1.0312378406524658,2.451707601547241,True
lap_0155_brake_02,C:\Users\admin\Desktop\Summer Projects\F1\F1-Optimized-Cornering-Project\Data\image-data\session-17\brake\Lap_8_Brake hit_2.png,Data/image-data/session-17/brake/Lap_8_Brake hit_2.png,optimal_laps,0,155,17,8,old_sponsor,brake,2,../Data/image-data/session-17/brake/Lap_8_Brake hit_2.png,True,27473,27.473,1.0312378406524658,2.451707601547241,True
lap_0155_throttle_01,C:\Users\admin\Desktop\Summer Projects\F1\F1-Optimized-Cornering-Project\Data\image-data\session-17\throttle\Lap_8_Throttle hit_1.png,Data/image-data/session-17/throttle/Lap_8_Throttle hit_1.png,optimal_laps,0,155,17,8,old_sponsor,throttle,1,../Data/image-data/session-17/throttle/Lap_8_Throttle hit_1.png,True,27473,27.473,1.0312378406524658,2.451707601547241,True
lap_0155_throttle_02,C:\Users\admin\Desktop\Summer Projects\F1\F1-Optimized-Cornering-Project\Data\image-data\session-17\throttle\Lap_8_Throttle hit_2.png,Data/image-data/session-17/throttle/Lap_8_Throttle hit_2.png,optimal_laps,0,155,17,8,old_sponsor,throttle,2,../Data/image-data/session-17/throttle/Lap_8_Throttle hit_2.png,True,27473,27.473,1.0312378406524658,2.451707601547241,True
lap_0156_brake_01,C:\Users\admin\Desktop\Summer Projects\F1\F1-Optimized-Cornering-Project\Data\image-data\session-17\brake\Lap_9_Brake hit_1.png,Data/image-data/session-17/brake/Lap_9_Brake hit_1.png,sub_standard_laps,2,156,17,9,old_sponsor,brake,1,../Data/image-data/session-17/brake/Lap_9_Brake hit_1.png,True,28644,28.644,2.0053577423095703,2.4931750297546387,True
lap_0156_brake_02,C:\Users\admin\Desktop\Summer Projects\F1\F1-Optimized-Cornering-Project\Data\image-data\session-17\brake\Lap_9_Brake hit_2.png,Data/image-data/session-17/brake/Lap_9_Brake hit_2.png,sub_standard_laps,2,156,17,9,old_sponsor,brake,2,../Data/image-data/session-17/brake/Lap_9_Brake hit_2.png,True,28644,28.644,2.0053577423095703,2.4931750297546387,True
lap_0156_throttle_01,C:\Users\admin\Desktop\Summer Projects\F1\F1-Optimized-Cornering-Project\Data\image-data\session-17\throttle\Lap_9_Throttle hit_1.png,Data/image-data/session-17/throttle/Lap_9_Throttle hit_1.png,sub_standard_laps,2,156,17,9,old_sponsor,throttle,1,../Data/image-data/session-17/throttle/Lap_9_Throttle hit_1.png,True,28644,28.644,2.0053577423095703,2.4931750297546387,True
lap_0156_throttle_02,C:\Users\admin\Desktop\Summer Projects\F1\F1-Optimized-Cornering-Project\Data\image-data\session-17\throttle\Lap_9_Throttle hit_2.png,Data/image-data/session-17/throttle/Lap_9_Throttle hit_2.png,sub_standard_laps,2,156,17,9,old_sponsor,throttle,2,../Data/image-data/session-17/throttle/Lap_9_Throttle hit_2.png,True,28644,28.644,2.0053577423095703,2.4931750297546387,True
lap_0157_brake_01,C:\Users\admin\Desktop\Summer Projects\F1\F1-Optimized-Cornering-Project\Data\image-data\session-17\brake\Lap_10_Brake hit_1.png,Data/image-data/session-17/brake/Lap_10_Brake hit_1.png,standard_laps,1,157,17,10,old_sponsor,brake,1,../Data/image-data/session-17/brake/Lap_10_Brake hit_1.png,True,28116,28.116,1.192399024963379,1.9706494808197021,True
lap_0157_brake_02,C:\Users\admin\Desktop\Summer Projects\F1\F1-Optimized-Cornering-Project\Data\image-data\session-17\brake\Lap_10_Brake hit_2.png,Data/image-data/session-17/brake/Lap_10_Brake hit_2.png,standard_laps,1,157,17,10,old_sponsor,brake,2,../Data/image-data/session-17/brake/Lap_10_Brake hit_2.png,True,28116,28.116,1.192399024963379,1.9706494808197021,True
lap_0157_throttle_01,C:\Users\admin\Desktop\Summer Projects\F1\F1-Optimized-Cornering-Project\Data\image-data\session-17\throttle\Lap_10_Throttle hit_1.png,Data/image-data/session-17/throttle/Lap_10_Throttle hit_1.png,standard_laps,1,157,17,10,old_sponsor,throttle,1,../Data/image-data/session-17/throttle/Lap_10_Throttle hit_1.png,True,28116,28.116,1.192399024963379,1.9706494808197021,True
lap_0157_throttle_02,C:\Users\admin\Desktop\Summer Projects\F1\F1-Optimized-Cornering-Project\Data\image-data\session-17\throttle\Lap_10_Throttle hit_2.png,Data/image-data/session-17/throttle/Lap_10_Throttle hit_2.png,standard_laps,1,157,17,10,old_sponsor,throttle,2,../Data/image-data/session-17/throttle/Lap_10_Throttle hit_2.png,True,28116,28.116,1.192399024963379,1.9706494808197021,True
lap_0158_brake_01,C:\Users\admin\Desktop\Summer Projects\F1\F1-Optimized-Cornering-Project\Data\image-data\session-17\brake\Lap_11_Brake hit_1.png,Data/image-data/session-17/brake/Lap_11_Brake hit_1.png,standard_laps,1,158,17,11,old_sponsor,brake,1,../Data/image-data/session-17/brake/Lap_11_Brake hit_1.png,True,28251,28.251,1.3031864166259766,2.5662388801574707,True
lap_0158_brake_02,C:\Users\admin\Desktop\Summer Projects\F1\F1-Optimized-Cornering-Project\Data\image-data\session-17\brake\Lap_11_Brake hit_2.png,Data/image-data/session-17/brake/Lap_11_Brake hit_2.png,standard_laps,1,158,17,11,old_sponsor,brake,2,../Data/image-data/session-17/brake/Lap_11_Brake hit_2.png,True,28251,28.251,1.3031864166259766,2.5662388801574707,True
lap_0158_throttle_01,C:\Users\admin\Desktop\Summer Projects\F1\F1-Optimized-Cornering-Project\Data\image-data\session-17\throttle\Lap_11_Throttle hit_1.png,Data/image-data/session-17/throttle/Lap_11_Throttle hit_1.png,standard_laps,1,158,17,11,old_sponsor,throttle,1,../Data/image-data/session-17/throttle/Lap_11_Throttle hit_1.png,True,28251,28.251,1.3031864166259766,2.5662388801574707,True
lap_0158_throttle_02,C:\Users\admin\Desktop\Summer Projects\F1\F1-Optimized-Cornering-Project\Data\image-data\session-17\throttle\Lap_11_Throttle hit_2.png,Data/image-data/session-17/throttle/Lap_11_Throttle hit_2.png,standard_laps,1,158,17,11,old_sponsor,throttle,2,../Data/image-data/session-17/throttle/Lap_11_Throttle hit_2.png,True,28251,28.251,1.3031864166259766,2.5662388801574707,True
lap_0159_brake_01,C:\Users\admin\Desktop\Summer Projects\F1\F1-Optimized-Cornering-Project\Data\image-data\session-17\brake\Lap_12_Brake hit_1.png,Data/image-data/session-17/brake/Lap_12_Brake hit_1.png,standard_laps,1,159,17,12,old_sponsor,brake,1,../Data/image-data/session-17/brake/Lap_12_Brake hit_1.png,True,28368,28.368,1.080779790878296,2.6297497749328613,True
lap_0159_brake_02,C:\Users\admin\Desktop\Summer Projects\F1\F1-Optimized-Cornering-Project\Data\image-data\session-17\brake\Lap_12_Brake hit_2.png,Data/image-data/session-17/brake/Lap_12_Brake hit_2.png,standard_laps,1,159,17,12,old_sponsor,brake,2,../Data/image-data/session-17/brake/Lap_12_Brake hit_2.png,True,28368,28.368,1.080779790878296,2.6297497749328613,True
lap_0159_throttle_01,C:\Users\admin\Desktop\Summer Projects\F1\F1-Optimized-Cornering-Project\Data\image-data\session-17\throttle\Lap_12_Throttle hit_1.png,Data/image-data/session-17/throttle/Lap_12_Throttle hit_1.png,standard_laps,1,159,17,12,old_sponsor,throttle,1,../Data/image-data/session-17/throttle/Lap_12_Throttle hit_1.png,True,28368,28.368,1.080779790878296,2.6297497749328613,True
lap_0159_throttle_02,C:\Users\admin\Desktop\Summer Projects\F1\F1-Optimized-Cornering-Project\Data\image-data\session-17\throttle\Lap_12_Throttle hit_2.png,Data/image-data/session-17/throttle/Lap_12_Throttle hit_2.png,standard_laps,1,159,17,12,old_sponsor,throttle,2,../Data/image-data/session-17/throttle/Lap_12_Throttle hit_2.png,True,28368,28.368,1.080779790878296,2.6297497749328613,True
lap_0160_brake_01,C:\Users\admin\Desktop\Summer Projects\F1\F1-Optimized-Cornering-Project\Data\image-data\session-17\brake\Lap_13_Brake hit_1.png,Data/image-data/session-17/brake/Lap_13_Brake hit_1.png,standard_laps,1,160,17,13,old_sponsor,brake,1,../Data/image-data/session-17/brake/Lap_13_Brake hit_1.png,True,28106,28.106,1.1090903282165527,1.9718570709228516,True
lap_0160_brake_02,C:\Users\admin\Desktop\Summer Projects\F1\F1-Optimized-Cornering-Project\Data\image-data\session-17\brake\Lap_13_Brake hit_2.png,Data/image-data/session-17/brake/Lap_13_Brake hit_2.png,standard_laps,1,160,17,13,old_sponsor,brake,2,../Data/image-data/session-17/brake/Lap_13_Brake hit_2.png,True,28106,28.106,1.1090903282165527,1.9718570709228516,True
lap_0160_throttle_01,C:\Users\admin\Desktop\Summer Projects\F1\F1-Optimized-Cornering-Project\Data\image-data\session-17\throttle\Lap_13_Throttle hit_1.png,Data/image-data/session-17/throttle/Lap_13_Throttle hit_1.png,standard_laps,1,160,17,13,old_sponsor,throttle,1,../Data/image-data/session-17/throttle/Lap_13_Throttle hit_1.png,True,28106,28.106,1.1090903282165527,1.9718570709228516,True
lap_0160_throttle_02,C:\Users\admin\Desktop\Summer Projects\F1\F1-Optimized-Cornering-Project\Data\image-data\session-17\throttle\Lap_13_Throttle hit_2.png,Data/image-data/session-17/throttle/Lap_13_Throttle hit_2.png,standard_laps,1,160,17,13,old_sponsor,throttle,2,../Data/image-data/session-17/throttle/Lap_13_Throttle hit_2.png,True,28106,28.106,1.1090903282165527,1.9718570709228516,True
lap_0161_brake_01,C:\Users\admin\Desktop\Summer Projects\F1\F1-Optimized-Cornering-Project\Data\image-data\session-17\brake\Lap_14_Brake hit_1.png,Data/image-data/session-17/brake/Lap_14_Brake hit_1.png,sub_standard_laps,2,161,17,14,old_sponsor,brake,1,../Data/image-data/session-17/brake/Lap_14_Brake hit_1.png,True,28820,28.82,2.15435528755188,1.9005639553070068,True
lap_0161_brake_02,C:\Users\admin\Desktop\Summer Projects\F1\F1-Optimized-Cornering-Project\Data\image-data\session-17\brake\Lap_14_Brake hit_2.png,Data/image-data/session-17/brake/Lap_14_Brake hit_2.png,sub_standard_laps,2,161,17,14,old_sponsor,brake,2,../Data/image-data/session-17/brake/Lap_14_Brake hit_2.png,True,28820,28.82,2.15435528755188,1.9005639553070068,True
lap_0161_throttle_01,C:\Users\admin\Desktop\Summer Projects\F1\F1-Optimized-Cornering-Project\Data\image-data\session-17\throttle\Lap_14_Throttle hit_1.png,Data/image-data/session-17/throttle/Lap_14_Throttle hit_1.png,sub_standard_laps,2,161,17,14,old_sponsor,throttle,1,../Data/image-data/session-17/throttle/Lap_14_Throttle hit_1.png,True,28820,28.82,2.15435528755188,1.9005639553070068,True
lap_0161_throttle_02,C:\Users\admin\Desktop\Summer Projects\F1\F1-Optimized-Cornering-Project\Data\image-data\session-17\throttle\Lap_14_Throttle hit_2.png,Data/image-data/session-17/throttle/Lap_14_Throttle hit_2.png,sub_standard_laps,2,161,17,14,old_sponsor,throttle,2,../Data/image-data/session-17/throttle/Lap_14_Throttle hit_2.png,True,28820,28.82,2.15435528755188,1.9005639553070068,True
lap_0163_brake_01,C:\Users\admin\Desktop\Summer Projects\F1\F1-Optimized-Cornering-Project\Data\image-data\session-18\brake\Lap_2_Brake hit_1.png,Data/image-data/session-18/brake/Lap_2_Brake hit_1.png,standard_laps,1,163,18,2,old_sponsor,brake,1,../Data/image-data/session-18/brake/Lap_2_Brake hit_1.png,True,28143,28.143,1.2327313423156738,2.3759639263153076,True
lap_0163_brake_02,C:\Users\admin\Desktop\Summer Projects\F1\F1-Optimized-Cornering-Project\Data\image-data\session-18\brake\Lap_2_Brake hit_2.png,Data/image-data/session-18/brake/Lap_2_Brake hit_2.png,standard_laps,1,163,18,2,old_sponsor,brake,2,../Data/image-data/session-18/brake/Lap_2_Brake hit_2.png,True,28143,28.143,1.2327313423156738,2.3759639263153076,True
lap_0163_throttle_01,C:\Users\admin\Desktop\Summer Projects\F1\F1-Optimized-Cornering-Project\Data\image-data\session-18\throttle\Lap_2_Throttle hit_1.png,Data/image-data/session-18/throttle/Lap_2_Throttle hit_1.png,standard_laps,1,163,18,2,old_sponsor,throttle,1,../Data/image-data/session-18/throttle/Lap_2_Throttle hit_1.png,True,28143,28.143,1.2327313423156738,2.3759639263153076,True
lap_0163_throttle_02,C:\Users\admin\Desktop\Summer Projects\F1\F1-Optimized-Cornering-Project\Data\image-data\session-18\throttle\Lap_2_Throttle hit_2.png,Data/image-data/session-18/throttle/Lap_2_Throttle hit_2.png,standard_laps,1,163,18,2,old_sponsor,throttle,2,../Data/image-data/session-18/throttle/Lap_2_Throttle hit_2.png,True,28143,28.143,1.2327313423156738,2.3759639263153076,True
lap_0165_brake_01,C:\Users\admin\Desktop\Summer Projects\F1\F1-Optimized-Cornering-Project\Data\image-data\session-18\brake\Lap_4_Brake hit_1.png,Data/image-data/session-18/brake/Lap_4_Brake hit_1.png,standard_laps,1,165,18,4,old_sponsor,brake,1,../Data/image-data/session-18/brake/Lap_4_Brake hit_1.png,True,28145,28.145,1.3184525966644287,2.0848288536071777,True
lap_0165_brake_02,C:\Users\admin\Desktop\Summer Projects\F1\F1-Optimized-Cornering-Project\Data\image-data\session-18\brake\Lap_4_Brake hit_2.png,Data/image-data/session-18/brake/Lap_4_Brake hit_2.png,standard_laps,1,165,18,4,old_sponsor,brake,2,../Data/image-data/session-18/brake/Lap_4_Brake hit_2.png,True,28145,28.145,1.3184525966644287,2.0848288536071777,True
lap_0165_throttle_01,C:\Users\admin\Desktop\Summer Projects\F1\F1-Optimized-Cornering-Project\Data\image-data\session-18\throttle\Lap_4_Throttle hit_1.png,Data/image-data/session-18/throttle/Lap_4_Throttle hit_1.png,standard_laps,1,165,18,4,old_sponsor,throttle,1,../Data/image-data/session-18/throttle/Lap_4_Throttle hit_1.png,True,28145,28.145,1.3184525966644287,2.0848288536071777,True
lap_0165_throttle_02,C:\Users\admin\Desktop\Summer Projects\F1\F1-Optimized-Cornering-Project\Data\image-data\session-18\throttle\Lap_4_Throttle hit_2.png,Data/image-data/session-18/throttle/Lap_4_Throttle hit_2.png,standard_laps,1,165,18,4,old_sponsor,throttle,2,../Data/image-data/session-18/throttle/Lap_4_Throttle hit_2.png,True,28145,28.145,1.3184525966644287,2.0848288536071777,True
lap_0166_brake_01,C:\Users\admin\Desktop\Summer Projects\F1\F1-Optimized-Cornering-Project\Data\image-data\session-18\brake\Lap_5_Brake hit_1.png,Data/image-data/session-18/brake/Lap_5_Brake hit_1.png,optimal_laps,0,166,18,5,old_sponsor,brake,1,../Data/image-data/session-18/brake/Lap_5_Brake hit_1.png,True,28103,28.103,1.0970425605773926,2.484555721282959,True
lap_0166_brake_02,C:\Users\admin\Desktop\Summer Projects\F1\F1-Optimized-Cornering-Project\Data\image-data\session-18\brake\Lap_5_Brake hit_2.png,Data/image-data/session-18/brake/Lap_5_Brake hit_2.png,optimal_laps,0,166,18,5,old_sponsor,brake,2,../Data/image-data/session-18/brake/Lap_5_Brake hit_2.png,True,28103,28.103,1.0970425605773926,2.484555721282959,True
lap_0166_throttle_01,C:\Users\admin\Desktop\Summer Projects\F1\F1-Optimized-Cornering-Project\Data\image-data\session-18\throttle\Lap_5_Throttle hit_1.png,Data/image-data/session-18/throttle/Lap_5_Throttle hit_1.png,optimal_laps,0,166,18,5,old_sponsor,throttle,1,../Data/image-data/session-18/throttle/Lap_5_Throttle hit_1.png,True,28103,28.103,1.0970425605773926,2.484555721282959,True
lap_0166_throttle_02,C:\Users\admin\Desktop\Summer Projects\F1\F1-Optimized-Cornering-Project\Data\image-data\session-18\throttle\Lap_5_Throttle hit_2.png,Data/image-data/session-18/throttle/Lap_5_Throttle hit_2.png,optimal_laps,0,166,18,5,old_sponsor,throttle,2,../Data/image-data/session-18/throttle/Lap_5_Throttle hit_2.png,True,28103,28.103,1.0970425605773926,2.484555721282959,True
lap_0167_brake_01,C:\Users\admin\Desktop\Summer Projects\F1\F1-Optimized-Cornering-Project\Data\image-data\session-18\brake\Lap_6_Brake hit_1.png,Data/image-data/session-18/brake/Lap_6_Brake hit_1.png,standard_laps,1,167,18,6,old_sponsor,brake,1,../Data/image-data/session-18/brake/Lap_6_Brake hit_1.png,True,28473,28.473,1.229271650314331,2.9703714847564697,True
lap_0167_brake_02,C:\Users\admin\Desktop\Summer Projects\F1\F1-Optimized-Cornering-Project\Data\image-data\session-18\brake\Lap_6_Brake hit_2.png,Data/image-data/session-18/brake/Lap_6_Brake hit_2.png,standard_laps,1,167,18,6,old_sponsor,brake,2,../Data/image-data/session-18/brake/Lap_6_Brake hit_2.png,True,28473,28.473,1.229271650314331,2.9703714847564697,True
lap_0167_throttle_01,C:\Users\admin\Desktop\Summer Projects\F1\F1-Optimized-Cornering-Project\Data\image-data\session-18\throttle\Lap_6_Throttle hit_1.png,Data/image-data/session-18/throttle/Lap_6_Throttle hit_1.png,standard_laps,1,167,18,6,old_sponsor,throttle,1,../Data/image-data/session-18/throttle/Lap_6_Throttle hit_1.png,True,28473,28.473,1.229271650314331,2.9703714847564697,True
lap_0167_throttle_02,C:\Users\admin\Desktop\Summer Projects\F1\F1-Optimized-Cornering-Project\Data\image-data\session-18\throttle\Lap_6_Throttle hit_2.png,Data/image-data/session-18/throttle/Lap_6_Throttle hit_2.png,standard_laps,1,167,18,6,old_sponsor,throttle,2,../Data/image-data/session-18/throttle/Lap_6_Throttle hit_2.png,True,28473,28.473,1.229271650314331,2.9703714847564697,True
lap_0168_brake_01,C:\Users\admin\Desktop\Summer Projects\F1\F1-Optimized-Cornering-Project\Data\image-data\session-18\brake\Lap_7_Brake hit_1.png,Data/image-data/session-18/brake/Lap_7_Brake hit_1.png,standard_laps,1,168,18,7,old_sponsor,brake,1,../Data/image-data/session-18/brake/Lap_7_Brake hit_1.png,True,28128,28.128,1.002866268157959,2.3822920322418213,True
lap_0168_brake_02,C:\Users\admin\Desktop\Summer Projects\F1\F1-Optimized-Cornering-Project\Data\image-data\session-18\brake\Lap_7_Brake hit_2.png,Data/image-data/session-18/brake/Lap_7_Brake hit_2.png,standard_laps,1,168,18,7,old_sponsor,brake,2,../Data/image-data/session-18/brake/Lap_7_Brake hit_2.png,True,28128,28.128,1.002866268157959,2.3822920322418213,True
lap_0168_throttle_01,C:\Users\admin\Desktop\Summer Projects\F1\F1-Optimized-Cornering-Project\Data\image-data\session-18\throttle\Lap_7_Throttle hit_1.png,Data/image-data/session-18/throttle/Lap_7_Throttle hit_1.png,standard_laps,1,168,18,7,old_sponsor,throttle,1,../Data/image-data/session-18/throttle/Lap_7_Throttle hit_1.png,True,28128,28.128,1.002866268157959,2.3822920322418213,True
lap_0168_throttle_02,C:\Users\admin\Desktop\Summer Projects\F1\F1-Optimized-Cornering-Project\Data\image-data\session-18\throttle\Lap_7_Throttle hit_2.png,Data/image-data/session-18/throttle/Lap_7_Throttle hit_2.png,standard_laps,1,168,18,7,old_sponsor,throttle,2,../Data/image-data/session-18/throttle/Lap_7_Throttle hit_2.png,True,28128,28.128,1.002866268157959,2.3822920322418213,True
lap_0169_brake_01,C:\Users\admin\Desktop\Summer Projects\F1\F1-Optimized-Cornering-Project\Data\image-data\session-18\brake\Lap_8_Brake hit_1.png,Data/image-data/session-18/brake/Lap_8_Brake hit_1.png,optimal_laps,0,169,18,8,old_sponsor,brake,1,../Data/image-data/session-18/brake/Lap_8_Brake hit_1.png,True,27750,27.75,1.2317121028900146,2.3537824153900146,True
lap_0169_brake_02,C:\Users\admin\Desktop\Summer Projects\F1\F1-Optimized-Cornering-Project\Data\image-data\session-18\brake\Lap_8_Brake hit_2.png,Data/image-data/session-18/brake/Lap_8_Brake hit_2.png,optimal_laps,0,169,18,8,old_sponsor,brake,2,../Data/image-data/session-18/brake/Lap_8_Brake hit_2.png,True,27750,27.75,1.2317121028900146,2.3537824153900146,True
lap_0169_throttle_01,C:\Users\admin\Desktop\Summer Projects\F1\F1-Optimized-Cornering-Project\Data\image-data\session-18\throttle\Lap_8_Throttle hit_1.png,Data/image-data/session-18/throttle/Lap_8_Throttle hit_1.png,optimal_laps,0,169,18,8,old_sponsor,throttle,1,../Data/image-data/session-18/throttle/Lap_8_Throttle hit_1.png,True,27750,27.75,1.2317121028900146,2.3537824153900146,True
lap_0169_throttle_02,C:\Users\admin\Desktop\Summer Projects\F1\F1-Optimized-Cornering-Project\Data\image-data\session-18\throttle\Lap_8_Throttle hit_2.png,Data/image-data/session-18/throttle/Lap_8_Throttle hit_2.png,optimal_laps,0,169,18,8,old_sponsor,throttle,2,../Data/image-data/session-18/throttle/Lap_8_Throttle hit_2.png,True,27750,27.75,1.2317121028900146,2.3537824153900146,True
lap_0170_brake_01,C:\Users\admin\Desktop\Summer Projects\F1\F1-Optimized-Cornering-Project\Data\image-data\session-18\brake\Lap_9_Brake hit_1.png,Data/image-data/session-18/brake/Lap_9_Brake hit_1.png,optimal_laps,0,170,18,9,old_sponsor,brake,1,../Data/image-data/session-18/brake/Lap_9_Brake hit_1.png,True,27864,27.864,1.1317269802093506,2.5305228233337402,True
lap_0170_brake_02,C:\Users\admin\Desktop\Summer Projects\F1\F1-Optimized-Cornering-Project\Data\image-data\session-18\brake\Lap_9_Brake hit_2.png,Data/image-data/session-18/brake/Lap_9_Brake hit_2.png,optimal_laps,0,170,18,9,old_sponsor,brake,2,../Data/image-data/session-18/brake/Lap_9_Brake hit_2.png,True,27864,27.864,1.1317269802093506,2.5305228233337402,True
lap_0170_throttle_01,C:\Users\admin\Desktop\Summer Projects\F1\F1-Optimized-Cornering-Project\Data\image-data\session-18\throttle\Lap_9_Throttle hit_1.png,Data/image-data/session-18/throttle/Lap_9_Throttle hit_1.png,optimal_laps,0,170,18,9,old_sponsor,throttle,1,../Data/image-data/session-18/throttle/Lap_9_Throttle hit_1.png,True,27864,27.864,1.1317269802093506,2.5305228233337402,True
lap_0170_throttle_02,C:\Users\admin\Desktop\Summer Projects\F1\F1-Optimized-Cornering-Project\Data\image-data\session-18\throttle\Lap_9_Throttle hit_2.png,Data/image-data/session-18/throttle/Lap_9_Throttle hit_2.png,optimal_laps,0,170,18,9,old_sponsor,throttle,2,../Data/image-data/session-18/throttle/Lap_9_Throttle hit_2.png,True,27864,27.864,1.1317269802093506,2.5305228233337402,True
lap_0172_brake_01,C:\Users\admin\Desktop\Summer Projects\F1\F1-Optimized-Cornering-Project\Data\image-data\session-19\brake\Lap_1_Brake hit_1.png,Data/image-data/session-19/brake/Lap_1_Brake hit_1.png,standard_laps,1,172,19,1,old_sponsor,brake,1,../Data/image-data/session-19/brake/Lap_1_Brake hit_1.png,True,28359,28.359,1.3337793350219727,2.538154125213623,True
lap_0172_brake_02,C:\Users\admin\Desktop\Summer Projects\F1\F1-Optimized-Cornering-Project\Data\image-data\session-19\brake\Lap_1_Brake hit_2.png,Data/image-data/session-19/brake/Lap_1_Brake hit_2.png,standard_laps,1,172,19,1,old_sponsor,brake,2,../Data/image-data/session-19/brake/Lap_1_Brake hit_2.png,True,28359,28.359,1.3337793350219727,2.538154125213623,True
lap_0172_throttle_01,C:\Users\admin\Desktop\Summer Projects\F1\F1-Optimized-Cornering-Project\Data\image-data\session-19\throttle\Lap_1_Throttle hit_1.png,Data/image-data/session-19/throttle/Lap_1_Throttle hit_1.png,standard_laps,1,172,19,1,old_sponsor,throttle,1,../Data/image-data/session-19/throttle/Lap_1_Throttle hit_1.png,True,28359,28.359,1.3337793350219727,2.538154125213623,True
lap_0172_throttle_02,C:\Users\admin\Desktop\Summer Projects\F1\F1-Optimized-Cornering-Project\Data\image-data\session-19\throttle\Lap_1_Throttle hit_2.png,Data/image-data/session-19/throttle/Lap_1_Throttle hit_2.png,standard_laps,1,172,19,1,old_sponsor,throttle,2,../Data/image-data/session-19/throttle/Lap_1_Throttle hit_2.png,True,28359,28.359,1.3337793350219727,2.538154125213623,True
lap_0173_brake_01,C:\Users\admin\Desktop\Summer Projects\F1\F1-Optimized-Cornering-Project\Data\image-data\session-19\brake\Lap_2_Brake hit_1.png,Data/image-data/session-19/brake/Lap_2_Brake hit_1.png,standard_laps,1,173,19,2,old_sponsor,brake,1,../Data/image-data/session-19/brake/Lap_2_Brake hit_1.png,True,28163,28.163,1.0815505981445312,2.5025687217712402,True
lap_0173_brake_02,C:\Users\admin\Desktop\Summer Projects\F1\F1-Optimized-Cornering-Project\Data\image-data\session-19\brake\Lap_2_Brake hit_2.png,Data/image-data/session-19/brake/Lap_2_Brake hit_2.png,standard_laps,1,173,19,2,old_sponsor,brake,2,../Data/image-data/session-19/brake/Lap_2_Brake hit_2.png,True,28163,28.163,1.0815505981445312,2.5025687217712402,True
lap_0173_throttle_01,C:\Users\admin\Desktop\Summer Projects\F1\F1-Optimized-Cornering-Project\Data\image-data\session-19\throttle\Lap_2_Throttle hit_1.png,Data/image-data/session-19/throttle/Lap_2_Throttle hit_1.png,standard_laps,1,173,19,2,old_sponsor,throttle,1,../Data/image-data/session-19/throttle/Lap_2_Throttle hit_1.png,True,28163,28.163,1.0815505981445312,2.5025687217712402,True
lap_0173_throttle_02,C:\Users\admin\Desktop\Summer Projects\F1\F1-Optimized-Cornering-Project\Data\image-data\session-19\throttle\Lap_2_Throttle hit_2.png,Data/image-data/session-19/throttle/Lap_2_Throttle hit_2.png,standard_laps,1,173,19,2,old_sponsor,throttle,2,../Data/image-data/session-19/throttle/Lap_2_Throttle hit_2.png,True,28163,28.163,1.0815505981445312,2.5025687217712402,True
lap_0174_brake_01,C:\Users\admin\Desktop\Summer Projects\F1\F1-Optimized-Cornering-Project\Data\image-data\session-19\brake\Lap_3_Brake hit_1.png,Data/image-data/session-19/brake/Lap_3_Brake hit_1.png,standard_laps,1,174,19,3,old_sponsor,brake,1,../Data/image-data/session-19/brake/Lap_3_Brake hit_1.png,True,28321,28.321,1.5845818519592285,2.2888429164886475,True
lap_0174_brake_02,C:\Users\admin\Desktop\Summer Projects\F1\F1-Optimized-Cornering-Project\Data\image-data\session-19\brake\Lap_3_Brake hit_2.png,Data/image-data/session-19/brake/Lap_3_Brake hit_2.png,standard_laps,1,174,19,3,old_sponsor,brake,2,../Data/image-data/session-19/brake/Lap_3_Brake hit_2.png,True,28321,28.321,1.5845818519592285,2.2888429164886475,True
lap_0174_throttle_01,C:\Users\admin\Desktop\Summer Projects\F1\F1-Optimized-Cornering-Project\Data\image-data\session-19\throttle\Lap_3_Throttle hit_1.png,Data/image-data/session-19/throttle/Lap_3_Throttle hit_1.png,standard_laps,1,174,19,3,old_sponsor,throttle,1,../Data/image-data/session-19/throttle/Lap_3_Throttle hit_1.png,True,28321,28.321,1.5845818519592285,2.2888429164886475,True
lap_0174_throttle_02,C:\Users\admin\Desktop\Summer Projects\F1\F1-Optimized-Cornering-Project\Data\image-data\session-19\throttle\Lap_3_Throttle hit_2.png,Data/image-data/session-19/throttle/Lap_3_Throttle hit_2.png,standard_laps,1,174,19,3,old_sponsor,throttle,2,../Data/image-data/session-19/throttle/Lap_3_Throttle hit_2.png,True,28321,28.321,1.5845818519592285,2.2888429164886475,True
lap_0175_brake_01,C:\Users\admin\Desktop\Summer Projects\F1\F1-Optimized-Cornering-Project\Data\image-data\session-19\brake\Lap_4_Brake hit_1.png,Data/image-data/session-19/brake/Lap_4_Brake hit_1.png,sub_standard_laps,2,175,19,4,old_sponsor,brake,1,../Data/image-data/session-19/brake/Lap_4_Brake hit_1.png,True,29145,29.145,1.3701436519622803,3.089341402053833,True
lap_0175_brake_02,C:\Users\admin\Desktop\Summer Projects\F1\F1-Optimized-Cornering-Project\Data\image-data\session-19\brake\Lap_4_Brake hit_2.png,Data/image-data/session-19/brake/Lap_4_Brake hit_2.png,sub_standard_laps,2,175,19,4,old_sponsor,brake,2,../Data/image-data/session-19/brake/Lap_4_Brake hit_2.png,True,29145,29.145,1.3701436519622803,3.089341402053833,True
lap_0175_throttle_01,C:\Users\admin\Desktop\Summer Projects\F1\F1-Optimized-Cornering-Project\Data\image-data\session-19\throttle\Lap_4_Throttle hit_1.png,Data/image-data/session-19/throttle/Lap_4_Throttle hit_1.png,sub_standard_laps,2,175,19,4,old_sponsor,throttle,1,../Data/image-data/session-19/throttle/Lap_4_Throttle hit_1.png,True,29145,29.145,1.3701436519622803,3.089341402053833,True
lap_0175_throttle_02,C:\Users\admin\Desktop\Summer Projects\F1\F1-Optimized-Cornering-Project\Data\image-data\session-19\throttle\Lap_4_Throttle hit_2.png,Data/image-data/session-19/throttle/Lap_4_Throttle hit_2.png,sub_standard_laps,2,175,19,4,old_sponsor,throttle,2,../Data/image-data/session-19/throttle/Lap_4_Throttle hit_2.png,True,29145,29.145,1.3701436519622803,3.089341402053833,True
lap_0176_brake_01,C:\Users\admin\Desktop\Summer Projects\F1\F1-Optimized-Cornering-Project\Data\image-data\session-19\brake\Lap_5_Brake hit_1.png,Data/image-data/session-19/brake/Lap_5_Brake hit_1.png,optimal_laps,0,176,19,5,old_sponsor,brake,1,../Data/image-data/session-19/brake/Lap_5_Brake hit_1.png,True,27903,27.903,1.081775426864624,2.4892141819000244,True
lap_0176_brake_02,C:\Users\admin\Desktop\Summer Projects\F1\F1-Optimized-Cornering-Project\Data\image-data\session-19\brake\Lap_5_Brake hit_2.png,Data/image-data/session-19/brake/Lap_5_Brake hit_2.png,optimal_laps,0,176,19,5,old_sponsor,brake,2,../Data/image-data/session-19/brake/Lap_5_Brake hit_2.png,True,27903,27.903,1.081775426864624,2.4892141819000244,True
lap_0176_throttle_01,C:\Users\admin\Desktop\Summer Projects\F1\F1-Optimized-Cornering-Project\Data\image-data\session-19\throttle\Lap_5_Throttle hit_1.png,Data/image-data/session-19/throttle/Lap_5_Throttle hit_1.png,optimal_laps,0,176,19,5,old_sponsor,throttle,1,../Data/image-data/session-19/throttle/Lap_5_Throttle hit_1.png,True,27903,27.903,1.081775426864624,2.4892141819000244,True
lap_0176_throttle_02,C:\Users\admin\Desktop\Summer Projects\F1\F1-Optimized-Cornering-Project\Data\image-data\session-19\throttle\Lap_5_Throttle hit_2.png,Data/image-data/session-19/throttle/Lap_5_Throttle hit_2.png,optimal_laps,0,176,19,5,old_sponsor,throttle,2,../Data/image-data/session-19/throttle/Lap_5_Throttle hit_2.png,True,27903,27.903,1.081775426864624,2.4892141819000244,True
lap_0178_brake_01,C:\Users\admin\Desktop\Summer Projects\F1\F1-Optimized-Cornering-Project\Data\image-data\session-19\brake\Lap_7_Brake hit_1.png,Data/image-data/session-19/brake/Lap_7_Brake hit_1.png,sub_standard_laps,2,178,19,7,old_sponsor,brake,1,../Data/image-data/session-19/brake/Lap_7_Brake hit_1.png,True,28702,28.702,1.8785593509674072,1.964900016784668,True
lap_0178_brake_02,C:\Users\admin\Desktop\Summer Projects\F1\F1-Optimized-Cornering-Project\Data\image-data\session-19\brake\Lap_7_Brake hit_2.png,Data/image-data/session-19/brake/Lap_7_Brake hit_2.png,sub_standard_laps,2,178,19,7,old_sponsor,brake,2,../Data/image-data/session-19/brake/Lap_7_Brake hit_2.png,True,28702,28.702,1.8785593509674072,1.964900016784668,True
lap_0178_throttle_01,C:\Users\admin\Desktop\Summer Projects\F1\F1-Optimized-Cornering-Project\Data\image-data\session-19\throttle\Lap_7_Throttle hit_1.png,Data/image-data/session-19/throttle/Lap_7_Throttle hit_1.png,sub_standard_laps,2,178,19,7,old_sponsor,throttle,1,../Data/image-data/session-19/throttle/Lap_7_Throttle hit_1.png,True,28702,28.702,1.8785593509674072,1.964900016784668,True
lap_0178_throttle_02,C:\Users\admin\Desktop\Summer Projects\F1\F1-Optimized-Cornering-Project\Data\image-data\session-19\throttle\Lap_7_Throttle hit_2.png,Data/image-data/session-19/throttle/Lap_7_Throttle hit_2.png,sub_standard_laps,2,178,19,7,old_sponsor,throttle,2,../Data/image-data/session-19/throttle/Lap_7_Throttle hit_2.png,True,28702,28.702,1.8785593509674072,1.964900016784668,True
lap_0179_brake_01,C:\Users\admin\Desktop\Summer Projects\F1\F1-Optimized-Cornering-Project\Data\image-data\session-20\brake\Lap_1_Brake hit_1.png,Data/image-data/session-20/brake/Lap_1_Brake hit_1.png,sub_standard_laps,2,179,20,1,new_sponsor,brake,1,../Data/image-data/session-20/brake/Lap_1_Brake hit_1.png,True,28650,28.65,1.671717882156372,2.6805176734924316,True
lap_0179_brake_02,C:\Users\admin\Desktop\Summer Projects\F1\F1-Optimized-Cornering-Project\Data\image-data\session-20\brake\Lap_1_Brake hit_2.png,Data/image-data/session-20/brake/Lap_1_Brake hit_2.png,sub_standard_laps,2,179,20,1,new_sponsor,brake,2,../Data/image-data/session-20/brake/Lap_1_Brake hit_2.png,True,28650,28.65,1.671717882156372,2.6805176734924316,True
lap_0179_throttle_01,C:\Users\admin\Desktop\Summer Projects\F1\F1-Optimized-Cornering-Project\Data\image-data\session-20\throttle\Lap_1_Throttle hit_1.png,Data/image-data/session-20/throttle/Lap_1_Throttle hit_1.png,sub_standard_laps,2,179,20,1,new_sponsor,throttle,1,../Data/image-data/session-20/throttle/Lap_1_Throttle hit_1.png,True,28650,28.65,1.671717882156372,2.6805176734924316,True
lap_0179_throttle_02,C:\Users\admin\Desktop\Summer Projects\F1\F1-Optimized-Cornering-Project\Data\image-data\session-20\throttle\Lap_1_Throttle hit_2.png,Data/image-data/session-20/throttle/Lap_1_Throttle hit_2.png,sub_standard_laps,2,179,20,1,new_sponsor,throttle,2,../Data/image-data/session-20/throttle/Lap_1_Throttle hit_2.png,True,28650,28.65,1.671717882156372,2.6805176734924316,True
lap_0180_brake_01,C:\Users\admin\Desktop\Summer Projects\F1\F1-Optimized-Cornering-Project\Data\image-data\session-20\brake\Lap_2_Brake hit_1.png,Data/image-data/session-20/brake/Lap_2_Brake hit_1.png,standard_laps,1,180,20,2,new_sponsor,brake,1,../Data/image-data/session-20/brake/Lap_2_Brake hit_1.png,True,28458,28.458,1.3937137126922607,2.2102086544036865,True
lap_0180_brake_02,C:\Users\admin\Desktop\Summer Projects\F1\F1-Optimized-Cornering-Project\Data\image-data\session-20\brake\Lap_2_Brake hit_2.png,Data/image-data/session-20/brake/Lap_2_Brake hit_2.png,standard_laps,1,180,20,2,new_sponsor,brake,2,../Data/image-data/session-20/brake/Lap_2_Brake hit_2.png,True,28458,28.458,1.3937137126922607,2.2102086544036865,True
lap_0180_throttle_01,C:\Users\admin\Desktop\Summer Projects\F1\F1-Optimized-Cornering-Project\Data\image-data\session-20\throttle\Lap_2_Throttle hit_1.png,Data/image-data/session-20/throttle/Lap_2_Throttle hit_1.png,standard_laps,1,180,20,2,new_sponsor,throttle,1,../Data/image-data/session-20/throttle/Lap_2_Throttle hit_1.png,True,28458,28.458,1.3937137126922607,2.2102086544036865,True
lap_0180_throttle_02,C:\Users\admin\Desktop\Summer Projects\F1\F1-Optimized-Cornering-Project\Data\image-data\session-20\throttle\Lap_2_Throttle hit_2.png,Data/image-data/session-20/throttle/Lap_2_Throttle hit_2.png,standard_laps,1,180,20,2,new_sponsor,throttle,2,../Data/image-data/session-20/throttle/Lap_2_Throttle hit_2.png,True,28458,28.458,1.3937137126922607,2.2102086544036865,True
lap_0181_brake_01,C:\Users\admin\Desktop\Summer Projects\F1\F1-Optimized-Cornering-Project\Data\image-data\session-20\brake\Lap_3_Brake hit_1.png,Data/image-data/session-20/brake/Lap_3_Brake hit_1.png,sub_standard_laps,2,181,20,3,new_sponsor,brake,1,../Data/image-data/session-20/brake/Lap_3_Brake hit_1.png,True,28960,28.96,1.885143518447876,2.715078830718994,True
lap_0181_brake_02,C:\Users\admin\Desktop\Summer Projects\F1\F1-Optimized-Cornering-Project\Data\image-data\session-20\brake\Lap_3_Brake hit_2.png,Data/image-data/session-20/brake/Lap_3_Brake hit_2.png,sub_standard_laps,2,181,20,3,new_sponsor,brake,2,../Data/image-data/session-20/brake/Lap_3_Brake hit_2.png,True,28960,28.96,1.885143518447876,2.715078830718994,True
lap_0181_throttle_01,C:\Users\admin\Desktop\Summer Projects\F1\F1-Optimized-Cornering-Project\Data\image-data\session-20\throttle\Lap_3_Throttle hit_1.png,Data/image-data/session-20/throttle/Lap_3_Throttle hit_1.png,sub_standard_laps,2,181,20,3,new_sponsor,throttle,1,../Data/image-data/session-20/throttle/Lap_3_Throttle hit_1.png,True,28960,28.96,1.885143518447876,2.715078830718994,True
lap_0181_throttle_02,C:\Users\admin\Desktop\Summer Projects\F1\F1-Optimized-Cornering-Project\Data\image-data\session-20\throttle\Lap_3_Throttle hit_2.png,Data/image-data/session-20/throttle/Lap_3_Throttle hit_2.png,sub_standard_laps,2,181,20,3,new_sponsor,throttle,2,../Data/image-data/session-20/throttle/Lap_3_Throttle hit_2.png,True,28960,28.96,1.885143518447876,2.715078830718994,True
lap_0182_brake_01,C:\Users\admin\Desktop\Summer Projects\F1\F1-Optimized-Cornering-Project\Data\image-data\session-20\brake\Lap_4_Brake hit_1.png,Data/image-data/session-20/brake/Lap_4_Brake hit_1.png,standard_laps,1,182,20,4,new_sponsor,brake,1,../Data/image-data/session-20/brake/Lap_4_Brake hit_1.png,True,28357,28.357,1.4554038047790527,2.6404166221618652,True
lap_0182_brake_02,C:\Users\admin\Desktop\Summer Projects\F1\F1-Optimized-Cornering-Project\Data\image-data\session-20\brake\Lap_4_Brake hit_2.png,Data/image-data/session-20/brake/Lap_4_Brake hit_2.png,standard_laps,1,182,20,4,new_sponsor,brake,2,../Data/image-data/session-20/brake/Lap_4_Brake hit_2.png,True,28357,28.357,1.4554038047790527,2.6404166221618652,True
lap_0182_throttle_01,C:\Users\admin\Desktop\Summer Projects\F1\F1-Optimized-Cornering-Project\Data\image-data\session-20\throttle\Lap_4_Throttle hit_1.png,Data/image-data/session-20/throttle/Lap_4_Throttle hit_1.png,standard_laps,1,182,20,4,new_sponsor,throttle,1,../Data/image-data/session-20/throttle/Lap_4_Throttle hit_1.png,True,28357,28.357,1.4554038047790527,2.6404166221618652,True
lap_0182_throttle_02,C:\Users\admin\Desktop\Summer Projects\F1\F1-Optimized-Cornering-Project\Data\image-data\session-20\throttle\Lap_4_Throttle hit_2.png,Data/image-data/session-20/throttle/Lap_4_Throttle hit_2.png,standard_laps,1,182,20,4,new_sponsor,throttle,2,../Data/image-data/session-20/throttle/Lap_4_Throttle hit_2.png,True,28357,28.357,1.4554038047790527,2.6404166221618652,True
lap_0183_brake_01,C:\Users\admin\Desktop\Summer Projects\F1\F1-Optimized-Cornering-Project\Data\image-data\session-20\brake\Lap_5_Brake hit_1.png,Data/image-data/session-20/brake/Lap_5_Brake hit_1.png,optimal_laps,0,183,20,5,new_sponsor,brake,1,../Data/image-data/session-20/brake/Lap_5_Brake hit_1.png,True,27951,27.951,1.3324203491210938,2.427729368209839,True
lap_0183_brake_02,C:\Users\admin\Desktop\Summer Projects\F1\F1-Optimized-Cornering-Project\Data\image-data\session-20\brake\Lap_5_Brake hit_2.png,Data/image-data/session-20/brake/Lap_5_Brake hit_2.png,optimal_laps,0,183,20,5,new_sponsor,brake,2,../Data/image-data/session-20/brake/Lap_5_Brake hit_2.png,True,27951,27.951,1.3324203491210938,2.427729368209839,True
lap_0183_throttle_01,C:\Users\admin\Desktop\Summer Projects\F1\F1-Optimized-Cornering-Project\Data\image-data\session-20\throttle\Lap_5_Throttle hit_1.png,Data/image-data/session-20/throttle/Lap_5_Throttle hit_1.png,optimal_laps,0,183,20,5,new_sponsor,throttle,1,../Data/image-data/session-20/throttle/Lap_5_Throttle hit_1.png,True,27951,27.951,1.3324203491210938,2.427729368209839,True
lap_0183_throttle_02,C:\Users\admin\Desktop\Summer Projects\F1\F1-Optimized-Cornering-Project\Data\image-data\session-20\throttle\Lap_5_Throttle hit_2.png,Data/image-data/session-20/throttle/Lap_5_Throttle hit_2.png,optimal_laps,0,183,20,5,new_sponsor,throttle,2,../Data/image-data/session-20/throttle/Lap_5_Throttle hit_2.png,True,27951,27.951,1.3324203491210938,2.427729368209839,True
lap_0184_brake_01,C:\Users\admin\Desktop\Summer Projects\F1\F1-Optimized-Cornering-Project\Data\image-data\session-20\brake\Lap_6_Brake hit_1.png,Data/image-data/session-20/brake/Lap_6_Brake hit_1.png,optimal_laps,0,184,20,6,new_sponsor,brake,1,../Data/image-data/session-20/brake/Lap_6_Brake hit_1.png,True,27825,27.825,1.2578248977661133,2.6757559776306152,True
lap_0184_brake_02,C:\Users\admin\Desktop\Summer Projects\F1\F1-Optimized-Cornering-Project\Data\image-data\session-20\brake\Lap_6_Brake hit_2.png,Data/image-data/session-20/brake/Lap_6_Brake hit_2.png,optimal_laps,0,184,20,6,new_sponsor,brake,2,../Data/image-data/session-20/brake/Lap_6_Brake hit_2.png,True,27825,27.825,1.2578248977661133,2.6757559776306152,True
lap_0184_throttle_01,C:\Users\admin\Desktop\Summer Projects\F1\F1-Optimized-Cornering-Project\Data\image-data\session-20\throttle\Lap_6_Throttle hit_1.png,Data/image-data/session-20/throttle/Lap_6_Throttle hit_1.png,optimal_laps,0,184,20,6,new_sponsor,throttle,1,../Data/image-data/session-20/throttle/Lap_6_Throttle hit_1.png,True,27825,27.825,1.2578248977661133,2.6757559776306152,True
lap_0184_throttle_02,C:\Users\admin\Desktop\Summer Projects\F1\F1-Optimized-Cornering-Project\Data\image-data\session-20\throttle\Lap_6_Throttle hit_2.png,Data/image-data/session-20/throttle/Lap_6_Throttle hit_2.png,optimal_laps,0,184,20,6,new_sponsor,throttle,2,../Data/image-data/session-20/throttle/Lap_6_Throttle hit_2.png,True,27825,27.825,1.2578248977661133,2.6757559776306152,True
lap_0185_brake_01,C:\Users\admin\Desktop\Summer Projects\F1\F1-Optimized-Cornering-Project\Data\image-data\session-20\brake\Lap_7_Brake hit_1.png,Data/image-data/session-20/brake/Lap_7_Brake hit_1.png,optimal_laps,0,185,20,7,new_sponsor,brake,1,../Data/image-data/session-20/brake/Lap_7_Brake hit_1.png,True,28007,28.007,1.145526647567749,2.372652769088745,True
lap_0185_brake_02,C:\Users\admin\Desktop\Summer Projects\F1\F1-Optimized-Cornering-Project\Data\image-data\session-20\brake\Lap_7_Brake hit_2.png,Data/image-data/session-20/brake/Lap_7_Brake hit_2.png,optimal_laps,0,185,20,7,new_sponsor,brake,2,../Data/image-data/session-20/brake/Lap_7_Brake hit_2.png,True,28007,28.007,1.145526647567749,2.372652769088745,True
lap_0185_throttle_01,C:\Users\admin\Desktop\Summer Projects\F1\F1-Optimized-Cornering-Project\Data\image-data\session-20\throttle\Lap_7_Throttle hit_1.png,Data/image-data/session-20/throttle/Lap_7_Throttle hit_1.png,optimal_laps,0,185,20,7,new_sponsor,throttle,1,../Data/image-data/session-20/throttle/Lap_7_Throttle hit_1.png,True,28007,28.007,1.145526647567749,2.372652769088745,True
lap_0185_throttle_02,C:\Users\admin\Desktop\Summer Projects\F1\F1-Optimized-Cornering-Project\Data\image-data\session-20\throttle\Lap_7_Throttle hit_2.png,Data/image-data/session-20/throttle/Lap_7_Throttle hit_2.png,optimal_laps,0,185,20,7,new_sponsor,throttle,2,../Data/image-data/session-20/throttle/Lap_7_Throttle hit_2.png,True,28007,28.007,1.145526647567749,2.372652769088745,True
lap_0186_brake_01,C:\Users\admin\Desktop\Summer Projects\F1\F1-Optimized-Cornering-Project\Data\image-data\session-20\brake\Lap_8_Brake hit_1.png,Data/image-data/session-20/brake/Lap_8_Brake hit_1.png,standard_laps,1,186,20,8,new_sponsor,brake,1,../Data/image-data/session-20/brake/Lap_8_Brake hit_1.png,True,28225,28.225,1.1306612491607666,2.4808003902435303,True
lap_0186_brake_02,C:\Users\admin\Desktop\Summer Projects\F1\F1-Optimized-Cornering-Project\Data\image-data\session-20\brake\Lap_8_Brake hit_2.png,Data/image-data/session-20/brake/Lap_8_Brake hit_2.png,standard_laps,1,186,20,8,new_sponsor,brake,2,../Data/image-data/session-20/brake/Lap_8_Brake hit_2.png,True,28225,28.225,1.1306612491607666,2.4808003902435303,True
lap_0186_throttle_01,C:\Users\admin\Desktop\Summer Projects\F1\F1-Optimized-Cornering-Project\Data\image-data\session-20\throttle\Lap_8_Throttle hit_1.png,Data/image-data/session-20/throttle/Lap_8_Throttle hit_1.png,standard_laps,1,186,20,8,new_sponsor,throttle,1,../Data/image-data/session-20/throttle/Lap_8_Throttle hit_1.png,True,28225,28.225,1.1306612491607666,2.4808003902435303,True
lap_0186_throttle_02,C:\Users\admin\Desktop\Summer Projects\F1\F1-Optimized-Cornering-Project\Data\image-data\session-20\throttle\Lap_8_Throttle hit_2.png,Data/image-data/session-20/throttle/Lap_8_Throttle hit_2.png,standard_laps,1,186,20,8,new_sponsor,throttle,2,../Data/image-data/session-20/throttle/Lap_8_Throttle hit_2.png,True,28225,28.225,1.1306612491607666,2.4808003902435303,True
lap_0187_brake_01,C:\Users\admin\Desktop\Summer Projects\F1\F1-Optimized-Cornering-Project\Data\image-data\session-20\brake\Lap_9_Brake hit_1.png,Data/image-data/session-20/brake/Lap_9_Brake hit_1.png,standard_laps,1,187,20,9,new_sponsor,brake,1,../Data/image-data/session-20/brake/Lap_9_Brake hit_1.png,True,28275,28.275,1.2671089172363281,2.456205129623413,True
lap_0187_brake_02,C:\Users\admin\Desktop\Summer Projects\F1\F1-Optimized-Cornering-Project\Data\image-data\session-20\brake\Lap_9_Brake hit_2.png,Data/image-data/session-20/brake/Lap_9_Brake hit_2.png,standard_laps,1,187,20,9,new_sponsor,brake,2,../Data/image-data/session-20/brake/Lap_9_Brake hit_2.png,True,28275,28.275,1.2671089172363281,2.456205129623413,True
lap_0187_throttle_01,C:\Users\admin\Desktop\Summer Projects\F1\F1-Optimized-Cornering-Project\Data\image-data\session-20\throttle\Lap_9_Throttle hit_1.png,Data/image-data/session-20/throttle/Lap_9_Throttle hit_1.png,standard_laps,1,187,20,9,new_sponsor,throttle,1,../Data/image-data/session-20/throttle/Lap_9_Throttle hit_1.png,True,28275,28.275,1.2671089172363281,2.456205129623413,True
lap_0187_throttle_02,C:\Users\admin\Desktop\Summer Projects\F1\F1-Optimized-Cornering-Project\Data\image-data\session-20\throttle\Lap_9_Throttle hit_2.png,Data/image-data/session-20/throttle/Lap_9_Throttle hit_2.png,standard_laps,1,187,20,9,new_sponsor,throttle,2,../Data/image-data/session-20/throttle/Lap_9_Throttle hit_2.png,True,28275,28.275,1.2671089172363281,2.456205129623413,True
lap_0188_brake_01,C:\Users\admin\Desktop\Summer Projects\F1\F1-Optimized-Cornering-Project\Data\image-data\session-20\brake\Lap_10_Brake hit_1.png,Data/image-data/session-20/brake/Lap_10_Brake hit_1.png,sub_standard_laps,2,188,20,10,new_sponsor,brake,1,../Data/image-data/session-20/brake/Lap_10_Brake hit_1.png,True,28797,28.797,1.204782485961914,2.7582132816314697,True
lap_0188_brake_02,C:\Users\admin\Desktop\Summer Projects\F1\F1-Optimized-Cornering-Project\Data\image-data\session-20\brake\Lap_10_Brake hit_2.png,Data/image-data/session-20/brake/Lap_10_Brake hit_2.png,sub_standard_laps,2,188,20,10,new_sponsor,brake,2,../Data/image-data/session-20/brake/Lap_10_Brake hit_2.png,True,28797,28.797,1.204782485961914,2.7582132816314697,True
lap_0188_throttle_01,C:\Users\admin\Desktop\Summer Projects\F1\F1-Optimized-Cornering-Project\Data\image-data\session-20\throttle\Lap_10_Throttle hit_1.png,Data/image-data/session-20/throttle/Lap_10_Throttle hit_1.png,sub_standard_laps,2,188,20,10,new_sponsor,throttle,1,../Data/image-data/session-20/throttle/Lap_10_Throttle hit_1.png,True,28797,28.797,1.204782485961914,2.7582132816314697,True
lap_0188_throttle_02,C:\Users\admin\Desktop\Summer Projects\F1\F1-Optimized-Cornering-Project\Data\image-data\session-20\throttle\Lap_10_Throttle hit_2.png,Data/image-data/session-20/throttle/Lap_10_Throttle hit_2.png,sub_standard_laps,2,188,20,10,new_sponsor,throttle,2,../Data/image-data/session-20/throttle/Lap_10_Throttle hit_2.png,True,28797,28.797,1.204782485961914,2.7582132816314697,True
lap_0189_brake_01,C:\Users\admin\Desktop\Summer Projects\F1\F1-Optimized-Cornering-Project\Data\image-data\session-21\brake\Lap_1_Brake hit_1.png,Data/image-data/session-21/brake/Lap_1_Brake hit_1.png,standard_laps,1,189,21,1,new_sponsor,brake,1,../Data/image-data/session-21/brake/Lap_1_Brake hit_1.png,True,28164,28.164,1.3031136989593506,1.9885492324829102,True
lap_0189_brake_02,C:\Users\admin\Desktop\Summer Projects\F1\F1-Optimized-Cornering-Project\Data\image-data\session-21\brake\Lap_1_Brake hit_2.png,Data/image-data/session-21/brake/Lap_1_Brake hit_2.png,standard_laps,1,189,21,1,new_sponsor,brake,2,../Data/image-data/session-21/brake/Lap_1_Brake hit_2.png,True,28164,28.164,1.3031136989593506,1.9885492324829102,True
lap_0189_throttle_01,C:\Users\admin\Desktop\Summer Projects\F1\F1-Optimized-Cornering-Project\Data\image-data\session-21\throttle\Lap_1_Throttle hit_1.png,Data/image-data/session-21/throttle/Lap_1_Throttle hit_1.png,standard_laps,1,189,21,1,new_sponsor,throttle,1,../Data/image-data/session-21/throttle/Lap_1_Throttle hit_1.png,True,28164,28.164,1.3031136989593506,1.9885492324829102,True
lap_0189_throttle_02,C:\Users\admin\Desktop\Summer Projects\F1\F1-Optimized-Cornering-Project\Data\image-data\session-21\throttle\Lap_1_Throttle hit_2.png,Data/image-data/session-21/throttle/Lap_1_Throttle hit_2.png,standard_laps,1,189,21,1,new_sponsor,throttle,2,../Data/image-data/session-21/throttle/Lap_1_Throttle hit_2.png,True,28164,28.164,1.3031136989593506,1.9885492324829102,True
lap_0190_brake_01,C:\Users\admin\Desktop\Summer Projects\F1\F1-Optimized-Cornering-Project\Data\image-data\session-21\brake\Lap_2_Brake hit_1.png,Data/image-data/session-21/brake/Lap_2_Brake hit_1.png,standard_laps,1,190,21,2,new_sponsor,brake,1,../Data/image-data/session-21/brake/Lap_2_Brake hit_1.png,True,28267,28.267,1.0937678813934326,2.34713077545166,True
lap_0190_brake_02,C:\Users\admin\Desktop\Summer Projects\F1\F1-Optimized-Cornering-Project\Data\image-data\session-21\brake\Lap_2_Brake hit_2.png,Data/image-data/session-21/brake/Lap_2_Brake hit_2.png,standard_laps,1,190,21,2,new_sponsor,brake,2,../Data/image-data/session-21/brake/Lap_2_Brake hit_2.png,True,28267,28.267,1.0937678813934326,2.34713077545166,True
lap_0190_throttle_01,C:\Users\admin\Desktop\Summer Projects\F1\F1-Optimized-Cornering-Project\Data\image-data\session-21\throttle\Lap_2_Throttle hit_1.png,Data/image-data/session-21/throttle/Lap_2_Throttle hit_1.png,standard_laps,1,190,21,2,new_sponsor,throttle,1,../Data/image-data/session-21/throttle/Lap_2_Throttle hit_1.png,True,28267,28.267,1.0937678813934326,2.34713077545166,True
lap_0190_throttle_02,C:\Users\admin\Desktop\Summer Projects\F1\F1-Optimized-Cornering-Project\Data\image-data\session-21\throttle\Lap_2_Throttle hit_2.png,Data/image-data/session-21/throttle/Lap_2_Throttle hit_2.png,standard_laps,1,190,21,2,new_sponsor,throttle,2,../Data/image-data/session-21/throttle/Lap_2_Throttle hit_2.png,True,28267,28.267,1.0937678813934326,2.34713077545166,True
lap_0191_brake_01,C:\Users\admin\Desktop\Summer Projects\F1\F1-Optimized-Cornering-Project\Data\image-data\session-21\brake\Lap_3_Brake hit_1.png,Data/image-data/session-21/brake/Lap_3_Brake hit_1.png,sub_standard_laps,2,191,21,3,new_sponsor,brake,1,../Data/image-data/session-21/brake/Lap_3_Brake hit_1.png,True,29181,29.181,1.9040696620941162,2.0202112197875977,True
lap_0191_brake_02,C:\Users\admin\Desktop\Summer Projects\F1\F1-Optimized-Cornering-Project\Data\image-data\session-21\brake\Lap_3_Brake hit_2.png,Data/image-data/session-21/brake/Lap_3_Brake hit_2.png,sub_standard_laps,2,191,21,3,new_sponsor,brake,2,../Data/image-data/session-21/brake/Lap_3_Brake hit_2.png,True,29181,29.181,1.9040696620941162,2.0202112197875977,True
lap_0191_throttle_01,C:\Users\admin\Desktop\Summer Projects\F1\F1-Optimized-Cornering-Project\Data\image-data\session-21\throttle\Lap_3_Throttle hit_1.png,Data/image-data/session-21/throttle/Lap_3_Throttle hit_1.png,sub_standard_laps,2,191,21,3,new_sponsor,throttle,1,../Data/image-data/session-21/throttle/Lap_3_Throttle hit_1.png,True,29181,29.181,1.9040696620941162,2.0202112197875977,True
lap_0191_throttle_02,C:\Users\admin\Desktop\Summer Projects\F1\F1-Optimized-Cornering-Project\Data\image-data\session-21\throttle\Lap_3_Throttle hit_2.png,Data/image-data/session-21/throttle/Lap_3_Throttle hit_2.png,sub_standard_laps,2,191,21,3,new_sponsor,throttle,2,../Data/image-data/session-21/throttle/Lap_3_Throttle hit_2.png,True,29181,29.181,1.9040696620941162,2.0202112197875977,True
lap_0192_brake_01,C:\Users\admin\Desktop\Summer Projects\F1\F1-Optimized-Cornering-Project\Data\image-data\session-21\brake\Lap_4_Brake hit_1.png,Data/image-data/session-21/brake/Lap_4_Brake hit_1.png,standard_laps,1,192,21,4,new_sponsor,brake,1,../Data/image-data/session-21/brake/Lap_4_Brake hit_1.png,True,28394,28.394,1.8130121231079102,2.5484938621520996,True
lap_0192_brake_02,C:\Users\admin\Desktop\Summer Projects\F1\F1-Optimized-Cornering-Project\Data\image-data\session-21\brake\Lap_4_Brake hit_2.png,Data/image-data/session-21/brake/Lap_4_Brake hit_2.png,standard_laps,1,192,21,4,new_sponsor,brake,2,../Data/image-data/session-21/brake/Lap_4_Brake hit_2.png,True,28394,28.394,1.8130121231079102,2.5484938621520996,True
lap_0192_throttle_01,C:\Users\admin\Desktop\Summer Projects\F1\F1-Optimized-Cornering-Project\Data\image-data\session-21\throttle\Lap_4_Throttle hit_1.png,Data/image-data/session-21/throttle/Lap_4_Throttle hit_1.png,standard_laps,1,192,21,4,new_sponsor,throttle,1,../Data/image-data/session-21/throttle/Lap_4_Throttle hit_1.png,True,28394,28.394,1.8130121231079102,2.5484938621520996,True
lap_0192_throttle_02,C:\Users\admin\Desktop\Summer Projects\F1\F1-Optimized-Cornering-Project\Data\image-data\session-21\throttle\Lap_4_Throttle hit_2.png,Data/image-data/session-21/throttle/Lap_4_Throttle hit_2.png,standard_laps,1,192,21,4,new_sponsor,throttle,2,../Data/image-data/session-21/throttle/Lap_4_Throttle hit_2.png,True,28394,28.394,1.8130121231079102,2.5484938621520996,True
lap_0193_brake_01,C:\Users\admin\Desktop\Summer Projects\F1\F1-Optimized-Cornering-Project\Data\image-data\session-21\brake\Lap_5_Brake hit_1.png,Data/image-data/session-21/brake/Lap_5_Brake hit_1.png,standard_laps,1,193,21,5,new_sponsor,brake,1,../Data/image-data/session-21/brake/Lap_5_Brake hit_1.png,True,28202,28.202,1.3331263065338135,2.552823305130005,True
lap_0193_brake_02,C:\Users\admin\Desktop\Summer Projects\F1\F1-Optimized-Cornering-Project\Data\image-data\session-21\brake\Lap_5_Brake hit_2.png,Data/image-data/session-21/brake/Lap_5_Brake hit_2.png,standard_laps,1,193,21,5,new_sponsor,brake,2,../Data/image-data/session-21/brake/Lap_5_Brake hit_2.png,True,28202,28.202,1.3331263065338135,2.552823305130005,True
lap_0193_throttle_01,C:\Users\admin\Desktop\Summer Projects\F1\F1-Optimized-Cornering-Project\Data\image-data\session-21\throttle\Lap_5_Throttle hit_1.png,Data/image-data/session-21/throttle/Lap_5_Throttle hit_1.png,standard_laps,1,193,21,5,new_sponsor,throttle,1,../Data/image-data/session-21/throttle/Lap_5_Throttle hit_1.png,True,28202,28.202,1.3331263065338135,2.552823305130005,True
lap_0193_throttle_02,C:\Users\admin\Desktop\Summer Projects\F1\F1-Optimized-Cornering-Project\Data\image-data\session-21\throttle\Lap_5_Throttle hit_2.png,Data/image-data/session-21/throttle/Lap_5_Throttle hit_2.png,standard_laps,1,193,21,5,new_sponsor,throttle,2,../Data/image-data/session-21/throttle/Lap_5_Throttle hit_2.png,True,28202,28.202,1.3331263065338135,2.552823305130005,True
lap_0194_brake_01,C:\Users\admin\Desktop\Summer Projects\F1\F1-Optimized-Cornering-Project\Data\image-data\session-21\brake\Lap_6_Brake hit_1.png,Data/image-data/session-21/brake/Lap_6_Brake hit_1.png,standard_laps,1,194,21,6,new_sponsor,brake,1,../Data/image-data/session-21/brake/Lap_6_Brake hit_1.png,True,28188,28.188,1.5719232559204102,2.2647488117218018,True
lap_0194_brake_02,C:\Users\admin\Desktop\Summer Projects\F1\F1-Optimized-Cornering-Project\Data\image-data\session-21\brake\Lap_6_Brake hit_2.png,Data/image-data/session-21/brake/Lap_6_Brake hit_2.png,standard_laps,1,194,21,6,new_sponsor,brake,2,../Data/image-data/session-21/brake/Lap_6_Brake hit_2.png,True,28188,28.188,1.5719232559204102,2.2647488117218018,True
lap_0194_throttle_01,C:\Users\admin\Desktop\Summer Projects\F1\F1-Optimized-Cornering-Project\Data\image-data\session-21\throttle\Lap_6_Throttle hit_1.png,Data/image-data/session-21/throttle/Lap_6_Throttle hit_1.png,standard_laps,1,194,21,6,new_sponsor,throttle,1,../Data/image-data/session-21/throttle/Lap_6_Throttle hit_1.png,True,28188,28.188,1.5719232559204102,2.2647488117218018,True
lap_0194_throttle_02,C:\Users\admin\Desktop\Summer Projects\F1\F1-Optimized-Cornering-Project\Data\image-data\session-21\throttle\Lap_6_Throttle hit_2.png,Data/image-data/session-21/throttle/Lap_6_Throttle hit_2.png,standard_laps,1,194,21,6,new_sponsor,throttle,2,../Data/image-data/session-21/throttle/Lap_6_Throttle hit_2.png,True,28188,28.188,1.5719232559204102,2.2647488117218018,True
lap_0196_brake_01,C:\Users\admin\Desktop\Summer Projects\F1\F1-Optimized-Cornering-Project\Data\image-data\session-21\brake\Lap_8_Brake hit_1.png,Data/image-data/session-21/brake/Lap_8_Brake hit_1.png,optimal_laps,0,196,21,8,new_sponsor,brake,1,../Data/image-data/session-21/brake/Lap_8_Brake hit_1.png,True,28062,28.062,1.554389238357544,2.588992118835449,True
lap_0196_brake_02,C:\Users\admin\Desktop\Summer Projects\F1\F1-Optimized-Cornering-Project\Data\image-data\session-21\brake\Lap_8_Brake hit_2.png,Data/image-data/session-21/brake/Lap_8_Brake hit_2.png,optimal_laps,0,196,21,8,new_sponsor,brake,2,../Data/image-data/session-21/brake/Lap_8_Brake hit_2.png,True,28062,28.062,1.554389238357544,2.588992118835449,True
lap_0196_throttle_01,C:\Users\admin\Desktop\Summer Projects\F1\F1-Optimized-Cornering-Project\Data\image-data\session-21\throttle\Lap_8_Throttle hit_1.png,Data/image-data/session-21/throttle/Lap_8_Throttle hit_1.png,optimal_laps,0,196,21,8,new_sponsor,throttle,1,../Data/image-data/session-21/throttle/Lap_8_Throttle hit_1.png,True,28062,28.062,1.554389238357544,2.588992118835449,True
lap_0196_throttle_02,C:\Users\admin\Desktop\Summer Projects\F1\F1-Optimized-Cornering-Project\Data\image-data\session-21\throttle\Lap_8_Throttle hit_2.png,Data/image-data/session-21/throttle/Lap_8_Throttle hit_2.png,optimal_laps,0,196,21,8,new_sponsor,throttle,2,../Data/image-data/session-21/throttle/Lap_8_Throttle hit_2.png,True,28062,28.062,1.554389238357544,2.588992118835449,True
lap_0197_brake_01,C:\Users\admin\Desktop\Summer Projects\F1\F1-Optimized-Cornering-Project\Data\image-data\session-21\brake\Lap_9_Brake hit_1.png,Data/image-data/session-21/brake/Lap_9_Brake hit_1.png,standard_laps,1,197,21,9,new_sponsor,brake,1,../Data/image-data/session-21/brake/Lap_9_Brake hit_1.png,True,28504,28.504,1.875321865081787,2.3951878547668457,True
lap_0197_brake_02,C:\Users\admin\Desktop\Summer Projects\F1\F1-Optimized-Cornering-Project\Data\image-data\session-21\brake\Lap_9_Brake hit_2.png,Data/image-data/session-21/brake/Lap_9_Brake hit_2.png,standard_laps,1,197,21,9,new_sponsor,brake,2,../Data/image-data/session-21/brake/Lap_9_Brake hit_2.png,True,28504,28.504,1.875321865081787,2.3951878547668457,True
lap_0197_throttle_01,C:\Users\admin\Desktop\Summer Projects\F1\F1-Optimized-Cornering-Project\Data\image-data\session-21\throttle\Lap_9_Throttle hit_1.png,Data/image-data/session-21/throttle/Lap_9_Throttle hit_1.png,standard_laps,1,197,21,9,new_sponsor,throttle,1,../Data/image-data/session-21/throttle/Lap_9_Throttle hit_1.png,True,28504,28.504,1.875321865081787,2.3951878547668457,True
lap_0197_throttle_02,C:\Users\admin\Desktop\Summer Projects\F1\F1-Optimized-Cornering-Project\Data\image-data\session-21\throttle\Lap_9_Throttle hit_2.png,Data/image-data/session-21/throttle/Lap_9_Throttle hit_2.png,standard_laps,1,197,21,9,new_sponsor,throttle,2,../Data/image-data/session-21/throttle/Lap_9_Throttle hit_2.png,True,28504,28.504,1.875321865081787,2.3951878547668457,True
lap_0198_brake_01,C:\Users\admin\Desktop\Summer Projects\F1\F1-Optimized-Cornering-Project\Data\image-data\session-21\brake\Lap_10_Brake hit_1.png,Data/image-data/session-21/brake/Lap_10_Brake hit_1.png,sub_standard_laps,2,198,21,10,new_sponsor,brake,1,../Data/image-data/session-21/brake/Lap_10_Brake hit_1.png,True,28648,28.648,1.9607179164886475,2.572036027908325,True
lap_0198_brake_02,C:\Users\admin\Desktop\Summer Projects\F1\F1-Optimized-Cornering-Project\Data\image-data\session-21\brake\Lap_10_Brake hit_2.png,Data/image-data/session-21/brake/Lap_10_Brake hit_2.png,sub_standard_laps,2,198,21,10,new_sponsor,brake,2,../Data/image-data/session-21/brake/Lap_10_Brake hit_2.png,True,28648,28.648,1.9607179164886475,2.572036027908325,True
lap_0198_throttle_01,C:\Users\admin\Desktop\Summer Projects\F1\F1-Optimized-Cornering-Project\Data\image-data\session-21\throttle\Lap_10_Throttle hit_1.png,Data/image-data/session-21/throttle/Lap_10_Throttle hit_1.png,sub_standard_laps,2,198,21,10,new_sponsor,throttle,1,../Data/image-data/session-21/throttle/Lap_10_Throttle hit_1.png,True,28648,28.648,1.9607179164886475,2.572036027908325,True
lap_0198_throttle_02,C:\Users\admin\Desktop\Summer Projects\F1\F1-Optimized-Cornering-Project\Data\image-data\session-21\throttle\Lap_10_Throttle hit_2.png,Data/image-data/session-21/throttle/Lap_10_Throttle hit_2.png,sub_standard_laps,2,198,21,10,new_sponsor,throttle,2,../Data/image-data/session-21/throttle/Lap_10_Throttle hit_2.png,True,28648,28.648,1.9607179164886475,2.572036027908325,True
lap_0199_brake_01,C:\Users\admin\Desktop\Summer Projects\F1\F1-Optimized-Cornering-Project\Data\image-data\session-22\brake\Lap_1_Brake hit_1.png,Data/image-data/session-22/brake/Lap_1_Brake hit_1.png,optimal_laps,0,199,22,1,new_sponsor,brake,1,../Data/image-data/session-22/brake/Lap_1_Brake hit_1.png,True,28018,28.018,1.229402780532837,2.5532338619232178,True
lap_0199_brake_02,C:\Users\admin\Desktop\Summer Projects\F1\F1-Optimized-Cornering-Project\Data\image-data\session-22\brake\Lap_1_Brake hit_2.png,Data/image-data/session-22/brake/Lap_1_Brake hit_2.png,optimal_laps,0,199,22,1,new_sponsor,brake,2,../Data/image-data/session-22/brake/Lap_1_Brake hit_2.png,True,28018,28.018,1.229402780532837,2.5532338619232178,True
lap_0199_throttle_01,C:\Users\admin\Desktop\Summer Projects\F1\F1-Optimized-Cornering-Project\Data\image-data\session-22\throttle\Lap_1_Throttle hit_1.png,Data/image-data/session-22/throttle/Lap_1_Throttle hit_1.png,optimal_laps,0,199,22,1,new_sponsor,throttle,1,../Data/image-data/session-22/throttle/Lap_1_Throttle hit_1.png,True,28018,28.018,1.229402780532837,2.5532338619232178,True
lap_0199_throttle_02,C:\Users\admin\Desktop\Summer Projects\F1\F1-Optimized-Cornering-Project\Data\image-data\session-22\throttle\Lap_1_Throttle hit_2.png,Data/image-data/session-22/throttle/Lap_1_Throttle hit_2.png,optimal_laps,0,199,22,1,new_sponsor,throttle,2,../Data/image-data/session-22/throttle/Lap_1_Throttle hit_2.png,True,28018,28.018,1.229402780532837,2.5532338619232178,True
lap_0200_brake_01,C:\Users\admin\Desktop\Summer Projects\F1\F1-Optimized-Cornering-Project\Data\image-data\session-22\brake\Lap_2_Brake hit_1.png,Data/image-data/session-22/brake/Lap_2_Brake hit_1.png,standard_laps,1,200,22,2,new_sponsor,brake,1,../Data/image-data/session-22/brake/Lap_2_Brake hit_1.png,True,28403,28.403,1.8903777599334717,2.46596097946167,True
lap_0200_brake_02,C:\Users\admin\Desktop\Summer Projects\F1\F1-Optimized-Cornering-Project\Data\image-data\session-22\brake\Lap_2_Brake hit_2.png,Data/image-data/session-22/brake/Lap_2_Brake hit_2.png,standard_laps,1,200,22,2,new_sponsor,brake,2,../Data/image-data/session-22/brake/Lap_2_Brake hit_2.png,True,28403,28.403,1.8903777599334717,2.46596097946167,True
lap_0200_throttle_01,C:\Users\admin\Desktop\Summer Projects\F1\F1-Optimized-Cornering-Project\Data\image-data\session-22\throttle\Lap_2_Throttle hit_1.png,Data/image-data/session-22/throttle/Lap_2_Throttle hit_1.png,standard_laps,1,200,22,2,new_sponsor,throttle,1,../Data/image-data/session-22/throttle/Lap_2_Throttle hit_1.png,True,28403,28.403,1.8903777599334717,2.46596097946167,True
lap_0200_throttle_02,C:\Users\admin\Desktop\Summer Projects\F1\F1-Optimized-Cornering-Project\Data\image-data\session-22\throttle\Lap_2_Throttle hit_2.png,Data/image-data/session-22/throttle/Lap_2_Throttle hit_2.png,standard_laps,1,200,22,2,new_sponsor,throttle,2,../Data/image-data/session-22/throttle/Lap_2_Throttle hit_2.png,True,28403,28.403,1.8903777599334717,2.46596097946167,True
lap_0201_brake_01,C:\Users\admin\Desktop\Summer Projects\F1\F1-Optimized-Cornering-Project\Data\image-data\session-22\brake\Lap_3_Brake hit_1.png,Data/image-data/session-22/brake/Lap_3_Brake hit_1.png,standard_laps,1,201,22,3,new_sponsor,brake,1,../Data/image-data/session-22/brake/Lap_3_Brake hit_1.png,True,28564,28.564,1.5870413780212402,2.4319896697998047,True
lap_0201_brake_02,C:\Users\admin\Desktop\Summer Projects\F1\F1-Optimized-Cornering-Project\Data\image-data\session-22\brake\Lap_3_Brake hit_2.png,Data/image-data/session-22/brake/Lap_3_Brake hit_2.png,standard_laps,1,201,22,3,new_sponsor,brake,2,../Data/image-data/session-22/brake/Lap_3_Brake hit_2.png,True,28564,28.564,1.5870413780212402,2.4319896697998047,True
lap_0201_throttle_01,C:\Users\admin\Desktop\Summer Projects\F1\F1-Optimized-Cornering-Project\Data\image-data\session-22\throttle\Lap_3_Throttle hit_1.png,Data/image-data/session-22/throttle/Lap_3_Throttle hit_1.png,standard_laps,1,201,22,3,new_sponsor,throttle,1,../Data/image-data/session-22/throttle/Lap_3_Throttle hit_1.png,True,28564,28.564,1.5870413780212402,2.4319896697998047,True
lap_0201_throttle_02,C:\Users\admin\Desktop\Summer Projects\F1\F1-Optimized-Cornering-Project\Data\image-data\session-22\throttle\Lap_3_Throttle hit_2.png,Data/image-data/session-22/throttle/Lap_3_Throttle hit_2.png,standard_laps,1,201,22,3,new_sponsor,throttle,2,../Data/image-data/session-22/throttle/Lap_3_Throttle hit_2.png,True,28564,28.564,1.5870413780212402,2.4319896697998047,True
lap_0202_brake_01,C:\Users\admin\Desktop\Summer Projects\F1\F1-Optimized-Cornering-Project\Data\image-data\session-22\brake\Lap_4_Brake hit_1.png,Data/image-data/session-22/brake/Lap_4_Brake hit_1.png,standard_laps,1,202,22,4,new_sponsor,brake,1,../Data/image-data/session-22/brake/Lap_4_Brake hit_1.png,True,28146,28.146,1.5934560298919678,2.4716577529907227,True
lap_0202_brake_02,C:\Users\admin\Desktop\Summer Projects\F1\F1-Optimized-Cornering-Project\Data\image-data\session-22\brake\Lap_4_Brake hit_2.png,Data/image-data/session-22/brake/Lap_4_Brake hit_2.png,standard_laps,1,202,22,4,new_sponsor,brake,2,../Data/image-data/session-22/brake/Lap_4_Brake hit_2.png,True,28146,28.146,1.5934560298919678,2.4716577529907227,True
lap_0202_throttle_01,C:\Users\admin\Desktop\Summer Projects\F1\F1-Optimized-Cornering-Project\Data\image-data\session-22\throttle\Lap_4_Throttle hit_1.png,Data/image-data/session-22/throttle/Lap_4_Throttle hit_1.png,standard_laps,1,202,22,4,new_sponsor,throttle,1,../Data/image-data/session-22/throttle/Lap_4_Throttle hit_1.png,True,28146,28.146,1.5934560298919678,2.4716577529907227,True
lap_0202_throttle_02,C:\Users\admin\Desktop\Summer Projects\F1\F1-Optimized-Cornering-Project\Data\image-data\session-22\throttle\Lap_4_Throttle hit_2.png,Data/image-data/session-22/throttle/Lap_4_Throttle hit_2.png,standard_laps,1,202,22,4,new_sponsor,throttle,2,../Data/image-data/session-22/throttle/Lap_4_Throttle hit_2.png,True,28146,28.146,1.5934560298919678,2.4716577529907227,True
lap_0203_brake_01,C:\Users\admin\Desktop\Summer Projects\F1\F1-Optimized-Cornering-Project\Data\image-data\session-22\brake\Lap_5_Brake hit_1.png,Data/image-data/session-22/brake/Lap_5_Brake hit_1.png,standard_laps,1,203,22,5,new_sponsor,brake,1,../Data/image-data/session-22/brake/Lap_5_Brake hit_1.png,True,28190,28.19,1.4163479804992676,2.320727825164795,True
lap_0203_brake_02,C:\Users\admin\Desktop\Summer Projects\F1\F1-Optimized-Cornering-Project\Data\image-data\session-22\brake\Lap_5_Brake hit_2.png,Data/image-data/session-22/brake/Lap_5_Brake hit_2.png,standard_laps,1,203,22,5,new_sponsor,brake,2,../Data/image-data/session-22/brake/Lap_5_Brake hit_2.png,True,28190,28.19,1.4163479804992676,2.320727825164795,True
lap_0203_throttle_01,C:\Users\admin\Desktop\Summer Projects\F1\F1-Optimized-Cornering-Project\Data\image-data\session-22\throttle\Lap_5_Throttle hit_1.png,Data/image-data/session-22/throttle/Lap_5_Throttle hit_1.png,standard_laps,1,203,22,5,new_sponsor,throttle,1,../Data/image-data/session-22/throttle/Lap_5_Throttle hit_1.png,True,28190,28.19,1.4163479804992676,2.320727825164795,True
lap_0203_throttle_02,C:\Users\admin\Desktop\Summer Projects\F1\F1-Optimized-Cornering-Project\Data\image-data\session-22\throttle\Lap_5_Throttle hit_2.png,Data/image-data/session-22/throttle/Lap_5_Throttle hit_2.png,standard_laps,1,203,22,5,new_sponsor,throttle,2,../Data/image-data/session-22/throttle/Lap_5_Throttle hit_2.png,True,28190,28.19,1.4163479804992676,2.320727825164795,True
lap_0204_brake_01,C:\Users\admin\Desktop\Summer Projects\F1\F1-Optimized-Cornering-Project\Data\image-data\session-22\brake\Lap_6_Brake hit_1.png,Data/image-data/session-22/brake/Lap_6_Brake hit_1.png,optimal_laps,0,204,22,6,new_sponsor,brake,1,../Data/image-data/session-22/brake/Lap_6_Brake hit_1.png,True,27834,27.834,1.1315715312957764,2.590843677520752,True
lap_0204_brake_02,C:\Users\admin\Desktop\Summer Projects\F1\F1-Optimized-Cornering-Project\Data\image-data\session-22\brake\Lap_6_Brake hit_2.png,Data/image-data/session-22/brake/Lap_6_Brake hit_2.png,optimal_laps,0,204,22,6,new_sponsor,brake,2,../Data/image-data/session-22/brake/Lap_6_Brake hit_2.png,True,27834,27.834,1.1315715312957764,2.590843677520752,True
lap_0204_throttle_01,C:\Users\admin\Desktop\Summer Projects\F1\F1-Optimized-Cornering-Project\Data\image-data\session-22\throttle\Lap_6_Throttle hit_1.png,Data/image-data/session-22/throttle/Lap_6_Throttle hit_1.png,optimal_laps,0,204,22,6,new_sponsor,throttle,1,../Data/image-data/session-22/throttle/Lap_6_Throttle hit_1.png,True,27834,27.834,1.1315715312957764,2.590843677520752,True
lap_0204_throttle_02,C:\Users\admin\Desktop\Summer Projects\F1\F1-Optimized-Cornering-Project\Data\image-data\session-22\throttle\Lap_6_Throttle hit_2.png,Data/image-data/session-22/throttle/Lap_6_Throttle hit_2.png,optimal_laps,0,204,22,6,new_sponsor,throttle,2,../Data/image-data/session-22/throttle/Lap_6_Throttle hit_2.png,True,27834,27.834,1.1315715312957764,2.590843677520752,True
lap_0205_brake_01,C:\Users\admin\Desktop\Summer Projects\F1\F1-Optimized-Cornering-Project\Data\image-data\session-22\brake\Lap_7_Brake hit_1.png,Data/image-data/session-22/brake/Lap_7_Brake hit_1.png,standard_laps,1,205,22,7,new_sponsor,brake,1,../Data/image-data/session-22/brake/Lap_7_Brake hit_1.png,True,28237,28.237,1.5880088806152344,2.369156837463379,True
lap_0205_brake_02,C:\Users\admin\Desktop\Summer Projects\F1\F1-Optimized-Cornering-Project\Data\image-data\session-22\brake\Lap_7_Brake hit_2.png,Data/image-data/session-22/brake/Lap_7_Brake hit_2.png,standard_laps,1,205,22,7,new_sponsor,brake,2,../Data/image-data/session-22/brake/Lap_7_Brake hit_2.png,True,28237,28.237,1.5880088806152344,2.369156837463379,True
lap_0205_throttle_01,C:\Users\admin\Desktop\Summer Projects\F1\F1-Optimized-Cornering-Project\Data\image-data\session-22\throttle\Lap_7_Throttle hit_1.png,Data/image-data/session-22/throttle/Lap_7_Throttle hit_1.png,standard_laps,1,205,22,7,new_sponsor,throttle,1,../Data/image-data/session-22/throttle/Lap_7_Throttle hit_1.png,True,28237,28.237,1.5880088806152344,2.369156837463379,True
lap_0205_throttle_02,C:\Users\admin\Desktop\Summer Projects\F1\F1-Optimized-Cornering-Project\Data\image-data\session-22\throttle\Lap_7_Throttle hit_2.png,Data/image-data/session-22/throttle/Lap_7_Throttle hit_2.png,standard_laps,1,205,22,7,new_sponsor,throttle,2,../Data/image-data/session-22/throttle/Lap_7_Throttle hit_2.png,True,28237,28.237,1.5880088806152344,2.369156837463379,True
lap_0206_brake_01,C:\Users\admin\Desktop\Summer Projects\F1\F1-Optimized-Cornering-Project\Data\image-data\session-22\brake\Lap_8_Brake hit_1.png,Data/image-data/session-22/brake/Lap_8_Brake hit_1.png,sub_standard_laps,2,206,22,8,new_sponsor,brake,1,../Data/image-data/session-22/brake/Lap_8_Brake hit_1.png,True,28687,28.687,1.605426549911499,2.735373020172119,True
lap_0206_brake_02,C:\Users\admin\Desktop\Summer Projects\F1\F1-Optimized-Cornering-Project\Data\image-data\session-22\brake\Lap_8_Brake hit_2.png,Data/image-data/session-22/brake/Lap_8_Brake hit_2.png,sub_standard_laps,2,206,22,8,new_sponsor,brake,2,../Data/image-data/session-22/brake/Lap_8_Brake hit_2.png,True,28687,28.687,1.605426549911499,2.735373020172119,True
lap_0206_throttle_01,C:\Users\admin\Desktop\Summer Projects\F1\F1-Optimized-Cornering-Project\Data\image-data\session-22\throttle\Lap_8_Throttle hit_1.png,Data/image-data/session-22/throttle/Lap_8_Throttle hit_1.png,sub_standard_laps,2,206,22,8,new_sponsor,throttle,1,../Data/image-data/session-22/throttle/Lap_8_Throttle hit_1.png,True,28687,28.687,1.605426549911499,2.735373020172119,True
lap_0206_throttle_02,C:\Users\admin\Desktop\Summer Projects\F1\F1-Optimized-Cornering-Project\Data\image-data\session-22\throttle\Lap_8_Throttle hit_2.png,Data/image-data/session-22/throttle/Lap_8_Throttle hit_2.png,sub_standard_laps,2,206,22,8,new_sponsor,throttle,2,../Data/image-data/session-22/throttle/Lap_8_Throttle hit_2.png,True,28687,28.687,1.605426549911499,2.735373020172119,True
lap_0207_brake_01,C:\Users\admin\Desktop\Summer Projects\F1\F1-Optimized-Cornering-Project\Data\image-data\session-22\brake\Lap_9_Brake hit_1.png,Data/image-data/session-22/brake/Lap_9_Brake hit_1.png,standard_laps,1,207,22,9,new_sponsor,brake,1,../Data/image-data/session-22/brake/Lap_9_Brake hit_1.png,True,28437,28.437,1.7414557933807373,2.4673750400543213,True
lap_0207_brake_02,C:\Users\admin\Desktop\Summer Projects\F1\F1-Optimized-Cornering-Project\Data\image-data\session-22\brake\Lap_9_Brake hit_2.png,Data/image-data/session-22/brake/Lap_9_Brake hit_2.png,standard_laps,1,207,22,9,new_sponsor,brake,2,../Data/image-data/session-22/brake/Lap_9_Brake hit_2.png,True,28437,28.437,1.7414557933807373,2.4673750400543213,True
lap_0207_throttle_01,C:\Users\admin\Desktop\Summer Projects\F1\F1-Optimized-Cornering-Project\Data\image-data\session-22\throttle\Lap_9_Throttle hit_1.png,Data/image-data/session-22/throttle/Lap_9_Throttle hit_1.png,standard_laps,1,207,22,9,new_sponsor,throttle,1,../Data/image-data/session-22/throttle/Lap_9_Throttle hit_1.png,True,28437,28.437,1.7414557933807373,2.4673750400543213,True
lap_0207_throttle_02,C:\Users\admin\Desktop\Summer Projects\F1\F1-Optimized-Cornering-Project\Data\image-data\session-22\throttle\Lap_9_Throttle hit_2.png,Data/image-data/session-22/throttle/Lap_9_Throttle hit_2.png,standard_laps,1,207,22,9,new_sponsor,throttle,2,../Data/image-data/session-22/throttle/Lap_9_Throttle hit_2.png,True,28437,28.437,1.7414557933807373,2.4673750400543213,True
lap_0208_brake_01,C:\Users\admin\Desktop\Summer Projects\F1\F1-Optimized-Cornering-Project\Data\image-data\session-22\brake\Lap_10_Brake hit_1.png,Data/image-data/session-22/brake/Lap_10_Brake hit_1.png,sub_standard_laps,2,208,22,10,new_sponsor,brake,1,../Data/image-data/session-22/brake/Lap_10_Brake hit_1.png,True,28952,28.952,1.9032089710235596,2.5597712993621826,True
lap_0208_brake_02,C:\Users\admin\Desktop\Summer Projects\F1\F1-Optimized-Cornering-Project\Data\image-data\session-22\brake\Lap_10_Brake hit_2.png,Data/image-data/session-22/brake/Lap_10_Brake hit_2.png,sub_standard_laps,2,208,22,10,new_sponsor,brake,2,../Data/image-data/session-22/brake/Lap_10_Brake hit_2.png,True,28952,28.952,1.9032089710235596,2.5597712993621826,True
lap_0208_throttle_01,C:\Users\admin\Desktop\Summer Projects\F1\F1-Optimized-Cornering-Project\Data\image-data\session-22\throttle\Lap_10_Throttle hit_1.png,Data/image-data/session-22/throttle/Lap_10_Throttle hit_1.png,sub_standard_laps,2,208,22,10,new_sponsor,throttle,1,../Data/image-data/session-22/throttle/Lap_10_Throttle hit_1.png,True,28952,28.952,1.9032089710235596,2.5597712993621826,True
lap_0208_throttle_02,C:\Users\admin\Desktop\Summer Projects\F1\F1-Optimized-Cornering-Project\Data\image-data\session-22\throttle\Lap_10_Throttle hit_2.png,Data/image-data/session-22/throttle/Lap_10_Throttle hit_2.png,sub_standard_laps,2,208,22,10,new_sponsor,throttle,2,../Data/image-data/session-22/throttle/Lap_10_Throttle hit_2.png,True,28952,28.952,1.9032089710235596,2.5597712993621826,True
lap_0209_brake_01,C:\Users\admin\Desktop\Summer Projects\F1\F1-Optimized-Cornering-Project\Data\image-data\session-22\brake\Lap_11_Brake hit_1.png,Data/image-data/session-22/brake/Lap_11_Brake hit_1.png,standard_laps,1,209,22,11,new_sponsor,brake,1,../Data/image-data/session-22/brake/Lap_11_Brake hit_1.png,True,28415,28.415,1.4900100231170654,2.7089343070983887,True
lap_0209_brake_02,C:\Users\admin\Desktop\Summer Projects\F1\F1-Optimized-Cornering-Project\Data\image-data\session-22\brake\Lap_11_Brake hit_2.png,Data/image-data/session-22/brake/Lap_11_Brake hit_2.png,standard_laps,1,209,22,11,new_sponsor,brake,2,../Data/image-data/session-22/brake/Lap_11_Brake hit_2.png,True,28415,28.415,1.4900100231170654,2.7089343070983887,True
lap_0209_throttle_01,C:\Users\admin\Desktop\Summer Projects\F1\F1-Optimized-Cornering-Project\Data\image-data\session-22\throttle\Lap_11_Throttle hit_1.png,Data/image-data/session-22/throttle/Lap_11_Throttle hit_1.png,standard_laps,1,209,22,11,new_sponsor,throttle,1,../Data/image-data/session-22/throttle/Lap_11_Throttle hit_1.png,True,28415,28.415,1.4900100231170654,2.7089343070983887,True
lap_0209_throttle_02,C:\Users\admin\Desktop\Summer Projects\F1\F1-Optimized-Cornering-Project\Data\image-data\session-22\throttle\Lap_11_Throttle hit_2.png,Data/image-data/session-22/throttle/Lap_11_Throttle hit_2.png,standard_laps,1,209,22,11,new_sponsor,throttle,2,../Data/image-data/session-22/throttle/Lap_11_Throttle hit_2.png,True,28415,28.415,1.4900100231170654,2.7089343070983887,True
lap_0210_brake_01,C:\Users\admin\Desktop\Summer Projects\F1\F1-Optimized-Cornering-Project\Data\image-data\session-22\brake\Lap_12_Brake hit_1.png,Data/image-data/session-22/brake/Lap_12_Brake hit_1.png,standard_laps,1,210,22,12,new_sponsor,brake,1,../Data/image-data/session-22/brake/Lap_12_Brake hit_1.png,True,28475,28.475,1.334216833114624,2.2954657077789307,True
lap_0210_brake_02,C:\Users\admin\Desktop\Summer Projects\F1\F1-Optimized-Cornering-Project\Data\image-data\session-22\brake\Lap_12_Brake hit_2.png,Data/image-data/session-22/brake/Lap_12_Brake hit_2.png,standard_laps,1,210,22,12,new_sponsor,brake,2,../Data/image-data/session-22/brake/Lap_12_Brake hit_2.png,True,28475,28.475,1.334216833114624,2.2954657077789307,True
lap_0210_throttle_01,C:\Users\admin\Desktop\Summer Projects\F1\F1-Optimized-Cornering-Project\Data\image-data\session-22\throttle\Lap_12_Throttle hit_1.png,Data/image-data/session-22/throttle/Lap_12_Throttle hit_1.png,standard_laps,1,210,22,12,new_sponsor,throttle,1,../Data/image-data/session-22/throttle/Lap_12_Throttle hit_1.png,True,28475,28.475,1.334216833114624,2.2954657077789307,True
lap_0210_throttle_02,C:\Users\admin\Desktop\Summer Projects\F1\F1-Optimized-Cornering-Project\Data\image-data\session-22\throttle\Lap_12_Throttle hit_2.png,Data/image-data/session-22/throttle/Lap_12_Throttle hit_2.png,standard_laps,1,210,22,12,new_sponsor,throttle,2,../Data/image-data/session-22/throttle/Lap_12_Throttle hit_2.png,True,28475,28.475,1.334216833114624,2.2954657077789307,True
lap_0211_brake_01,C:\Users\admin\Desktop\Summer Projects\F1\F1-Optimized-Cornering-Project\Data\image-data\session-23\brake\Lap_1_Brake hit_1.png,Data/image-data/session-23/brake/Lap_1_Brake hit_1.png,sub_standard_laps,2,211,23,1,new_sponsor,brake,1,../Data/image-data/session-23/brake/Lap_1_Brake hit_1.png,True,28595,28.595,1.3855092525482178,2.775134801864624,True
lap_0211_brake_02,C:\Users\admin\Desktop\Summer Projects\F1\F1-Optimized-Cornering-Project\Data\image-data\session-23\brake\Lap_1_Brake hit_2.png,Data/image-data/session-23/brake/Lap_1_Brake hit_2.png,sub_standard_laps,2,211,23,1,new_sponsor,brake,2,../Data/image-data/session-23/brake/Lap_1_Brake hit_2.png,True,28595,28.595,1.3855092525482178,2.775134801864624,True
lap_0211_throttle_01,C:\Users\admin\Desktop\Summer Projects\F1\F1-Optimized-Cornering-Project\Data\image-data\session-23\throttle\Lap_1_Throttle hit_1.png,Data/image-data/session-23/throttle/Lap_1_Throttle hit_1.png,sub_standard_laps,2,211,23,1,new_sponsor,throttle,1,../Data/image-data/session-23/throttle/Lap_1_Throttle hit_1.png,True,28595,28.595,1.3855092525482178,2.775134801864624,True
lap_0211_throttle_02,C:\Users\admin\Desktop\Summer Projects\F1\F1-Optimized-Cornering-Project\Data\image-data\session-23\throttle\Lap_1_Throttle hit_2.png,Data/image-data/session-23/throttle/Lap_1_Throttle hit_2.png,sub_standard_laps,2,211,23,1,new_sponsor,throttle,2,../Data/image-data/session-23/throttle/Lap_1_Throttle hit_2.png,True,28595,28.595,1.3855092525482178,2.775134801864624,True
lap_0212_brake_01,C:\Users\admin\Desktop\Summer Projects\F1\F1-Optimized-Cornering-Project\Data\image-data\session-23\brake\Lap_2_Brake hit_1.png,Data/image-data/session-23/brake/Lap_2_Brake hit_1.png,standard_laps,1,212,23,2,new_sponsor,brake,1,../Data/image-data/session-23/brake/Lap_2_Brake hit_1.png,True,28478,28.478,1.6400909423828125,2.2951948642730713,True
lap_0212_brake_02,C:\Users\admin\Desktop\Summer Projects\F1\F1-Optimized-Cornering-Project\Data\image-data\session-23\brake\Lap_2_Brake hit_2.png,Data/image-data/session-23/brake/Lap_2_Brake hit_2.png,standard_laps,1,212,23,2,new_sponsor,brake,2,../Data/image-data/session-23/brake/Lap_2_Brake hit_2.png,True,28478,28.478,1.6400909423828125,2.2951948642730713,True
lap_0212_throttle_01,C:\Users\admin\Desktop\Summer Projects\F1\F1-Optimized-Cornering-Project\Data\image-data\session-23\throttle\Lap_2_Throttle hit_1.png,Data/image-data/session-23/throttle/Lap_2_Throttle hit_1.png,standard_laps,1,212,23,2,new_sponsor,throttle,1,../Data/image-data/session-23/throttle/Lap_2_Throttle hit_1.png,True,28478,28.478,1.6400909423828125,2.2951948642730713,True
lap_0212_throttle_02,C:\Users\admin\Desktop\Summer Projects\F1\F1-Optimized-Cornering-Project\Data\image-data\session-23\throttle\Lap_2_Throttle hit_2.png,Data/image-data/session-23/throttle/Lap_2_Throttle hit_2.png,standard_laps,1,212,23,2,new_sponsor,throttle,2,../Data/image-data/session-23/throttle/Lap_2_Throttle hit_2.png,True,28478,28.478,1.6400909423828125,2.2951948642730713,True
lap_0213_brake_01,C:\Users\admin\Desktop\Summer Projects\F1\F1-Optimized-Cornering-Project\Data\image-data\session-23\brake\Lap_3_Brake hit_1.png,Data/image-data/session-23/brake/Lap_3_Brake hit_1.png,standard_laps,1,213,23,3,new_sponsor,brake,1,../Data/image-data/session-23/brake/Lap_3_Brake hit_1.png,True,28300,28.3,1.5599353313446045,2.667314291000366,True
lap_0213_brake_02,C:\Users\admin\Desktop\Summer Projects\F1\F1-Optimized-Cornering-Project\Data\image-data\session-23\brake\Lap_3_Brake hit_2.png,Data/image-data/session-23/brake/Lap_3_Brake hit_2.png,standard_laps,1,213,23,3,new_sponsor,brake,2,../Data/image-data/session-23/brake/Lap_3_Brake hit_2.png,True,28300,28.3,1.5599353313446045,2.667314291000366,True
lap_0213_throttle_01,C:\Users\admin\Desktop\Summer Projects\F1\F1-Optimized-Cornering-Project\Data\image-data\session-23\throttle\Lap_3_Throttle hit_1.png,Data/image-data/session-23/throttle/Lap_3_Throttle hit_1.png,standard_laps,1,213,23,3,new_sponsor,throttle,1,../Data/image-data/session-23/throttle/Lap_3_Throttle hit_1.png,True,28300,28.3,1.5599353313446045,2.667314291000366,True
lap_0213_throttle_02,C:\Users\admin\Desktop\Summer Projects\F1\F1-Optimized-Cornering-Project\Data\image-data\session-23\throttle\Lap_3_Throttle hit_2.png,Data/image-data/session-23/throttle/Lap_3_Throttle hit_2.png,standard_laps,1,213,23,3,new_sponsor,throttle,2,../Data/image-data/session-23/throttle/Lap_3_Throttle hit_2.png,True,28300,28.3,1.5599353313446045,2.667314291000366,True
lap_0214_brake_01,C:\Users\admin\Desktop\Summer Projects\F1\F1-Optimized-Cornering-Project\Data\image-data\session-23\brake\Lap_4_Brake hit_1.png,Data/image-data/session-23/brake/Lap_4_Brake hit_1.png,sub_standard_laps,2,214,23,4,new_sponsor,brake,1,../Data/image-data/session-23/brake/Lap_4_Brake hit_1.png,True,28898,28.898,1.7004587650299072,2.7553088665008545,True
lap_0214_brake_02,C:\Users\admin\Desktop\Summer Projects\F1\F1-Optimized-Cornering-Project\Data\image-data\session-23\brake\Lap_4_Brake hit_2.png,Data/image-data/session-23/brake/Lap_4_Brake hit_2.png,sub_standard_laps,2,214,23,4,new_sponsor,brake,2,../Data/image-data/session-23/brake/Lap_4_Brake hit_2.png,True,28898,28.898,1.7004587650299072,2.7553088665008545,True
lap_0214_throttle_01,C:\Users\admin\Desktop\Summer Projects\F1\F1-Optimized-Cornering-Project\Data\image-data\session-23\throttle\Lap_4_Throttle hit_1.png,Data/image-data/session-23/throttle/Lap_4_Throttle hit_1.png,sub_standard_laps,2,214,23,4,new_sponsor,throttle,1,../Data/image-data/session-23/throttle/Lap_4_Throttle hit_1.png,True,28898,28.898,1.7004587650299072,2.7553088665008545,True
lap_0214_throttle_02,C:\Users\admin\Desktop\Summer Projects\F1\F1-Optimized-Cornering-Project\Data\image-data\session-23\throttle\Lap_4_Throttle hit_2.png,Data/image-data/session-23/throttle/Lap_4_Throttle hit_2.png,sub_standard_laps,2,214,23,4,new_sponsor,throttle,2,../Data/image-data/session-23/throttle/Lap_4_Throttle hit_2.png,True,28898,28.898,1.7004587650299072,2.7553088665008545,True
lap_0215_brake_01,C:\Users\admin\Desktop\Summer Projects\F1\F1-Optimized-Cornering-Project\Data\image-data\session-23\brake\Lap_5_Brake hit_1.png,Data/image-data/session-23/brake/Lap_5_Brake hit_1.png,standard_laps,1,215,23,5,new_sponsor,brake,1,../Data/image-data/session-23/brake/Lap_5_Brake hit_1.png,True,28189,28.189,1.2710957527160645,2.26090931892395,True
lap_0215_brake_02,C:\Users\admin\Desktop\Summer Projects\F1\F1-Optimized-Cornering-Project\Data\image-data\session-23\brake\Lap_5_Brake hit_2.png,Data/image-data/session-23/brake/Lap_5_Brake hit_2.png,standard_laps,1,215,23,5,new_sponsor,brake,2,../Data/image-data/session-23/brake/Lap_5_Brake hit_2.png,True,28189,28.189,1.2710957527160645,2.26090931892395,True
lap_0215_throttle_01,C:\Users\admin\Desktop\Summer Projects\F1\F1-Optimized-Cornering-Project\Data\image-data\session-23\throttle\Lap_5_Throttle hit_1.png,Data/image-data/session-23/throttle/Lap_5_Throttle hit_1.png,standard_laps,1,215,23,5,new_sponsor,throttle,1,../Data/image-data/session-23/throttle/Lap_5_Throttle hit_1.png,True,28189,28.189,1.2710957527160645,2.26090931892395,True
lap_0215_throttle_02,C:\Users\admin\Desktop\Summer Projects\F1\F1-Optimized-Cornering-Project\Data\image-data\session-23\throttle\Lap_5_Throttle hit_2.png,Data/image-data/session-23/throttle/Lap_5_Throttle hit_2.png,standard_laps,1,215,23,5,new_sponsor,throttle,2,../Data/image-data/session-23/throttle/Lap_5_Throttle hit_2.png,True,28189,28.189,1.2710957527160645,2.26090931892395,True
lap_0216_brake_01,C:\Users\admin\Desktop\Summer Projects\F1\F1-Optimized-Cornering-Project\Data\image-data\session-23\brake\Lap_6_Brake hit_1.png,Data/image-data/session-23/brake/Lap_6_Brake hit_1.png,standard_laps,1,216,23,6,new_sponsor,brake,1,../Data/image-data/session-23/brake/Lap_6_Brake hit_1.png,True,28129,28.129,1.5015475749969482,2.2987310886383057,True
lap_0216_brake_02,C:\Users\admin\Desktop\Summer Projects\F1\F1-Optimized-Cornering-Project\Data\image-data\session-23\brake\Lap_6_Brake hit_2.png,Data/image-data/session-23/brake/Lap_6_Brake hit_2.png,standard_laps,1,216,23,6,new_sponsor,brake,2,../Data/image-data/session-23/brake/Lap_6_Brake hit_2.png,True,28129,28.129,1.5015475749969482,2.2987310886383057,True
lap_0216_throttle_01,C:\Users\admin\Desktop\Summer Projects\F1\F1-Optimized-Cornering-Project\Data\image-data\session-23\throttle\Lap_6_Throttle hit_1.png,Data/image-data/session-23/throttle/Lap_6_Throttle hit_1.png,standard_laps,1,216,23,6,new_sponsor,throttle,1,../Data/image-data/session-23/throttle/Lap_6_Throttle hit_1.png,True,28129,28.129,1.5015475749969482,2.2987310886383057,True
lap_0216_throttle_02,C:\Users\admin\Desktop\Summer Projects\F1\F1-Optimized-Cornering-Project\Data\image-data\session-23\throttle\Lap_6_Throttle hit_2.png,Data/image-data/session-23/throttle/Lap_6_Throttle hit_2.png,standard_laps,1,216,23,6,new_sponsor,throttle,2,../Data/image-data/session-23/throttle/Lap_6_Throttle hit_2.png,True,28129,28.129,1.5015475749969482,2.2987310886383057,True
lap_0217_brake_01,C:\Users\admin\Desktop\Summer Projects\F1\F1-Optimized-Cornering-Project\Data\image-data\session-23\brake\Lap_7_Brake hit_1.png,Data/image-data/session-23/brake/Lap_7_Brake hit_1.png,optimal_laps,0,217,23,7,new_sponsor,brake,1,../Data/image-data/session-23/brake/Lap_7_Brake hit_1.png,True,27695,27.695,1.4964873790740967,2.1202924251556396,True
lap_0217_brake_02,C:\Users\admin\Desktop\Summer Projects\F1\F1-Optimized-Cornering-Project\Data\image-data\session-23\brake\Lap_7_Brake hit_2.png,Data/image-data/session-23/brake/Lap_7_Brake hit_2.png,optimal_laps,0,217,23,7,new_sponsor,brake,2,../Data/image-data/session-23/brake/Lap_7_Brake hit_2.png,True,27695,27.695,1.4964873790740967,2.1202924251556396,True
lap_0217_throttle_01,C:\Users\admin\Desktop\Summer Projects\F1\F1-Optimized-Cornering-Project\Data\image-data\session-23\throttle\Lap_7_Throttle hit_1.png,Data/image-data/session-23/throttle/Lap_7_Throttle hit_1.png,optimal_laps,0,217,23,7,new_sponsor,throttle,1,../Data/image-data/session-23/throttle/Lap_7_Throttle hit_1.png,True,27695,27.695,1.4964873790740967,2.1202924251556396,True
lap_0217_throttle_02,C:\Users\admin\Desktop\Summer Projects\F1\F1-Optimized-Cornering-Project\Data\image-data\session-23\throttle\Lap_7_Throttle hit_2.png,Data/image-data/session-23/throttle/Lap_7_Throttle hit_2.png,optimal_laps,0,217,23,7,new_sponsor,throttle,2,../Data/image-data/session-23/throttle/Lap_7_Throttle hit_2.png,True,27695,27.695,1.4964873790740967,2.1202924251556396,True
lap_0218_brake_01,C:\Users\admin\Desktop\Summer Projects\F1\F1-Optimized-Cornering-Project\Data\image-data\session-23\brake\Lap_8_Brake hit_1.png,Data/image-data/session-23/brake/Lap_8_Brake hit_1.png,standard_laps,1,218,23,8,new_sponsor,brake,1,../Data/image-data/session-23/brake/Lap_8_Brake hit_1.png,True,28184,28.184,1.4669365882873535,2.6440556049346924,True
lap_0218_brake_02,C:\Users\admin\Desktop\Summer Projects\F1\F1-Optimized-Cornering-Project\Data\image-data\session-23\brake\Lap_8_Brake hit_2.png,Data/image-data/session-23/brake/Lap_8_Brake hit_2.png,standard_laps,1,218,23,8,new_sponsor,brake,2,../Data/image-data/session-23/brake/Lap_8_Brake hit_2.png,True,28184,28.184,1.4669365882873535,2.6440556049346924,True
lap_0218_throttle_01,C:\Users\admin\Desktop\Summer Projects\F1\F1-Optimized-Cornering-Project\Data\image-data\session-23\throttle\Lap_8_Throttle hit_1.png,Data/image-data/session-23/throttle/Lap_8_Throttle hit_1.png,standard_laps,1,218,23,8,new_sponsor,throttle,1,../Data/image-data/session-23/throttle/Lap_8_Throttle hit_1.png,True,28184,28.184,1.4669365882873535,2.6440556049346924,True
lap_0218_throttle_02,C:\Users\admin\Desktop\Summer Projects\F1\F1-Optimized-Cornering-Project\Data\image-data\session-23\throttle\Lap_8_Throttle hit_2.png,Data/image-data/session-23/throttle/Lap_8_Throttle hit_2.png,standard_laps,1,218,23,8,new_sponsor,throttle,2,../Data/image-data/session-23/throttle/Lap_8_Throttle hit_2.png,True,28184,28.184,1.4669365882873535,2.6440556049346924,True
lap_0219_brake_01,C:\Users\admin\Desktop\Summer Projects\F1\F1-Optimized-Cornering-Project\Data\image-data\session-23\brake\Lap_9_Brake hit_1.png,Data/image-data/session-23/brake/Lap_9_Brake hit_1.png,standard_laps,1,219,23,9,new_sponsor,brake,1,../Data/image-data/session-23/brake/Lap_9_Brake hit_1.png,True,28338,28.338,1.689079761505127,2.5271549224853516,True
lap_0219_brake_02,C:\Users\admin\Desktop\Summer Projects\F1\F1-Optimized-Cornering-Project\Data\image-data\session-23\brake\Lap_9_Brake hit_2.png,Data/image-data/session-23/brake/Lap_9_Brake hit_2.png,standard_laps,1,219,23,9,new_sponsor,brake,2,../Data/image-data/session-23/brake/Lap_9_Brake hit_2.png,True,28338,28.338,1.689079761505127,2.5271549224853516,True
lap_0219_throttle_01,C:\Users\admin\Desktop\Summer Projects\F1\F1-Optimized-Cornering-Project\Data\image-data\session-23\throttle\Lap_9_Throttle hit_1.png,Data/image-data/session-23/throttle/Lap_9_Throttle hit_1.png,standard_laps,1,219,23,9,new_sponsor,throttle,1,../Data/image-data/session-23/throttle/Lap_9_Throttle hit_1.png,True,28338,28.338,1.689079761505127,2.5271549224853516,True
lap_0219_throttle_02,C:\Users\admin\Desktop\Summer Projects\F1\F1-Optimized-Cornering-Project\Data\image-data\session-23\throttle\Lap_9_Throttle hit_2.png,Data/image-data/session-23/throttle/Lap_9_Throttle hit_2.png,standard_laps,1,219,23,9,new_sponsor,throttle,2,../Data/image-data/session-23/throttle/Lap_9_Throttle hit_2.png,True,28338,28.338,1.689079761505127,2.5271549224853516,True
lap_0220_brake_01,C:\Users\admin\Desktop\Summer Projects\F1\F1-Optimized-Cornering-Project\Data\image-data\session-23\brake\Lap_10_Brake hit_1.png,Data/image-data/session-23/brake/Lap_10_Brake hit_1.png,standard_laps,1,220,23,10,new_sponsor,brake,1,../Data/image-data/session-23/brake/Lap_10_Brake hit_1.png,True,28466,28.466,1.5137939453125,2.573014974594116,True
lap_0220_brake_02,C:\Users\admin\Desktop\Summer Projects\F1\F1-Optimized-Cornering-Project\Data\image-data\session-23\brake\Lap_10_Brake hit_2.png,Data/image-data/session-23/brake/Lap_10_Brake hit_2.png,standard_laps,1,220,23,10,new_sponsor,brake,2,../Data/image-data/session-23/brake/Lap_10_Brake hit_2.png,True,28466,28.466,1.5137939453125,2.573014974594116,True
lap_0220_throttle_01,C:\Users\admin\Desktop\Summer Projects\F1\F1-Optimized-Cornering-Project\Data\image-data\session-23\throttle\Lap_10_Throttle hit_1.png,Data/image-data/session-23/throttle/Lap_10_Throttle hit_1.png,standard_laps,1,220,23,10,new_sponsor,throttle,1,../Data/image-data/session-23/throttle/Lap_10_Throttle hit_1.png,True,28466,28.466,1.5137939453125,2.573014974594116,True
lap_0220_throttle_02,C:\Users\admin\Desktop\Summer Projects\F1\F1-Optimized-Cornering-Project\Data\image-data\session-23\throttle\Lap_10_Throttle hit_2.png,Data/image-data/session-23/throttle/Lap_10_Throttle hit_2.png,standard_laps,1,220,23,10,new_sponsor,throttle,2,../Data/image-data/session-23/throttle/Lap_10_Throttle hit_2.png,True,28466,28.466,1.5137939453125,2.573014974594116,True
lap_0221_brake_01,C:\Users\admin\Desktop\Summer Projects\F1\F1-Optimized-Cornering-Project\Data\image-data\session-23\brake\Lap_11_Brake hit_1.png,Data/image-data/session-23/brake/Lap_11_Brake hit_1.png,optimal_laps,0,221,23,11,new_sponsor,brake,1,../Data/image-data/session-23/brake/Lap_11_Brake hit_1.png,True,28027,28.027,1.2320637702941895,2.170685052871704,True
lap_0221_brake_02,C:\Users\admin\Desktop\Summer Projects\F1\F1-Optimized-Cornering-Project\Data\image-data\session-23\brake\Lap_11_Brake hit_2.png,Data/image-data/session-23/brake/Lap_11_Brake hit_2.png,optimal_laps,0,221,23,11,new_sponsor,brake,2,../Data/image-data/session-23/brake/Lap_11_Brake hit_2.png,True,28027,28.027,1.2320637702941895,2.170685052871704,True
lap_0221_throttle_01,C:\Users\admin\Desktop\Summer Projects\F1\F1-Optimized-Cornering-Project\Data\image-data\session-23\throttle\Lap_11_Throttle hit_1.png,Data/image-data/session-23/throttle/Lap_11_Throttle hit_1.png,optimal_laps,0,221,23,11,new_sponsor,throttle,1,../Data/image-data/session-23/throttle/Lap_11_Throttle hit_1.png,True,28027,28.027,1.2320637702941895,2.170685052871704,True
lap_0221_throttle_02,C:\Users\admin\Desktop\Summer Projects\F1\F1-Optimized-Cornering-Project\Data\image-data\session-23\throttle\Lap_11_Throttle hit_2.png,Data/image-data/session-23/throttle/Lap_11_Throttle hit_2.png,optimal_laps,0,221,23,11,new_sponsor,throttle,2,../Data/image-data/session-23/throttle/Lap_11_Throttle hit_2.png,True,28027,28.027,1.2320637702941895,2.170685052871704,True
lap_0222_brake_01,C:\Users\admin\Desktop\Summer Projects\F1\F1-Optimized-Cornering-Project\Data\image-data\session-23\brake\Lap_12_Brake hit_1.png,Data/image-data/session-23/brake/Lap_12_Brake hit_1.png,sub_standard_laps,2,222,23,12,new_sponsor,brake,1,../Data/image-data/session-23/brake/Lap_12_Brake hit_1.png,True,28643,28.643,1.9274787902832031,2.1662251949310303,True
lap_0222_brake_02,C:\Users\admin\Desktop\Summer Projects\F1\F1-Optimized-Cornering-Project\Data\image-data\session-23\brake\Lap_12_Brake hit_2.png,Data/image-data/session-23/brake/Lap_12_Brake hit_2.png,sub_standard_laps,2,222,23,12,new_sponsor,brake,2,../Data/image-data/session-23/brake/Lap_12_Brake hit_2.png,True,28643,28.643,1.9274787902832031,2.1662251949310303,True
lap_0222_throttle_01,C:\Users\admin\Desktop\Summer Projects\F1\F1-Optimized-Cornering-Project\Data\image-data\session-23\throttle\Lap_12_Throttle hit_1.png,Data/image-data/session-23/throttle/Lap_12_Throttle hit_1.png,sub_standard_laps,2,222,23,12,new_sponsor,throttle,1,../Data/image-data/session-23/throttle/Lap_12_Throttle hit_1.png,True,28643,28.643,1.9274787902832031,2.1662251949310303,True
lap_0222_throttle_02,C:\Users\admin\Desktop\Summer Projects\F1\F1-Optimized-Cornering-Project\Data\image-data\session-23\throttle\Lap_12_Throttle hit_2.png,Data/image-data/session-23/throttle/Lap_12_Throttle hit_2.png,sub_standard_laps,2,222,23,12,new_sponsor,throttle,2,../Data/image-data/session-23/throttle/Lap_12_Throttle hit_2.png,True,28643,28.643,1.9274787902832031,2.1662251949310303,True
lap_0223_brake_01,C:\Users\admin\Desktop\Summer Projects\F1\F1-Optimized-Cornering-Project\Data\image-data\session-23\brake\Lap_13_Brake hit_1.png,Data/image-data/session-23/brake/Lap_13_Brake hit_1.png,optimal_laps,0,223,23,13,new_sponsor,brake,1,../Data/image-data/session-23/brake/Lap_13_Brake hit_1.png,True,28013,28.013,1.1160311698913574,2.5233304500579834,True
lap_0223_brake_02,C:\Users\admin\Desktop\Summer Projects\F1\F1-Optimized-Cornering-Project\Data\image-data\session-23\brake\Lap_13_Brake hit_2.png,Data/image-data/session-23/brake/Lap_13_Brake hit_2.png,optimal_laps,0,223,23,13,new_sponsor,brake,2,../Data/image-data/session-23/brake/Lap_13_Brake hit_2.png,True,28013,28.013,1.1160311698913574,2.5233304500579834,True
lap_0223_throttle_01,C:\Users\admin\Desktop\Summer Projects\F1\F1-Optimized-Cornering-Project\Data\image-data\session-23\throttle\Lap_13_Throttle hit_1.png,Data/image-data/session-23/throttle/Lap_13_Throttle hit_1.png,optimal_laps,0,223,23,13,new_sponsor,throttle,1,../Data/image-data/session-23/throttle/Lap_13_Throttle hit_1.png,True,28013,28.013,1.1160311698913574,2.5233304500579834,True
lap_0223_throttle_02,C:\Users\admin\Desktop\Summer Projects\F1\F1-Optimized-Cornering-Project\Data\image-data\session-23\throttle\Lap_13_Throttle hit_2.png,Data/image-data/session-23/throttle/Lap_13_Throttle hit_2.png,optimal_laps,0,223,23,13,new_sponsor,throttle,2,../Data/image-data/session-23/throttle/Lap_13_Throttle hit_2.png,True,28013,28.013,1.1160311698913574,2.5233304500579834,True
lap_0224_brake_01,C:\Users\admin\Desktop\Summer Projects\F1\F1-Optimized-Cornering-Project\Data\image-data\session-23\brake\Lap_14_Brake hit_1.png,Data/image-data/session-23/brake/Lap_14_Brake hit_1.png,optimal_laps,0,224,23,14,new_sponsor,brake,1,../Data/image-data/session-23/brake/Lap_14_Brake hit_1.png,True,27717,27.717,0.974686861038208,2.4970080852508545,True
lap_0224_brake_02,C:\Users\admin\Desktop\Summer Projects\F1\F1-Optimized-Cornering-Project\Data\image-data\session-23\brake\Lap_14_Brake hit_2.png,Data/image-data/session-23/brake/Lap_14_Brake hit_2.png,optimal_laps,0,224,23,14,new_sponsor,brake,2,../Data/image-data/session-23/brake/Lap_14_Brake hit_2.png,True,27717,27.717,0.974686861038208,2.4970080852508545,True
lap_0224_throttle_01,C:\Users\admin\Desktop\Summer Projects\F1\F1-Optimized-Cornering-Project\Data\image-data\session-23\throttle\Lap_14_Throttle hit_1.png,Data/image-data/session-23/throttle/Lap_14_Throttle hit_1.png,optimal_laps,0,224,23,14,new_sponsor,throttle,1,../Data/image-data/session-23/throttle/Lap_14_Throttle hit_1.png,True,27717,27.717,0.974686861038208,2.4970080852508545,True
lap_0224_throttle_02,C:\Users\admin\Desktop\Summer Projects\F1\F1-Optimized-Cornering-Project\Data\image-data\session-23\throttle\Lap_14_Throttle hit_2.png,Data/image-data/session-23/throttle/Lap_14_Throttle hit_2.png,optimal_laps,0,224,23,14,new_sponsor,throttle,2,../Data/image-data/session-23/throttle/Lap_14_Throttle hit_2.png,True,27717,27.717,0.974686861038208,2.4970080852508545,True
lap_0225_brake_01,C:\Users\admin\Desktop\Summer Projects\F1\F1-Optimized-Cornering-Project\Data\image-data\session-23\brake\Lap_15_Brake hit_1.png,Data/image-data/session-23/brake/Lap_15_Brake hit_1.png,standard_laps,1,225,23,15,new_sponsor,brake,1,../Data/image-data/session-23/brake/Lap_15_Brake hit_1.png,True,28537,28.537,1.6087818145751953,2.438786745071411,True
lap_0225_brake_02,C:\Users\admin\Desktop\Summer Projects\F1\F1-Optimized-Cornering-Project\Data\image-data\session-23\brake\Lap_15_Brake hit_2.png,Data/image-data/session-23/brake/Lap_15_Brake hit_2.png,standard_laps,1,225,23,15,new_sponsor,brake,2,../Data/image-data/session-23/brake/Lap_15_Brake hit_2.png,True,28537,28.537,1.6087818145751953,2.438786745071411,True
lap_0225_throttle_01,C:\Users\admin\Desktop\Summer Projects\F1\F1-Optimized-Cornering-Project\Data\image-data\session-23\throttle\Lap_15_Throttle hit_1.png,Data/image-data/session-23/throttle/Lap_15_Throttle hit_1.png,standard_laps,1,225,23,15,new_sponsor,throttle,1,../Data/image-data/session-23/throttle/Lap_15_Throttle hit_1.png,True,28537,28.537,1.6087818145751953,2.438786745071411,True
lap_0225_throttle_02,C:\Users\admin\Desktop\Summer Projects\F1\F1-Optimized-Cornering-Project\Data\image-data\session-23\throttle\Lap_15_Throttle hit_2.png,Data/image-data/session-23/throttle/Lap_15_Throttle hit_2.png,standard_laps,1,225,23,15,new_sponsor,throttle,2,../Data/image-data/session-23/throttle/Lap_15_Throttle hit_2.png,True,28537,28.537,1.6087818145751953,2.438786745071411,True
lap_0226_brake_01,C:\Users\admin\Desktop\Summer Projects\F1\F1-Optimized-Cornering-Project\Data\image-data\session-24\brake\Lap_1_Brake hit_1.png,Data/image-data/session-24/brake/Lap_1_Brake hit_1.png,sub_standard_laps,2,226,24,1,new_sponsor,brake,1,../Data/image-data/session-24/brake/Lap_1_Brake hit_1.png,True,29150,29.15,1.6723501682281494,2.88223934173584,True
lap_0226_brake_02,C:\Users\admin\Desktop\Summer Projects\F1\F1-Optimized-Cornering-Project\Data\image-data\session-24\brake\Lap_1_Brake hit_2.png,Data/image-data/session-24/brake/Lap_1_Brake hit_2.png,sub_standard_laps,2,226,24,1,new_sponsor,brake,2,../Data/image-data/session-24/brake/Lap_1_Brake hit_2.png,True,29150,29.15,1.6723501682281494,2.88223934173584,True
lap_0226_throttle_01,C:\Users\admin\Desktop\Summer Projects\F1\F1-Optimized-Cornering-Project\Data\image-data\session-24\throttle\Lap_1_Throttle hit_1.png,Data/image-data/session-24/throttle/Lap_1_Throttle hit_1.png,sub_standard_laps,2,226,24,1,new_sponsor,throttle,1,../Data/image-data/session-24/throttle/Lap_1_Throttle hit_1.png,True,29150,29.15,1.6723501682281494,2.88223934173584,True
lap_0226_throttle_02,C:\Users\admin\Desktop\Summer Projects\F1\F1-Optimized-Cornering-Project\Data\image-data\session-24\throttle\Lap_1_Throttle hit_2.png,Data/image-data/session-24/throttle/Lap_1_Throttle hit_2.png,sub_standard_laps,2,226,24,1,new_sponsor,throttle,2,../Data/image-data/session-24/throttle/Lap_1_Throttle hit_2.png,True,29150,29.15,1.6723501682281494,2.88223934173584,True
lap_0227_brake_01,C:\Users\admin\Desktop\Summer Projects\F1\F1-Optimized-Cornering-Project\Data\image-data\session-24\brake\Lap_2_Brake hit_1.png,Data/image-data/session-24/brake/Lap_2_Brake hit_1.png,standard_laps,1,227,24,2,new_sponsor,brake,1,../Data/image-data/session-24/brake/Lap_2_Brake hit_1.png,True,28334,28.334,1.6700439453125,2.3738913536071777,True
lap_0227_brake_02,C:\Users\admin\Desktop\Summer Projects\F1\F1-Optimized-Cornering-Project\Data\image-data\session-24\brake\Lap_2_Brake hit_2.png,Data/image-data/session-24/brake/Lap_2_Brake hit_2.png,standard_laps,1,227,24,2,new_sponsor,brake,2,../Data/image-data/session-24/brake/Lap_2_Brake hit_2.png,True,28334,28.334,1.6700439453125,2.3738913536071777,True
lap_0227_throttle_01,C:\Users\admin\Desktop\Summer Projects\F1\F1-Optimized-Cornering-Project\Data\image-data\session-24\throttle\Lap_2_Throttle hit_1.png,Data/image-data/session-24/throttle/Lap_2_Throttle hit_1.png,standard_laps,1,227,24,2,new_sponsor,throttle,1,../Data/image-data/session-24/throttle/Lap_2_Throttle hit_1.png,True,28334,28.334,1.6700439453125,2.3738913536071777,True
lap_0227_throttle_02,C:\Users\admin\Desktop\Summer Projects\F1\F1-Optimized-Cornering-Project\Data\image-data\session-24\throttle\Lap_2_Throttle hit_2.png,Data/image-data/session-24/throttle/Lap_2_Throttle hit_2.png,standard_laps,1,227,24,2,new_sponsor,throttle,2,../Data/image-data/session-24/throttle/Lap_2_Throttle hit_2.png,True,28334,28.334,1.6700439453125,2.3738913536071777,True
lap_0228_brake_01,C:\Users\admin\Desktop\Summer Projects\F1\F1-Optimized-Cornering-Project\Data\image-data\session-24\brake\Lap_3_Brake hit_1.png,Data/image-data/session-24/brake/Lap_3_Brake hit_1.png,optimal_laps,0,228,24,3,new_sponsor,brake,1,../Data/image-data/session-24/brake/Lap_3_Brake hit_1.png,True,27836,27.836,1.6488652229309082,2.1197574138641357,True
lap_0228_brake_02,C:\Users\admin\Desktop\Summer Projects\F1\F1-Optimized-Cornering-Project\Data\image-data\session-24\brake\Lap_3_Brake hit_2.png,Data/image-data/session-24/brake/Lap_3_Brake hit_2.png,optimal_laps,0,228,24,3,new_sponsor,brake,2,../Data/image-data/session-24/brake/Lap_3_Brake hit_2.png,True,27836,27.836,1.6488652229309082,2.1197574138641357,True
lap_0228_throttle_01,C:\Users\admin\Desktop\Summer Projects\F1\F1-Optimized-Cornering-Project\Data\image-data\session-24\throttle\Lap_3_Throttle hit_1.png,Data/image-data/session-24/throttle/Lap_3_Throttle hit_1.png,optimal_laps,0,228,24,3,new_sponsor,throttle,1,../Data/image-data/session-24/throttle/Lap_3_Throttle hit_1.png,True,27836,27.836,1.6488652229309082,2.1197574138641357,True
lap_0228_throttle_02,C:\Users\admin\Desktop\Summer Projects\F1\F1-Optimized-Cornering-Project\Data\image-data\session-24\throttle\Lap_3_Throttle hit_2.png,Data/image-data/session-24/throttle/Lap_3_Throttle hit_2.png,optimal_laps,0,228,24,3,new_sponsor,throttle,2,../Data/image-data/session-24/throttle/Lap_3_Throttle hit_2.png,True,27836,27.836,1.6488652229309082,2.1197574138641357,True
lap_0229_brake_01,C:\Users\admin\Desktop\Summer Projects\F1\F1-Optimized-Cornering-Project\Data\image-data\session-24\brake\Lap_4_Brake hit_1.png,Data/image-data/session-24/brake/Lap_4_Brake hit_1.png,optimal_laps,0,229,24,4,new_sponsor,brake,1,../Data/image-data/session-24/brake/Lap_4_Brake hit_1.png,True,28013,28.013,1.5915112495422363,2.4379634857177734,True
lap_0229_brake_02,C:\Users\admin\Desktop\Summer Projects\F1\F1-Optimized-Cornering-Project\Data\image-data\session-24\brake\Lap_4_Brake hit_2.png,Data/image-data/session-24/brake/Lap_4_Brake hit_2.png,optimal_laps,0,229,24,4,new_sponsor,brake,2,../Data/image-data/session-24/brake/Lap_4_Brake hit_2.png,True,28013,28.013,1.5915112495422363,2.4379634857177734,True
lap_0229_throttle_01,C:\Users\admin\Desktop\Summer Projects\F1\F1-Optimized-Cornering-Project\Data\image-data\session-24\throttle\Lap_4_Throttle hit_1.png,Data/image-data/session-24/throttle/Lap_4_Throttle hit_1.png,optimal_laps,0,229,24,4,new_sponsor,throttle,1,../Data/image-data/session-24/throttle/Lap_4_Throttle hit_1.png,True,28013,28.013,1.5915112495422363,2.4379634857177734,True
lap_0229_throttle_02,C:\Users\admin\Desktop\Summer Projects\F1\F1-Optimized-Cornering-Project\Data\image-data\session-24\throttle\Lap_4_Throttle hit_2.png,Data/image-data/session-24/throttle/Lap_4_Throttle hit_2.png,optimal_laps,0,229,24,4,new_sponsor,throttle,2,../Data/image-data/session-24/throttle/Lap_4_Throttle hit_2.png,True,28013,28.013,1.5915112495422363,2.4379634857177734,True
lap_0230_brake_01,C:\Users\admin\Desktop\Summer Projects\F1\F1-Optimized-Cornering-Project\Data\image-data\session-24\brake\Lap_5_Brake hit_1.png,Data/image-data/session-24/brake/Lap_5_Brake hit_1.png,sub_standard_laps,2,230,24,5,new_sponsor,brake,1,../Data/image-data/session-24/brake/Lap_5_Brake hit_1.png,True,28582,28.582,1.705556869506836,2.048035144805908,True
lap_0230_brake_02,C:\Users\admin\Desktop\Summer Projects\F1\F1-Optimized-Cornering-Project\Data\image-data\session-24\brake\Lap_5_Brake hit_2.png,Data/image-data/session-24/brake/Lap_5_Brake hit_2.png,sub_standard_laps,2,230,24,5,new_sponsor,brake,2,../Data/image-data/session-24/brake/Lap_5_Brake hit_2.png,True,28582,28.582,1.705556869506836,2.048035144805908,True
lap_0230_throttle_01,C:\Users\admin\Desktop\Summer Projects\F1\F1-Optimized-Cornering-Project\Data\image-data\session-24\throttle\Lap_5_Throttle hit_1.png,Data/image-data/session-24/throttle/Lap_5_Throttle hit_1.png,sub_standard_laps,2,230,24,5,new_sponsor,throttle,1,../Data/image-data/session-24/throttle/Lap_5_Throttle hit_1.png,True,28582,28.582,1.705556869506836,2.048035144805908,True
lap_0230_throttle_02,C:\Users\admin\Desktop\Summer Projects\F1\F1-Optimized-Cornering-Project\Data\image-data\session-24\throttle\Lap_5_Throttle hit_2.png,Data/image-data/session-24/throttle/Lap_5_Throttle hit_2.png,sub_standard_laps,2,230,24,5,new_sponsor,throttle,2,../Data/image-data/session-24/throttle/Lap_5_Throttle hit_2.png,True,28582,28.582,1.705556869506836,2.048035144805908,True
lap_0231_brake_01,C:\Users\admin\Desktop\Summer Projects\F1\F1-Optimized-Cornering-Project\Data\image-data\session-24\brake\Lap_6_Brake hit_1.png,Data/image-data/session-24/brake/Lap_6_Brake hit_1.png,sub_standard_laps,2,231,24,6,new_sponsor,brake,1,../Data/image-data/session-24/brake/Lap_6_Brake hit_1.png,True,28569,28.569,1.6020493507385254,2.2877655029296875,True
lap_0231_brake_02,C:\Users\admin\Desktop\Summer Projects\F1\F1-Optimized-Cornering-Project\Data\image-data\session-24\brake\Lap_6_Brake hit_2.png,Data/image-data/session-24/brake/Lap_6_Brake hit_2.png,sub_standard_laps,2,231,24,6,new_sponsor,brake,2,../Data/image-data/session-24/brake/Lap_6_Brake hit_2.png,True,28569,28.569,1.6020493507385254,2.2877655029296875,True
lap_0231_throttle_01,C:\Users\admin\Desktop\Summer Projects\F1\F1-Optimized-Cornering-Project\Data\image-data\session-24\throttle\Lap_6_Throttle hit_1.png,Data/image-data/session-24/throttle/Lap_6_Throttle hit_1.png,sub_standard_laps,2,231,24,6,new_sponsor,throttle,1,../Data/image-data/session-24/throttle/Lap_6_Throttle hit_1.png,True,28569,28.569,1.6020493507385254,2.2877655029296875,True
lap_0231_throttle_02,C:\Users\admin\Desktop\Summer Projects\F1\F1-Optimized-Cornering-Project\Data\image-data\session-24\throttle\Lap_6_Throttle hit_2.png,Data/image-data/session-24/throttle/Lap_6_Throttle hit_2.png,sub_standard_laps,2,231,24,6,new_sponsor,throttle,2,../Data/image-data/session-24/throttle/Lap_6_Throttle hit_2.png,True,28569,28.569,1.6020493507385254,2.2877655029296875,True
lap_0232_brake_01,C:\Users\admin\Desktop\Summer Projects\F1\F1-Optimized-Cornering-Project\Data\image-data\session-24\brake\Lap_7_Brake hit_1.png,Data/image-data/session-24/brake/Lap_7_Brake hit_1.png,optimal_laps,0,232,24,7,new_sponsor,brake,1,../Data/image-data/session-24/brake/Lap_7_Brake hit_1.png,True,28079,28.079,1.6713957786560059,2.3913700580596924,True
lap_0232_brake_02,C:\Users\admin\Desktop\Summer Projects\F1\F1-Optimized-Cornering-Project\Data\image-data\session-24\brake\Lap_7_Brake hit_2.png,Data/image-data/session-24/brake/Lap_7_Brake hit_2.png,optimal_laps,0,232,24,7,new_sponsor,brake,2,../Data/image-data/session-24/brake/Lap_7_Brake hit_2.png,True,28079,28.079,1.6713957786560059,2.3913700580596924,True
lap_0232_throttle_01,C:\Users\admin\Desktop\Summer Projects\F1\F1-Optimized-Cornering-Project\Data\image-data\session-24\throttle\Lap_7_Throttle hit_1.png,Data/image-data/session-24/throttle/Lap_7_Throttle hit_1.png,optimal_laps,0,232,24,7,new_sponsor,throttle,1,../Data/image-data/session-24/throttle/Lap_7_Throttle hit_1.png,True,28079,28.079,1.6713957786560059,2.3913700580596924,True
lap_0232_throttle_02,C:\Users\admin\Desktop\Summer Projects\F1\F1-Optimized-Cornering-Project\Data\image-data\session-24\throttle\Lap_7_Throttle hit_2.png,Data/image-data/session-24/throttle/Lap_7_Throttle hit_2.png,optimal_laps,0,232,24,7,new_sponsor,throttle,2,../Data/image-data/session-24/throttle/Lap_7_Throttle hit_2.png,True,28079,28.079,1.6713957786560059,2.3913700580596924,True
lap_0233_brake_01,C:\Users\admin\Desktop\Summer Projects\F1\F1-Optimized-Cornering-Project\Data\image-data\session-24\brake\Lap_8_Brake hit_1.png,Data/image-data/session-24/brake/Lap_8_Brake hit_1.png,standard_laps,1,233,24,8,new_sponsor,brake,1,../Data/image-data/session-24/brake/Lap_8_Brake hit_1.png,True,28354,28.354,1.4910786151885986,2.784268379211426,True
lap_0233_brake_02,C:\Users\admin\Desktop\Summer Projects\F1\F1-Optimized-Cornering-Project\Data\image-data\session-24\brake\Lap_8_Brake hit_2.png,Data/image-data/session-24/brake/Lap_8_Brake hit_2.png,standard_laps,1,233,24,8,new_sponsor,brake,2,../Data/image-data/session-24/brake/Lap_8_Brake hit_2.png,True,28354,28.354,1.4910786151885986,2.784268379211426,True
lap_0233_throttle_01,C:\Users\admin\Desktop\Summer Projects\F1\F1-Optimized-Cornering-Project\Data\image-data\session-24\throttle\Lap_8_Throttle hit_1.png,Data/image-data/session-24/throttle/Lap_8_Throttle hit_1.png,standard_laps,1,233,24,8,new_sponsor,throttle,1,../Data/image-data/session-24/throttle/Lap_8_Throttle hit_1.png,True,28354,28.354,1.4910786151885986,2.784268379211426,True
lap_0233_throttle_02,C:\Users\admin\Desktop\Summer Projects\F1\F1-Optimized-Cornering-Project\Data\image-data\session-24\throttle\Lap_8_Throttle hit_2.png,Data/image-data/session-24/throttle/Lap_8_Throttle hit_2.png,standard_laps,1,233,24,8,new_sponsor,throttle,2,../Data/image-data/session-24/throttle/Lap_8_Throttle hit_2.png,True,28354,28.354,1.4910786151885986,2.784268379211426,True
lap_0234_brake_01,C:\Users\admin\Desktop\Summer Projects\F1\F1-Optimized-Cornering-Project\Data\image-data\session-24\brake\Lap_9_Brake hit_1.png,Data/image-data/session-24/brake/Lap_9_Brake hit_1.png,optimal_laps,0,234,24,9,new_sponsor,brake,1,../Data/image-data/session-24/brake/Lap_9_Brake hit_1.png,True,27924,27.924,1.2692794799804688,2.403383493423462,True
lap_0234_brake_02,C:\Users\admin\Desktop\Summer Projects\F1\F1-Optimized-Cornering-Project\Data\image-data\session-24\brake\Lap_9_Brake hit_2.png,Data/image-data/session-24/brake/Lap_9_Brake hit_2.png,optimal_laps,0,234,24,9,new_sponsor,brake,2,../Data/image-data/session-24/brake/Lap_9_Brake hit_2.png,True,27924,27.924,1.2692794799804688,2.403383493423462,True
lap_0234_throttle_01,C:\Users\admin\Desktop\Summer Projects\F1\F1-Optimized-Cornering-Project\Data\image-data\session-24\throttle\Lap_9_Throttle hit_1.png,Data/image-data/session-24/throttle/Lap_9_Throttle hit_1.png,optimal_laps,0,234,24,9,new_sponsor,throttle,1,../Data/image-data/session-24/throttle/Lap_9_Throttle hit_1.png,True,27924,27.924,1.2692794799804688,2.403383493423462,True
lap_0234_throttle_02,C:\Users\admin\Desktop\Summer Projects\F1\F1-Optimized-Cornering-Project\Data\image-data\session-24\throttle\Lap_9_Throttle hit_2.png,Data/image-data/session-24/throttle/Lap_9_Throttle hit_2.png,optimal_laps,0,234,24,9,new_sponsor,throttle,2,../Data/image-data/session-24/throttle/Lap_9_Throttle hit_2.png,True,27924,27.924,1.2692794799804688,2.403383493423462,True
lap_0235_brake_01,C:\Users\admin\Desktop\Summer Projects\F1\F1-Optimized-Cornering-Project\Data\image-data\session-24\brake\Lap_10_Brake hit_1.png,Data/image-data/session-24/brake/Lap_10_Brake hit_1.png,optimal_laps,0,235,24,10,new_sponsor,brake,1,../Data/image-data/session-24/brake/Lap_10_Brake hit_1.png,True,27939,27.939,1.1983094215393066,2.462691307067871,True
lap_0235_brake_02,C:\Users\admin\Desktop\Summer Projects\F1\F1-Optimized-Cornering-Project\Data\image-data\session-24\brake\Lap_10_Brake hit_2.png,Data/image-data/session-24/brake/Lap_10_Brake hit_2.png,optimal_laps,0,235,24,10,new_sponsor,brake,2,../Data/image-data/session-24/brake/Lap_10_Brake hit_2.png,True,27939,27.939,1.1983094215393066,2.462691307067871,True
lap_0235_throttle_01,C:\Users\admin\Desktop\Summer Projects\F1\F1-Optimized-Cornering-Project\Data\image-data\session-24\throttle\Lap_10_Throttle hit_1.png,Data/image-data/session-24/throttle/Lap_10_Throttle hit_1.png,optimal_laps,0,235,24,10,new_sponsor,throttle,1,../Data/image-data/session-24/throttle/Lap_10_Throttle hit_1.png,True,27939,27.939,1.1983094215393066,2.462691307067871,True
lap_0235_throttle_02,C:\Users\admin\Desktop\Summer Projects\F1\F1-Optimized-Cornering-Project\Data\image-data\session-24\throttle\Lap_10_Throttle hit_2.png,Data/image-data/session-24/throttle/Lap_10_Throttle hit_2.png,optimal_laps,0,235,24,10,new_sponsor,throttle,2,../Data/image-data/session-24/throttle/Lap_10_Throttle hit_2.png,True,27939,27.939,1.1983094215393066,2.462691307067871,True
lap_0236_brake_01,C:\Users\admin\Desktop\Summer Projects\F1\F1-Optimized-Cornering-Project\Data\image-data\session-24\brake\Lap_11_Brake hit_1.png,Data/image-data/session-24/brake/Lap_11_Brake hit_1.png,standard_laps,1,236,24,11,new_sponsor,brake,1,../Data/image-data/session-24/brake/Lap_11_Brake hit_1.png,True,28401,28.401,1.6282947063446045,2.14996600151062,True
lap_0236_brake_02,C:\Users\admin\Desktop\Summer Projects\F1\F1-Optimized-Cornering-Project\Data\image-data\session-24\brake\Lap_11_Brake hit_2.png,Data/image-data/session-24/brake/Lap_11_Brake hit_2.png,standard_laps,1,236,24,11,new_sponsor,brake,2,../Data/image-data/session-24/brake/Lap_11_Brake hit_2.png,True,28401,28.401,1.6282947063446045,2.14996600151062,True
lap_0236_throttle_01,C:\Users\admin\Desktop\Summer Projects\F1\F1-Optimized-Cornering-Project\Data\image-data\session-24\throttle\Lap_11_Throttle hit_1.png,Data/image-data/session-24/throttle/Lap_11_Throttle hit_1.png,standard_laps,1,236,24,11,new_sponsor,throttle,1,../Data/image-data/session-24/throttle/Lap_11_Throttle hit_1.png,True,28401,28.401,1.6282947063446045,2.14996600151062,True
lap_0236_throttle_02,C:\Users\admin\Desktop\Summer Projects\F1\F1-Optimized-Cornering-Project\Data\image-data\session-24\throttle\Lap_11_Throttle hit_2.png,Data/image-data/session-24/throttle/Lap_11_Throttle hit_2.png,standard_laps,1,236,24,11,new_sponsor,throttle,2,../Data/image-data/session-24/throttle/Lap_11_Throttle hit_2.png,True,28401,28.401,1.6282947063446045,2.14996600151062,True
lap_0237_brake_01,C:\Users\admin\Desktop\Summer Projects\F1\F1-Optimized-Cornering-Project\Data\image-data\session-24\brake\Lap_12_Brake hit_1.png,Data/image-data/session-24/brake/Lap_12_Brake hit_1.png,sub_standard_laps,2,237,24,12,new_sponsor,brake,1,../Data/image-data/session-24/brake/Lap_12_Brake hit_1.png,True,28810,28.81,1.8924837112426758,2.247154951095581,True
lap_0237_brake_02,C:\Users\admin\Desktop\Summer Projects\F1\F1-Optimized-Cornering-Project\Data\image-data\session-24\brake\Lap_12_Brake hit_2.png,Data/image-data/session-24/brake/Lap_12_Brake hit_2.png,sub_standard_laps,2,237,24,12,new_sponsor,brake,2,../Data/image-data/session-24/brake/Lap_12_Brake hit_2.png,True,28810,28.81,1.8924837112426758,2.247154951095581,True
lap_0237_throttle_01,C:\Users\admin\Desktop\Summer Projects\F1\F1-Optimized-Cornering-Project\Data\image-data\session-24\throttle\Lap_12_Throttle hit_1.png,Data/image-data/session-24/throttle/Lap_12_Throttle hit_1.png,sub_standard_laps,2,237,24,12,new_sponsor,throttle,1,../Data/image-data/session-24/throttle/Lap_12_Throttle hit_1.png,True,28810,28.81,1.8924837112426758,2.247154951095581,True
lap_0237_throttle_02,C:\Users\admin\Desktop\Summer Projects\F1\F1-Optimized-Cornering-Project\Data\image-data\session-24\throttle\Lap_12_Throttle hit_2.png,Data/image-data/session-24/throttle/Lap_12_Throttle hit_2.png,sub_standard_laps,2,237,24,12,new_sponsor,throttle,2,../Data/image-data/session-24/throttle/Lap_12_Throttle hit_2.png,True,28810,28.81,1.8924837112426758,2.247154951095581,True
lap_0238_brake_01,C:\Users\admin\Desktop\Summer Projects\F1\F1-Optimized-Cornering-Project\Data\image-data\session-24\brake\Lap_13_Brake hit_1.png,Data/image-data/session-24/brake/Lap_13_Brake hit_1.png,optimal_laps,0,238,24,13,new_sponsor,brake,1,../Data/image-data/session-24/brake/Lap_13_Brake hit_1.png,True,27845,27.845,1.2890520095825195,2.515150547027588,True
lap_0238_brake_02,C:\Users\admin\Desktop\Summer Projects\F1\F1-Optimized-Cornering-Project\Data\image-data\session-24\brake\Lap_13_Brake hit_2.png,Data/image-data/session-24/brake/Lap_13_Brake hit_2.png,optimal_laps,0,238,24,13,new_sponsor,brake,2,../Data/image-data/session-24/brake/Lap_13_Brake hit_2.png,True,27845,27.845,1.2890520095825195,2.515150547027588,True
lap_0238_throttle_01,C:\Users\admin\Desktop\Summer Projects\F1\F1-Optimized-Cornering-Project\Data\image-data\session-24\throttle\Lap_13_Throttle hit_1.png,Data/image-data/session-24/throttle/Lap_13_Throttle hit_1.png,optimal_laps,0,238,24,13,new_sponsor,throttle,1,../Data/image-data/session-24/throttle/Lap_13_Throttle hit_1.png,True,27845,27.845,1.2890520095825195,2.515150547027588,True
lap_0238_throttle_02,C:\Users\admin\Desktop\Summer Projects\F1\F1-Optimized-Cornering-Project\Data\image-data\session-24\throttle\Lap_13_Throttle hit_2.png,Data/image-data/session-24/throttle/Lap_13_Throttle hit_2.png,optimal_laps,0,238,24,13,new_sponsor,throttle,2,../Data/image-data/session-24/throttle/Lap_13_Throttle hit_2.png,True,27845,27.845,1.2890520095825195,2.515150547027588,True
lap_0239_brake_01,C:\Users\admin\Desktop\Summer Projects\F1\F1-Optimized-Cornering-Project\Data\image-data\session-24\brake\Lap_14_Brake hit_1.png,Data/image-data/session-24/brake/Lap_14_Brake hit_1.png,optimal_laps,0,239,24,14,new_sponsor,brake,1,../Data/image-data/session-24/brake/Lap_14_Brake hit_1.png,True,27818,27.818,1.0730514526367188,2.4063990116119385,True
lap_0239_brake_02,C:\Users\admin\Desktop\Summer Projects\F1\F1-Optimized-Cornering-Project\Data\image-data\session-24\brake\Lap_14_Brake hit_2.png,Data/image-data/session-24/brake/Lap_14_Brake hit_2.png,optimal_laps,0,239,24,14,new_sponsor,brake,2,../Data/image-data/session-24/brake/Lap_14_Brake hit_2.png,True,27818,27.818,1.0730514526367188,2.4063990116119385,True
lap_0239_throttle_01,C:\Users\admin\Desktop\Summer Projects\F1\F1-Optimized-Cornering-Project\Data\image-data\session-24\throttle\Lap_14_Throttle hit_1.png,Data/image-data/session-24/throttle/Lap_14_Throttle hit_1.png,optimal_laps,0,239,24,14,new_sponsor,throttle,1,../Data/image-data/session-24/throttle/Lap_14_Throttle hit_1.png,True,27818,27.818,1.0730514526367188,2.4063990116119385,True
lap_0239_throttle_02,C:\Users\admin\Desktop\Summer Projects\F1\F1-Optimized-Cornering-Project\Data\image-data\session-24\throttle\Lap_14_Throttle hit_2.png,Data/image-data/session-24/throttle/Lap_14_Throttle hit_2.png,optimal_laps,0,239,24,14,new_sponsor,throttle,2,../Data/image-data/session-24/throttle/Lap_14_Throttle hit_2.png,True,27818,27.818,1.0730514526367188,2.4063990116119385,True
lap_0240_brake_01,C:\Users\admin\Desktop\Summer Projects\F1\F1-Optimized-Cornering-Project\Data\image-data\session-24\brake\Lap_15_Brake hit_1.png,Data/image-data/session-24/brake/Lap_15_Brake hit_1.png,optimal_laps,0,240,24,15,new_sponsor,brake,1,../Data/image-data/session-24/brake/Lap_15_Brake hit_1.png,True,28013,28.013,1.5354046821594238,2.492844581604004,True
lap_0240_brake_02,C:\Users\admin\Desktop\Summer Projects\F1\F1-Optimized-Cornering-Project\Data\image-data\session-24\brake\Lap_15_Brake hit_2.png,Data/image-data/session-24/brake/Lap_15_Brake hit_2.png,optimal_laps,0,240,24,15,new_sponsor,brake,2,../Data/image-data/session-24/brake/Lap_15_Brake hit_2.png,True,28013,28.013,1.5354046821594238,2.492844581604004,True
lap_0240_throttle_01,C:\Users\admin\Desktop\Summer Projects\F1\F1-Optimized-Cornering-Project\Data\image-data\session-24\throttle\Lap_15_Throttle hit_1.png,Data/image-data/session-24/throttle/Lap_15_Throttle hit_1.png,optimal_laps,0,240,24,15,new_sponsor,throttle,1,../Data/image-data/session-24/throttle/Lap_15_Throttle hit_1.png,True,28013,28.013,1.5354046821594238,2.492844581604004,True
lap_0240_throttle_02,C:\Users\admin\Desktop\Summer Projects\F1\F1-Optimized-Cornering-Project\Data\image-data\session-24\throttle\Lap_15_Throttle hit_2.png,Data/image-data/session-24/throttle/Lap_15_Throttle hit_2.png,optimal_laps,0,240,24,15,new_sponsor,throttle,2,../Data/image-data/session-24/throttle/Lap_15_Throttle hit_2.png,True,28013,28.013,1.5354046821594238,2.492844581604004,True
lap_0241_brake_01,C:\Users\admin\Desktop\Summer Projects\F1\F1-Optimized-Cornering-Project\Data\image-data\session-25\brake\Lap_1_Brake hit_1.png,Data/image-data/session-25/brake/Lap_1_Brake hit_1.png,sub_standard_laps,2,241,25,1,new_sponsor,brake,1,../Data/image-data/session-25/brake/Lap_1_Brake hit_1.png,True,28697,28.697,1.2385025024414062,2.766718864440918,True
lap_0241_brake_02,C:\Users\admin\Desktop\Summer Projects\F1\F1-Optimized-Cornering-Project\Data\image-data\session-25\brake\Lap_1_Brake hit_2.png,Data/image-data/session-25/brake/Lap_1_Brake hit_2.png,sub_standard_laps,2,241,25,1,new_sponsor,brake,2,../Data/image-data/session-25/brake/Lap_1_Brake hit_2.png,True,28697,28.697,1.2385025024414062,2.766718864440918,True
lap_0241_throttle_01,C:\Users\admin\Desktop\Summer Projects\F1\F1-Optimized-Cornering-Project\Data\image-data\session-25\throttle\Lap_1_Throttle hit_1.png,Data/image-data/session-25/throttle/Lap_1_Throttle hit_1.png,sub_standard_laps,2,241,25,1,new_sponsor,throttle,1,../Data/image-data/session-25/throttle/Lap_1_Throttle hit_1.png,True,28697,28.697,1.2385025024414062,2.766718864440918,True
lap_0241_throttle_02,C:\Users\admin\Desktop\Summer Projects\F1\F1-Optimized-Cornering-Project\Data\image-data\session-25\throttle\Lap_1_Throttle hit_2.png,Data/image-data/session-25/throttle/Lap_1_Throttle hit_2.png,sub_standard_laps,2,241,25,1,new_sponsor,throttle,2,../Data/image-data/session-25/throttle/Lap_1_Throttle hit_2.png,True,28697,28.697,1.2385025024414062,2.766718864440918,True
lap_0242_brake_01,C:\Users\admin\Desktop\Summer Projects\F1\F1-Optimized-Cornering-Project\Data\image-data\session-25\brake\Lap_2_Brake hit_1.png,Data/image-data/session-25/brake/Lap_2_Brake hit_1.png,optimal_laps,0,242,25,2,new_sponsor,brake,1,../Data/image-data/session-25/brake/Lap_2_Brake hit_1.png,True,27983,27.983,1.2797019481658936,2.5599629878997803,True
lap_0242_brake_02,C:\Users\admin\Desktop\Summer Projects\F1\F1-Optimized-Cornering-Project\Data\image-data\session-25\brake\Lap_2_Brake hit_2.png,Data/image-data/session-25/brake/Lap_2_Brake hit_2.png,optimal_laps,0,242,25,2,new_sponsor,brake,2,../Data/image-data/session-25/brake/Lap_2_Brake hit_2.png,True,27983,27.983,1.2797019481658936,2.5599629878997803,True
lap_0242_throttle_01,C:\Users\admin\Desktop\Summer Projects\F1\F1-Optimized-Cornering-Project\Data\image-data\session-25\throttle\Lap_2_Throttle hit_1.png,Data/image-data/session-25/throttle/Lap_2_Throttle hit_1.png,optimal_laps,0,242,25,2,new_sponsor,throttle,1,../Data/image-data/session-25/throttle/Lap_2_Throttle hit_1.png,True,27983,27.983,1.2797019481658936,2.5599629878997803,True
lap_0242_throttle_02,C:\Users\admin\Desktop\Summer Projects\F1\F1-Optimized-Cornering-Project\Data\image-data\session-25\throttle\Lap_2_Throttle hit_2.png,Data/image-data/session-25/throttle/Lap_2_Throttle hit_2.png,optimal_laps,0,242,25,2,new_sponsor,throttle,2,../Data/image-data/session-25/throttle/Lap_2_Throttle hit_2.png,True,27983,27.983,1.2797019481658936,2.5599629878997803,True
lap_0243_brake_01,C:\Users\admin\Desktop\Summer Projects\F1\F1-Optimized-Cornering-Project\Data\image-data\session-25\brake\Lap_3_Brake hit_1.png,Data/image-data/session-25/brake/Lap_3_Brake hit_1.png,optimal_laps,0,243,25,3,new_sponsor,brake,1,../Data/image-data/session-25/brake/Lap_3_Brake hit_1.png,True,27545,27.545,1.1688475608825684,2.491518020629883,True
lap_0243_brake_02,C:\Users\admin\Desktop\Summer Projects\F1\F1-Optimized-Cornering-Project\Data\image-data\session-25\brake\Lap_3_Brake hit_2.png,Data/image-data/session-25/brake/Lap_3_Brake hit_2.png,optimal_laps,0,243,25,3,new_sponsor,brake,2,../Data/image-data/session-25/brake/Lap_3_Brake hit_2.png,True,27545,27.545,1.1688475608825684,2.491518020629883,True
lap_0243_throttle_01,C:\Users\admin\Desktop\Summer Projects\F1\F1-Optimized-Cornering-Project\Data\image-data\session-25\throttle\Lap_3_Throttle hit_1.png,Data/image-data/session-25/throttle/Lap_3_Throttle hit_1.png,optimal_laps,0,243,25,3,new_sponsor,throttle,1,../Data/image-data/session-25/throttle/Lap_3_Throttle hit_1.png,True,27545,27.545,1.1688475608825684,2.491518020629883,True
lap_0243_throttle_02,C:\Users\admin\Desktop\Summer Projects\F1\F1-Optimized-Cornering-Project\Data\image-data\session-25\throttle\Lap_3_Throttle hit_2.png,Data/image-data/session-25/throttle/Lap_3_Throttle hit_2.png,optimal_laps,0,243,25,3,new_sponsor,throttle,2,../Data/image-data/session-25/throttle/Lap_3_Throttle hit_2.png,True,27545,27.545,1.1688475608825684,2.491518020629883,True
lap_0244_brake_01,C:\Users\admin\Desktop\Summer Projects\F1\F1-Optimized-Cornering-Project\Data\image-data\session-25\brake\Lap_4_Brake hit_1.png,Data/image-data/session-25/brake/Lap_4_Brake hit_1.png,sub_standard_laps,2,244,25,4,new_sponsor,brake,1,../Data/image-data/session-25/brake/Lap_4_Brake hit_1.png,True,28849,28.849,1.2504067420959473,2.227822780609131,True
lap_0244_brake_02,C:\Users\admin\Desktop\Summer Projects\F1\F1-Optimized-Cornering-Project\Data\image-data\session-25\brake\Lap_4_Brake hit_2.png,Data/image-data/session-25/brake/Lap_4_Brake hit_2.png,sub_standard_laps,2,244,25,4,new_sponsor,brake,2,../Data/image-data/session-25/brake/Lap_4_Brake hit_2.png,True,28849,28.849,1.2504067420959473,2.227822780609131,True
lap_0244_throttle_01,C:\Users\admin\Desktop\Summer Projects\F1\F1-Optimized-Cornering-Project\Data\image-data\session-25\throttle\Lap_4_Throttle hit_1.png,Data/image-data/session-25/throttle/Lap_4_Throttle hit_1.png,sub_standard_laps,2,244,25,4,new_sponsor,throttle,1,../Data/image-data/session-25/throttle/Lap_4_Throttle hit_1.png,True,28849,28.849,1.2504067420959473,2.227822780609131,True
lap_0244_throttle_02,C:\Users\admin\Desktop\Summer Projects\F1\F1-Optimized-Cornering-Project\Data\image-data\session-25\throttle\Lap_4_Throttle hit_2.png,Data/image-data/session-25/throttle/Lap_4_Throttle hit_2.png,sub_standard_laps,2,244,25,4,new_sponsor,throttle,2,../Data/image-data/session-25/throttle/Lap_4_Throttle hit_2.png,True,28849,28.849,1.2504067420959473,2.227822780609131,True
lap_0245_brake_01,C:\Users\admin\Desktop\Summer Projects\F1\F1-Optimized-Cornering-Project\Data\image-data\session-25\brake\Lap_5_Brake hit_1.png,Data/image-data/session-25/brake/Lap_5_Brake hit_1.png,optimal_laps,0,245,25,5,new_sponsor,brake,1,../Data/image-data/session-25/brake/Lap_5_Brake hit_1.png,True,28066,28.066,1.5032804012298584,2.4062910079956055,True
lap_0245_brake_02,C:\Users\admin\Desktop\Summer Projects\F1\F1-Optimized-Cornering-Project\Data\image-data\session-25\brake\Lap_5_Brake hit_2.png,Data/image-data/session-25/brake/Lap_5_Brake hit_2.png,optimal_laps,0,245,25,5,new_sponsor,brake,2,../Data/image-data/session-25/brake/Lap_5_Brake hit_2.png,True,28066,28.066,1.5032804012298584,2.4062910079956055,True
lap_0245_throttle_01,C:\Users\admin\Desktop\Summer Projects\F1\F1-Optimized-Cornering-Project\Data\image-data\session-25\throttle\Lap_5_Throttle hit_1.png,Data/image-data/session-25/throttle/Lap_5_Throttle hit_1.png,optimal_laps,0,245,25,5,new_sponsor,throttle,1,../Data/image-data/session-25/throttle/Lap_5_Throttle hit_1.png,True,28066,28.066,1.5032804012298584,2.4062910079956055,True
lap_0245_throttle_02,C:\Users\admin\Desktop\Summer Projects\F1\F1-Optimized-Cornering-Project\Data\image-data\session-25\throttle\Lap_5_Throttle hit_2.png,Data/image-data/session-25/throttle/Lap_5_Throttle hit_2.png,optimal_laps,0,245,25,5,new_sponsor,throttle,2,../Data/image-data/session-25/throttle/Lap_5_Throttle hit_2.png,True,28066,28.066,1.5032804012298584,2.4062910079956055,True
lap_0247_brake_01,C:\Users\admin\Desktop\Summer Projects\F1\F1-Optimized-Cornering-Project\Data\image-data\session-25\brake\Lap_7_Brake hit_1.png,Data/image-data/session-25/brake/Lap_7_Brake hit_1.png,optimal_laps,0,247,25,7,new_sponsor,brake,1,../Data/image-data/session-25/brake/Lap_7_Brake hit_1.png,True,28071,28.071,0.9866783618927002,2.4680395126342773,True
lap_0247_brake_02,C:\Users\admin\Desktop\Summer Projects\F1\F1-Optimized-Cornering-Project\Data\image-data\session-25\brake\Lap_7_Brake hit_2.png,Data/image-data/session-25/brake/Lap_7_Brake hit_2.png,optimal_laps,0,247,25,7,new_sponsor,brake,2,../Data/image-data/session-25/brake/Lap_7_Brake hit_2.png,True,28071,28.071,0.9866783618927002,2.4680395126342773,True
lap_0247_throttle_01,C:\Users\admin\Desktop\Summer Projects\F1\F1-Optimized-Cornering-Project\Data\image-data\session-25\throttle\Lap_7_Throttle hit_1.png,Data/image-data/session-25/throttle/Lap_7_Throttle hit_1.png,optimal_laps,0,247,25,7,new_sponsor,throttle,1,../Data/image-data/session-25/throttle/Lap_7_Throttle hit_1.png,True,28071,28.071,0.9866783618927002,2.4680395126342773,True
lap_0247_throttle_02,C:\Users\admin\Desktop\Summer Projects\F1\F1-Optimized-Cornering-Project\Data\image-data\session-25\throttle\Lap_7_Throttle hit_2.png,Data/image-data/session-25/throttle/Lap_7_Throttle hit_2.png,optimal_laps,0,247,25,7,new_sponsor,throttle,2,../Data/image-data/session-25/throttle/Lap_7_Throttle hit_2.png,True,28071,28.071,0.9866783618927002,2.4680395126342773,True
lap_0248_brake_01,C:\Users\admin\Desktop\Summer Projects\F1\F1-Optimized-Cornering-Project\Data\image-data\session-25\brake\Lap_8_Brake hit_1.png,Data/image-data/session-25/brake/Lap_8_Brake hit_1.png,standard_laps,1,248,25,8,new_sponsor,brake,1,../Data/image-data/session-25/brake/Lap_8_Brake hit_1.png,True,28206,28.206,1.5978820323944092,2.705145835876465,True
lap_0248_brake_02,C:\Users\admin\Desktop\Summer Projects\F1\F1-Optimized-Cornering-Project\Data\image-data\session-25\brake\Lap_8_Brake hit_2.png,Data/image-data/session-25/brake/Lap_8_Brake hit_2.png,standard_laps,1,248,25,8,new_sponsor,brake,2,../Data/image-data/session-25/brake/Lap_8_Brake hit_2.png,True,28206,28.206,1.5978820323944092,2.705145835876465,True
lap_0248_throttle_01,C:\Users\admin\Desktop\Summer Projects\F1\F1-Optimized-Cornering-Project\Data\image-data\session-25\throttle\Lap_8_Throttle hit_1.png,Data/image-data/session-25/throttle/Lap_8_Throttle hit_1.png,standard_laps,1,248,25,8,new_sponsor,throttle,1,../Data/image-data/session-25/throttle/Lap_8_Throttle hit_1.png,True,28206,28.206,1.5978820323944092,2.705145835876465,True
lap_0248_throttle_02,C:\Users\admin\Desktop\Summer Projects\F1\F1-Optimized-Cornering-Project\Data\image-data\session-25\throttle\Lap_8_Throttle hit_2.png,Data/image-data/session-25/throttle/Lap_8_Throttle hit_2.png,standard_laps,1,248,25,8,new_sponsor,throttle,2,../Data/image-data/session-25/throttle/Lap_8_Throttle hit_2.png,True,28206,28.206,1.5978820323944092,2.705145835876465,True
lap_0249_brake_01,C:\Users\admin\Desktop\Summer Projects\F1\F1-Optimized-Cornering-Project\Data\image-data\session-25\brake\Lap_9_Brake hit_1.png,Data/image-data/session-25/brake/Lap_9_Brake hit_1.png,optimal_laps,0,249,25,9,new_sponsor,brake,1,../Data/image-data/session-25/brake/Lap_9_Brake hit_1.png,True,28007,28.007,1.335310697555542,2.3647818565368652,True
lap_0249_brake_02,C:\Users\admin\Desktop\Summer Projects\F1\F1-Optimized-Cornering-Project\Data\image-data\session-25\brake\Lap_9_Brake hit_2.png,Data/image-data/session-25/brake/Lap_9_Brake hit_2.png,optimal_laps,0,249,25,9,new_sponsor,brake,2,../Data/image-data/session-25/brake/Lap_9_Brake hit_2.png,True,28007,28.007,1.335310697555542,2.3647818565368652,True
lap_0249_throttle_01,C:\Users\admin\Desktop\Summer Projects\F1\F1-Optimized-Cornering-Project\Data\image-data\session-25\throttle\Lap_9_Throttle hit_1.png,Data/image-data/session-25/throttle/Lap_9_Throttle hit_1.png,optimal_laps,0,249,25,9,new_sponsor,throttle,1,../Data/image-data/session-25/throttle/Lap_9_Throttle hit_1.png,True,28007,28.007,1.335310697555542,2.3647818565368652,True
lap_0249_throttle_02,C:\Users\admin\Desktop\Summer Projects\F1\F1-Optimized-Cornering-Project\Data\image-data\session-25\throttle\Lap_9_Throttle hit_2.png,Data/image-data/session-25/throttle/Lap_9_Throttle hit_2.png,optimal_laps,0,249,25,9,new_sponsor,throttle,2,../Data/image-data/session-25/throttle/Lap_9_Throttle hit_2.png,True,28007,28.007,1.335310697555542,2.3647818565368652,True
lap_0250_brake_01,C:\Users\admin\Desktop\Summer Projects\F1\F1-Optimized-Cornering-Project\Data\image-data\session-25\brake\Lap_10_Brake hit_1.png,Data/image-data/session-25/brake/Lap_10_Brake hit_1.png,standard_laps,1,250,25,10,new_sponsor,brake,1,../Data/image-data/session-25/brake/Lap_10_Brake hit_1.png,True,28199,28.199,1.6127707958221436,2.454888343811035,True
lap_0250_brake_02,C:\Users\admin\Desktop\Summer Projects\F1\F1-Optimized-Cornering-Project\Data\image-data\session-25\brake\Lap_10_Brake hit_2.png,Data/image-data/session-25/brake/Lap_10_Brake hit_2.png,standard_laps,1,250,25,10,new_sponsor,brake,2,../Data/image-data/session-25/brake/Lap_10_Brake hit_2.png,True,28199,28.199,1.6127707958221436,2.454888343811035,True
lap_0250_throttle_01,C:\Users\admin\Desktop\Summer Projects\F1\F1-Optimized-Cornering-Project\Data\image-data\session-25\throttle\Lap_10_Throttle hit_1.png,Data/image-data/session-25/throttle/Lap_10_Throttle hit_1.png,standard_laps,1,250,25,10,new_sponsor,throttle,1,../Data/image-data/session-25/throttle/Lap_10_Throttle hit_1.png,True,28199,28.199,1.6127707958221436,2.454888343811035,True
lap_0250_throttle_02,C:\Users\admin\Desktop\Summer Projects\F1\F1-Optimized-Cornering-Project\Data\image-data\session-25\throttle\Lap_10_Throttle hit_2.png,Data/image-data/session-25/throttle/Lap_10_Throttle hit_2.png,standard_laps,1,250,25,10,new_sponsor,throttle,2,../Data/image-data/session-25/throttle/Lap_10_Throttle hit_2.png,True,28199,28.199,1.6127707958221436,2.454888343811035,True
lap_0251_brake_01,C:\Users\admin\Desktop\Summer Projects\F1\F1-Optimized-Cornering-Project\Data\image-data\session-25\brake\Lap_11_Brake hit_1.png,Data/image-data/session-25/brake/Lap_11_Brake hit_1.png,standard_laps,1,251,25,11,new_sponsor,brake,1,../Data/image-data/session-25/brake/Lap_11_Brake hit_1.png,True,28374,28.374,1.547778844833374,2.373854398727417,True
lap_0251_brake_02,C:\Users\admin\Desktop\Summer Projects\F1\F1-Optimized-Cornering-Project\Data\image-data\session-25\brake\Lap_11_Brake hit_2.png,Data/image-data/session-25/brake/Lap_11_Brake hit_2.png,standard_laps,1,251,25,11,new_sponsor,brake,2,../Data/image-data/session-25/brake/Lap_11_Brake hit_2.png,True,28374,28.374,1.547778844833374,2.373854398727417,True
lap_0251_throttle_01,C:\Users\admin\Desktop\Summer Projects\F1\F1-Optimized-Cornering-Project\Data\image-data\session-25\throttle\Lap_11_Throttle hit_1.png,Data/image-data/session-25/throttle/Lap_11_Throttle hit_1.png,standard_laps,1,251,25,11,new_sponsor,throttle,1,../Data/image-data/session-25/throttle/Lap_11_Throttle hit_1.png,True,28374,28.374,1.547778844833374,2.373854398727417,True
lap_0251_throttle_02,C:\Users\admin\Desktop\Summer Projects\F1\F1-Optimized-Cornering-Project\Data\image-data\session-25\throttle\Lap_11_Throttle hit_2.png,Data/image-data/session-25/throttle/Lap_11_Throttle hit_2.png,standard_laps,1,251,25,11,new_sponsor,throttle,2,../Data/image-data/session-25/throttle/Lap_11_Throttle hit_2.png,True,28374,28.374,1.547778844833374,2.373854398727417,True
lap_0252_brake_01,C:\Users\admin\Desktop\Summer Projects\F1\F1-Optimized-Cornering-Project\Data\image-data\session-25\brake\Lap_12_Brake hit_1.png,Data/image-data/session-25/brake/Lap_12_Brake hit_1.png,optimal_laps,0,252,25,12,new_sponsor,brake,1,../Data/image-data/session-25/brake/Lap_12_Brake hit_1.png,True,27804,27.804,1.2903401851654053,2.3374626636505127,True
lap_0252_brake_02,C:\Users\admin\Desktop\Summer Projects\F1\F1-Optimized-Cornering-Project\Data\image-data\session-25\brake\Lap_12_Brake hit_2.png,Data/image-data/session-25/brake/Lap_12_Brake hit_2.png,optimal_laps,0,252,25,12,new_sponsor,brake,2,../Data/image-data/session-25/brake/Lap_12_Brake hit_2.png,True,27804,27.804,1.2903401851654053,2.3374626636505127,True
lap_0252_throttle_01,C:\Users\admin\Desktop\Summer Projects\F1\F1-Optimized-Cornering-Project\Data\image-data\session-25\throttle\Lap_12_Throttle hit_1.png,Data/image-data/session-25/throttle/Lap_12_Throttle hit_1.png,optimal_laps,0,252,25,12,new_sponsor,throttle,1,../Data/image-data/session-25/throttle/Lap_12_Throttle hit_1.png,True,27804,27.804,1.2903401851654053,2.3374626636505127,True
lap_0252_throttle_02,C:\Users\admin\Desktop\Summer Projects\F1\F1-Optimized-Cornering-Project\Data\image-data\session-25\throttle\Lap_12_Throttle hit_2.png,Data/image-data/session-25/throttle/Lap_12_Throttle hit_2.png,optimal_laps,0,252,25,12,new_sponsor,throttle,2,../Data/image-data/session-25/throttle/Lap_12_Throttle hit_2.png,True,27804,27.804,1.2903401851654053,2.3374626636505127,True
lap_0253_brake_01,C:\Users\admin\Desktop\Summer Projects\F1\F1-Optimized-Cornering-Project\Data\image-data\session-25\brake\Lap_13_Brake hit_1.png,Data/image-data/session-25/brake/Lap_13_Brake hit_1.png,sub_standard_laps,2,253,25,13,new_sponsor,brake,1,../Data/image-data/session-25/brake/Lap_13_Brake hit_1.png,True,28628,28.628,1.790238618850708,2.3292956352233887,True
lap_0253_brake_02,C:\Users\admin\Desktop\Summer Projects\F1\F1-Optimized-Cornering-Project\Data\image-data\session-25\brake\Lap_13_Brake hit_2.png,Data/image-data/session-25/brake/Lap_13_Brake hit_2.png,sub_standard_laps,2,253,25,13,new_sponsor,brake,2,../Data/image-data/session-25/brake/Lap_13_Brake hit_2.png,True,28628,28.628,1.790238618850708,2.3292956352233887,True
lap_0253_throttle_01,C:\Users\admin\Desktop\Summer Projects\F1\F1-Optimized-Cornering-Project\Data\image-data\session-25\throttle\Lap_13_Throttle hit_1.png,Data/image-data/session-25/throttle/Lap_13_Throttle hit_1.png,sub_standard_laps,2,253,25,13,new_sponsor,throttle,1,../Data/image-data/session-25/throttle/Lap_13_Throttle hit_1.png,True,28628,28.628,1.790238618850708,2.3292956352233887,True
lap_0253_throttle_02,C:\Users\admin\Desktop\Summer Projects\F1\F1-Optimized-Cornering-Project\Data\image-data\session-25\throttle\Lap_13_Throttle hit_2.png,Data/image-data/session-25/throttle/Lap_13_Throttle hit_2.png,sub_standard_laps,2,253,25,13,new_sponsor,throttle,2,../Data/image-data/session-25/throttle/Lap_13_Throttle hit_2.png,True,28628,28.628,1.790238618850708,2.3292956352233887,True
lap_0254_brake_01,C:\Users\admin\Desktop\Summer Projects\F1\F1-Optimized-Cornering-Project\Data\image-data\session-25\brake\Lap_14_Brake hit_1.png,Data/image-data/session-25/brake/Lap_14_Brake hit_1.png,standard_laps,1,254,25,14,new_sponsor,brake,1,../Data/image-data/session-25/brake/Lap_14_Brake hit_1.png,True,28445,28.445,1.5268158912658691,2.6390583515167236,True
lap_0254_brake_02,C:\Users\admin\Desktop\Summer Projects\F1\F1-Optimized-Cornering-Project\Data\image-data\session-25\brake\Lap_14_Brake hit_2.png,Data/image-data/session-25/brake/Lap_14_Brake hit_2.png,standard_laps,1,254,25,14,new_sponsor,brake,2,../Data/image-data/session-25/brake/Lap_14_Brake hit_2.png,True,28445,28.445,1.5268158912658691,2.6390583515167236,True
lap_0254_throttle_01,C:\Users\admin\Desktop\Summer Projects\F1\F1-Optimized-Cornering-Project\Data\image-data\session-25\throttle\Lap_14_Throttle hit_1.png,Data/image-data/session-25/throttle/Lap_14_Throttle hit_1.png,standard_laps,1,254,25,14,new_sponsor,throttle,1,../Data/image-data/session-25/throttle/Lap_14_Throttle hit_1.png,True,28445,28.445,1.5268158912658691,2.6390583515167236,True
lap_0254_throttle_02,C:\Users\admin\Desktop\Summer Projects\F1\F1-Optimized-Cornering-Project\Data\image-data\session-25\throttle\Lap_14_Throttle hit_2.png,Data/image-data/session-25/throttle/Lap_14_Throttle hit_2.png,standard_laps,1,254,25,14,new_sponsor,throttle,2,../Data/image-data/session-25/throttle/Lap_14_Throttle hit_2.png,True,28445,28.445,1.5268158912658691,2.6390583515167236,True
lap_0255_brake_01,C:\Users\admin\Desktop\Summer Projects\F1\F1-Optimized-Cornering-Project\Data\image-data\session-25\brake\Lap_15_Brake hit_1.png,Data/image-data/session-25/brake/Lap_15_Brake hit_1.png,optimal_laps,0,255,25,15,new_sponsor,brake,1,../Data/image-data/session-25/brake/Lap_15_Brake hit_1.png,True,28092,28.092,1.560410499572754,2.179224967956543,True
lap_0255_brake_02,C:\Users\admin\Desktop\Summer Projects\F1\F1-Optimized-Cornering-Project\Data\image-data\session-25\brake\Lap_15_Brake hit_2.png,Data/image-data/session-25/brake/Lap_15_Brake hit_2.png,optimal_laps,0,255,25,15,new_sponsor,brake,2,../Data/image-data/session-25/brake/Lap_15_Brake hit_2.png,True,28092,28.092,1.560410499572754,2.179224967956543,True
lap_0255_throttle_01,C:\Users\admin\Desktop\Summer Projects\F1\F1-Optimized-Cornering-Project\Data\image-data\session-25\throttle\Lap_15_Throttle hit_1.png,Data/image-data/session-25/throttle/Lap_15_Throttle hit_1.png,optimal_laps,0,255,25,15,new_sponsor,throttle,1,../Data/image-data/session-25/throttle/Lap_15_Throttle hit_1.png,True,28092,28.092,1.560410499572754,2.179224967956543,True
lap_0255_throttle_02,C:\Users\admin\Desktop\Summer Projects\F1\F1-Optimized-Cornering-Project\Data\image-data\session-25\throttle\Lap_15_Throttle hit_2.png,Data/image-data/session-25/throttle/Lap_15_Throttle hit_2.png,optimal_laps,0,255,25,15,new_sponsor,throttle,2,../Data/image-data/session-25/throttle/Lap_15_Throttle hit_2.png,True,28092,28.092,1.560410499572754,2.179224967956543,True
