image_id,cnn_image_path,cnn_repo_relative_path,class_name,class_index,global_lap_num,session,session_lap_num,signal_type,hit_number,raw_csv_path,raw_image_path,raw_repo_relative_path,raw_image_exists,s1_time_ms,s1_time_seconds,incident,delta_1_seconds,delta_2_seconds,associated_delta_seconds,has_delta_data,split
lap_0003_brake_01,C:\Users\admin\Desktop\Summer Projects\F1\F1-Optimized-Cornering-Project\Data\cnn-classes\sub_standard_laps\lap_0003_brake_01.png,Data/cnn-classes/sub_standard_laps/lap_0003_brake_01.png,sub_standard_laps,2,3,1,3,brake,1,../Data/image-data/session-1/brake/Lap_3_Brake hit_1.png,C:\Users\admin\Desktop\Summer Projects\F1\F1-Optimized-Cornering-Project\Data\image-data\session-1\brake\Lap_3_Brake hit_1.png,Data/image-data/session-1/brake/Lap_3_Brake hit_1.png,True,28935,28.935,none,,,,False,test
lap_0003_brake_02,C:\Users\admin\Desktop\Summer Projects\F1\F1-Optimized-Cornering-Project\Data\cnn-classes\sub_standard_laps\lap_0003_brake_02.png,Data/cnn-classes/sub_standard_laps/lap_0003_brake_02.png,sub_standard_laps,2,3,1,3,brake,2,../Data/image-data/session-1/brake/Lap_3_Brake hit_2.png,C:\Users\admin\Desktop\Summer Projects\F1\F1-Optimized-Cornering-Project\Data\image-data\session-1\brake\Lap_3_Brake hit_2.png,Data/image-data/session-1/brake/Lap_3_Brake hit_2.png,True,28935,28.935,none,,,,False,test
lap_0003_throttle_01,C:\Users\admin\Desktop\Summer Projects\F1\F1-Optimized-Cornering-Project\Data\cnn-classes\sub_standard_laps\lap_0003_throttle_01.png,Data/cnn-classes/sub_standard_laps/lap_0003_throttle_01.png,sub_standard_laps,2,3,1,3,throttle,1,../Data/image-data/session-1/throttle/Lap_3_Throttle hit_1.png,C:\Users\admin\Desktop\Summer Projects\F1\F1-Optimized-Cornering-Project\Data\image-data\session-1\throttle\Lap_3_Throttle hit_1.png,Data/image-data/session-1/throttle/Lap_3_Throttle hit_1.png,True,28935,28.935,none,,,,False,test
lap_0003_throttle_02,C:\Users\admin\Desktop\Summer Projects\F1\F1-Optimized-Cornering-Project\Data\cnn-classes\sub_standard_laps\lap_0003_throttle_02.png,Data/cnn-classes/sub_standard_laps/lap_0003_throttle_02.png,sub_standard_laps,2,3,1,3,throttle,2,../Data/image-data/session-1/throttle/Lap_3_Throttle hit_2.png,C:\Users\admin\Desktop\Summer Projects\F1\F1-Optimized-Cornering-Project\Data\image-data\session-1\throttle\Lap_3_Throttle hit_2.png,Data/image-data/session-1/throttle/Lap_3_Throttle hit_2.png,True,28935,28.935,none,,,,False,test
lap_0004_brake_01,C:\Users\admin\Desktop\Summer Projects\F1\F1-Optimized-Cornering-Project\Data\cnn-classes\sub_standard_laps\lap_0004_brake_01.png,Data/cnn-classes/sub_standard_laps/lap_0004_brake_01.png,sub_standard_laps,2,4,1,4,brake,1,../Data/image-data/session-1/brake/Lap_4_Brake hit_1.png,C:\Users\admin\Desktop\Summer Projects\F1\F1-Optimized-Cornering-Project\Data\image-data\session-1\brake\Lap_4_Brake hit_1.png,Data/image-data/session-1/brake/Lap_4_Brake hit_1.png,True,29188,29.188,none,,,,False,test
lap_0004_brake_02,C:\Users\admin\Desktop\Summer Projects\F1\F1-Optimized-Cornering-Project\Data\cnn-classes\sub_standard_laps\lap_0004_brake_02.png,Data/cnn-classes/sub_standard_laps/lap_0004_brake_02.png,sub_standard_laps,2,4,1,4,brake,2,../Data/image-data/session-1/brake/Lap_4_Brake hit_2.png,C:\Users\admin\Desktop\Summer Projects\F1\F1-Optimized-Cornering-Project\Data\image-data\session-1\brake\Lap_4_Brake hit_2.png,Data/image-data/session-1/brake/Lap_4_Brake hit_2.png,True,29188,29.188,none,,,,False,test
lap_0004_throttle_01,C:\Users\admin\Desktop\Summer Projects\F1\F1-Optimized-Cornering-Project\Data\cnn-classes\sub_standard_laps\lap_0004_throttle_01.png,Data/cnn-classes/sub_standard_laps/lap_0004_throttle_01.png,sub_standard_laps,2,4,1,4,throttle,1,../Data/image-data/session-1/throttle/Lap_4_Throttle hit_1.png,C:\Users\admin\Desktop\Summer Projects\F1\F1-Optimized-Cornering-Project\Data\image-data\session-1\throttle\Lap_4_Throttle hit_1.png,Data/image-data/session-1/throttle/Lap_4_Throttle hit_1.png,True,29188,29.188,none,,,,False,test
lap_0004_throttle_02,C:\Users\admin\Desktop\Summer Projects\F1\F1-Optimized-Cornering-Project\Data\cnn-classes\sub_standard_laps\lap_0004_throttle_02.png,Data/cnn-classes/sub_standard_laps/lap_0004_throttle_02.png,sub_standard_laps,2,4,1,4,throttle,2,../Data/image-data/session-1/throttle/Lap_4_Throttle hit_2.png,C:\Users\admin\Desktop\Summer Projects\F1\F1-Optimized-Cornering-Project\Data\image-data\session-1\throttle\Lap_4_Throttle hit_2.png,Data/image-data/session-1/throttle/Lap_4_Throttle hit_2.png,True,29188,29.188,none,,,,False,test
lap_0005_brake_01,C:\Users\admin\Desktop\Summer Projects\F1\F1-Optimized-Cornering-Project\Data\cnn-classes\standard_laps\lap_0005_brake_01.png,Data/cnn-classes/standard_laps/lap_0005_brake_01.png,standard_laps,1,5,1,5,brake,1,../Data/image-data/session-1/brake/Lap_5_Brake hit_1.png,C:\Users\admin\Desktop\Summer Projects\F1\F1-Optimized-Cornering-Project\Data\image-data\session-1\brake\Lap_5_Brake hit_1.png,Data/image-data/session-1/brake/Lap_5_Brake hit_1.png,True,28478,28.478,none,,,,False,test
lap_0005_brake_02,C:\Users\admin\Desktop\Summer Projects\F1\F1-Optimized-Cornering-Project\Data\cnn-classes\standard_laps\lap_0005_brake_02.png,Data/cnn-classes/standard_laps/lap_0005_brake_02.png,standard_laps,1,5,1,5,brake,2,../Data/image-data/session-1/brake/Lap_5_Brake hit_2.png,C:\Users\admin\Desktop\Summer Projects\F1\F1-Optimized-Cornering-Project\Data\image-data\session-1\brake\Lap_5_Brake hit_2.png,Data/image-data/session-1/brake/Lap_5_Brake hit_2.png,True,28478,28.478,none,,,,False,test
lap_0005_throttle_01,C:\Users\admin\Desktop\Summer Projects\F1\F1-Optimized-Cornering-Project\Data\cnn-classes\standard_laps\lap_0005_throttle_01.png,Data/cnn-classes/standard_laps/lap_0005_throttle_01.png,standard_laps,1,5,1,5,throttle,1,../Data/image-data/session-1/throttle/Lap_5_Throttle hit_1.png,C:\Users\admin\Desktop\Summer Projects\F1\F1-Optimized-Cornering-Project\Data\image-data\session-1\throttle\Lap_5_Throttle hit_1.png,Data/image-data/session-1/throttle/Lap_5_Throttle hit_1.png,True,28478,28.478,none,,,,False,test
lap_0005_throttle_02,C:\Users\admin\Desktop\Summer Projects\F1\F1-Optimized-Cornering-Project\Data\cnn-classes\standard_laps\lap_0005_throttle_02.png,Data/cnn-classes/standard_laps/lap_0005_throttle_02.png,standard_laps,1,5,1,5,throttle,2,../Data/image-data/session-1/throttle/Lap_5_Throttle hit_2.png,C:\Users\admin\Desktop\Summer Projects\F1\F1-Optimized-Cornering-Project\Data\image-data\session-1\throttle\Lap_5_Throttle hit_2.png,Data/image-data/session-1/throttle/Lap_5_Throttle hit_2.png,True,28478,28.478,none,,,,False,test
lap_0006_brake_01,C:\Users\admin\Desktop\Summer Projects\F1\F1-Optimized-Cornering-Project\Data\cnn-classes\standard_laps\lap_0006_brake_01.png,Data/cnn-classes/standard_laps/lap_0006_brake_01.png,standard_laps,1,6,1,6,brake,1,../Data/image-data/session-1/brake/Lap_6_Brake hit_1.png,C:\Users\admin\Desktop\Summer Projects\F1\F1-Optimized-Cornering-Project\Data\image-data\session-1\brake\Lap_6_Brake hit_1.png,Data/image-data/session-1/brake/Lap_6_Brake hit_1.png,True,28420,28.42,none,,,,False,test
lap_0006_brake_02,C:\Users\admin\Desktop\Summer Projects\F1\F1-Optimized-Cornering-Project\Data\cnn-classes\standard_laps\lap_0006_brake_02.png,Data/cnn-classes/standard_laps/lap_0006_brake_02.png,standard_laps,1,6,1,6,brake,2,../Data/image-data/session-1/brake/Lap_6_Brake hit_2.png,C:\Users\admin\Desktop\Summer Projects\F1\F1-Optimized-Cornering-Project\Data\image-data\session-1\brake\Lap_6_Brake hit_2.png,Data/image-data/session-1/brake/Lap_6_Brake hit_2.png,True,28420,28.42,none,,,,False,test
lap_0006_throttle_01,C:\Users\admin\Desktop\Summer Projects\F1\F1-Optimized-Cornering-Project\Data\cnn-classes\standard_laps\lap_0006_throttle_01.png,Data/cnn-classes/standard_laps/lap_0006_throttle_01.png,standard_laps,1,6,1,6,throttle,1,../Data/image-data/session-1/throttle/Lap_6_Throttle hit_1.png,C:\Users\admin\Desktop\Summer Projects\F1\F1-Optimized-Cornering-Project\Data\image-data\session-1\throttle\Lap_6_Throttle hit_1.png,Data/image-data/session-1/throttle/Lap_6_Throttle hit_1.png,True,28420,28.42,none,,,,False,test
lap_0006_throttle_02,C:\Users\admin\Desktop\Summer Projects\F1\F1-Optimized-Cornering-Project\Data\cnn-classes\standard_laps\lap_0006_throttle_02.png,Data/cnn-classes/standard_laps/lap_0006_throttle_02.png,standard_laps,1,6,1,6,throttle,2,../Data/image-data/session-1/throttle/Lap_6_Throttle hit_2.png,C:\Users\admin\Desktop\Summer Projects\F1\F1-Optimized-Cornering-Project\Data\image-data\session-1\throttle\Lap_6_Throttle hit_2.png,Data/image-data/session-1/throttle/Lap_6_Throttle hit_2.png,True,28420,28.42,none,,,,False,test
lap_0008_brake_01,C:\Users\admin\Desktop\Summer Projects\F1\F1-Optimized-Cornering-Project\Data\cnn-classes\sub_standard_laps\lap_0008_brake_01.png,Data/cnn-classes/sub_standard_laps/lap_0008_brake_01.png,sub_standard_laps,2,8,1,8,brake,1,../Data/image-data/session-1/brake/Lap_8_Brake hit_1.png,C:\Users\admin\Desktop\Summer Projects\F1\F1-Optimized-Cornering-Project\Data\image-data\session-1\brake\Lap_8_Brake hit_1.png,Data/image-data/session-1/brake/Lap_8_Brake hit_1.png,True,28812,28.812,none,,,,False,test
lap_0008_brake_02,C:\Users\admin\Desktop\Summer Projects\F1\F1-Optimized-Cornering-Project\Data\cnn-classes\sub_standard_laps\lap_0008_brake_02.png,Data/cnn-classes/sub_standard_laps/lap_0008_brake_02.png,sub_standard_laps,2,8,1,8,brake,2,../Data/image-data/session-1/brake/Lap_8_Brake hit_2.png,C:\Users\admin\Desktop\Summer Projects\F1\F1-Optimized-Cornering-Project\Data\image-data\session-1\brake\Lap_8_Brake hit_2.png,Data/image-data/session-1/brake/Lap_8_Brake hit_2.png,True,28812,28.812,none,,,,False,test
lap_0008_throttle_01,C:\Users\admin\Desktop\Summer Projects\F1\F1-Optimized-Cornering-Project\Data\cnn-classes\sub_standard_laps\lap_0008_throttle_01.png,Data/cnn-classes/sub_standard_laps/lap_0008_throttle_01.png,sub_standard_laps,2,8,1,8,throttle,1,../Data/image-data/session-1/throttle/Lap_8_Throttle hit_1.png,C:\Users\admin\Desktop\Summer Projects\F1\F1-Optimized-Cornering-Project\Data\image-data\session-1\throttle\Lap_8_Throttle hit_1.png,Data/image-data/session-1/throttle/Lap_8_Throttle hit_1.png,True,28812,28.812,none,,,,False,test
lap_0008_throttle_02,C:\Users\admin\Desktop\Summer Projects\F1\F1-Optimized-Cornering-Project\Data\cnn-classes\sub_standard_laps\lap_0008_throttle_02.png,Data/cnn-classes/sub_standard_laps/lap_0008_throttle_02.png,sub_standard_laps,2,8,1,8,throttle,2,../Data/image-data/session-1/throttle/Lap_8_Throttle hit_2.png,C:\Users\admin\Desktop\Summer Projects\F1\F1-Optimized-Cornering-Project\Data\image-data\session-1\throttle\Lap_8_Throttle hit_2.png,Data/image-data/session-1/throttle/Lap_8_Throttle hit_2.png,True,28812,28.812,none,,,,False,test
lap_0009_brake_01,C:\Users\admin\Desktop\Summer Projects\F1\F1-Optimized-Cornering-Project\Data\cnn-classes\sub_standard_laps\lap_0009_brake_01.png,Data/cnn-classes/sub_standard_laps/lap_0009_brake_01.png,sub_standard_laps,2,9,1,9,brake,1,../Data/image-data/session-1/brake/Lap_9_Brake hit_1.png,C:\Users\admin\Desktop\Summer Projects\F1\F1-Optimized-Cornering-Project\Data\image-data\session-1\brake\Lap_9_Brake hit_1.png,Data/image-data/session-1/brake/Lap_9_Brake hit_1.png,True,28980,28.98,none,,,,False,test
lap_0009_brake_02,C:\Users\admin\Desktop\Summer Projects\F1\F1-Optimized-Cornering-Project\Data\cnn-classes\sub_standard_laps\lap_0009_brake_02.png,Data/cnn-classes/sub_standard_laps/lap_0009_brake_02.png,sub_standard_laps,2,9,1,9,brake,2,../Data/image-data/session-1/brake/Lap_9_Brake hit_2.png,C:\Users\admin\Desktop\Summer Projects\F1\F1-Optimized-Cornering-Project\Data\image-data\session-1\brake\Lap_9_Brake hit_2.png,Data/image-data/session-1/brake/Lap_9_Brake hit_2.png,True,28980,28.98,none,,,,False,test
lap_0009_throttle_01,C:\Users\admin\Desktop\Summer Projects\F1\F1-Optimized-Cornering-Project\Data\cnn-classes\sub_standard_laps\lap_0009_throttle_01.png,Data/cnn-classes/sub_standard_laps/lap_0009_throttle_01.png,sub_standard_laps,2,9,1,9,throttle,1,../Data/image-data/session-1/throttle/Lap_9_Throttle hit_1.png,C:\Users\admin\Desktop\Summer Projects\F1\F1-Optimized-Cornering-Project\Data\image-data\session-1\throttle\Lap_9_Throttle hit_1.png,Data/image-data/session-1/throttle/Lap_9_Throttle hit_1.png,True,28980,28.98,none,,,,False,test
lap_0009_throttle_02,C:\Users\admin\Desktop\Summer Projects\F1\F1-Optimized-Cornering-Project\Data\cnn-classes\sub_standard_laps\lap_0009_throttle_02.png,Data/cnn-classes/sub_standard_laps/lap_0009_throttle_02.png,sub_standard_laps,2,9,1,9,throttle,2,../Data/image-data/session-1/throttle/Lap_9_Throttle hit_2.png,C:\Users\admin\Desktop\Summer Projects\F1\F1-Optimized-Cornering-Project\Data\image-data\session-1\throttle\Lap_9_Throttle hit_2.png,Data/image-data/session-1/throttle/Lap_9_Throttle hit_2.png,True,28980,28.98,none,,,,False,test
lap_0010_brake_01,C:\Users\admin\Desktop\Summer Projects\F1\F1-Optimized-Cornering-Project\Data\cnn-classes\standard_laps\lap_0010_brake_01.png,Data/cnn-classes/standard_laps/lap_0010_brake_01.png,standard_laps,1,10,1,10,brake,1,../Data/image-data/session-1/brake/Lap_10_Brake hit_1.png,C:\Users\admin\Desktop\Summer Projects\F1\F1-Optimized-Cornering-Project\Data\image-data\session-1\brake\Lap_10_Brake hit_1.png,Data/image-data/session-1/brake/Lap_10_Brake hit_1.png,True,28500,28.5,none,,,,False,test
lap_0010_brake_02,C:\Users\admin\Desktop\Summer Projects\F1\F1-Optimized-Cornering-Project\Data\cnn-classes\standard_laps\lap_0010_brake_02.png,Data/cnn-classes/standard_laps/lap_0010_brake_02.png,standard_laps,1,10,1,10,brake,2,../Data/image-data/session-1/brake/Lap_10_Brake hit_2.png,C:\Users\admin\Desktop\Summer Projects\F1\F1-Optimized-Cornering-Project\Data\image-data\session-1\brake\Lap_10_Brake hit_2.png,Data/image-data/session-1/brake/Lap_10_Brake hit_2.png,True,28500,28.5,none,,,,False,test
lap_0010_throttle_01,C:\Users\admin\Desktop\Summer Projects\F1\F1-Optimized-Cornering-Project\Data\cnn-classes\standard_laps\lap_0010_throttle_01.png,Data/cnn-classes/standard_laps/lap_0010_throttle_01.png,standard_laps,1,10,1,10,throttle,1,../Data/image-data/session-1/throttle/Lap_10_Throttle hit_1.png,C:\Users\admin\Desktop\Summer Projects\F1\F1-Optimized-Cornering-Project\Data\image-data\session-1\throttle\Lap_10_Throttle hit_1.png,Data/image-data/session-1/throttle/Lap_10_Throttle hit_1.png,True,28500,28.5,none,,,,False,test
lap_0010_throttle_02,C:\Users\admin\Desktop\Summer Projects\F1\F1-Optimized-Cornering-Project\Data\cnn-classes\standard_laps\lap_0010_throttle_02.png,Data/cnn-classes/standard_laps/lap_0010_throttle_02.png,standard_laps,1,10,1,10,throttle,2,../Data/image-data/session-1/throttle/Lap_10_Throttle hit_2.png,C:\Users\admin\Desktop\Summer Projects\F1\F1-Optimized-Cornering-Project\Data\image-data\session-1\throttle\Lap_10_Throttle hit_2.png,Data/image-data/session-1/throttle/Lap_10_Throttle hit_2.png,True,28500,28.5,none,,,,False,test
lap_0011_brake_01,C:\Users\admin\Desktop\Summer Projects\F1\F1-Optimized-Cornering-Project\Data\cnn-classes\sub_standard_laps\lap_0011_brake_01.png,Data/cnn-classes/sub_standard_laps/lap_0011_brake_01.png,sub_standard_laps,2,11,2,1,brake,1,../Data/image-data/session-2/brake/Lap_1_Brake hit_1.png,C:\Users\admin\Desktop\Summer Projects\F1\F1-Optimized-Cornering-Project\Data\image-data\session-2\brake\Lap_1_Brake hit_1.png,Data/image-data/session-2/brake/Lap_1_Brake hit_1.png,True,29467,29.467,none,,,,False,train
lap_0011_brake_02,C:\Users\admin\Desktop\Summer Projects\F1\F1-Optimized-Cornering-Project\Data\cnn-classes\sub_standard_laps\lap_0011_brake_02.png,Data/cnn-classes/sub_standard_laps/lap_0011_brake_02.png,sub_standard_laps,2,11,2,1,brake,2,../Data/image-data/session-2/brake/Lap_1_Brake hit_2.png,C:\Users\admin\Desktop\Summer Projects\F1\F1-Optimized-Cornering-Project\Data\image-data\session-2\brake\Lap_1_Brake hit_2.png,Data/image-data/session-2/brake/Lap_1_Brake hit_2.png,True,29467,29.467,none,,,,False,train
lap_0011_throttle_01,C:\Users\admin\Desktop\Summer Projects\F1\F1-Optimized-Cornering-Project\Data\cnn-classes\sub_standard_laps\lap_0011_throttle_01.png,Data/cnn-classes/sub_standard_laps/lap_0011_throttle_01.png,sub_standard_laps,2,11,2,1,throttle,1,../Data/image-data/session-2/throttle/Lap_1_Throttle hit_1.png,C:\Users\admin\Desktop\Summer Projects\F1\F1-Optimized-Cornering-Project\Data\image-data\session-2\throttle\Lap_1_Throttle hit_1.png,Data/image-data/session-2/throttle/Lap_1_Throttle hit_1.png,True,29467,29.467,none,,,,False,train
lap_0011_throttle_02,C:\Users\admin\Desktop\Summer Projects\F1\F1-Optimized-Cornering-Project\Data\cnn-classes\sub_standard_laps\lap_0011_throttle_02.png,Data/cnn-classes/sub_standard_laps/lap_0011_throttle_02.png,sub_standard_laps,2,11,2,1,throttle,2,../Data/image-data/session-2/throttle/Lap_1_Throttle hit_2.png,C:\Users\admin\Desktop\Summer Projects\F1\F1-Optimized-Cornering-Project\Data\image-data\session-2\throttle\Lap_1_Throttle hit_2.png,Data/image-data/session-2/throttle/Lap_1_Throttle hit_2.png,True,29467,29.467,none,,,,False,train
lap_0012_brake_01,C:\Users\admin\Desktop\Summer Projects\F1\F1-Optimized-Cornering-Project\Data\cnn-classes\sub_standard_laps\lap_0012_brake_01.png,Data/cnn-classes/sub_standard_laps/lap_0012_brake_01.png,sub_standard_laps,2,12,2,2,brake,1,../Data/image-data/session-2/brake/Lap_2_Brake hit_1.png,C:\Users\admin\Desktop\Summer Projects\F1\F1-Optimized-Cornering-Project\Data\image-data\session-2\brake\Lap_2_Brake hit_1.png,Data/image-data/session-2/brake/Lap_2_Brake hit_1.png,True,29346,29.346,none,,,,False,train
lap_0012_brake_02,C:\Users\admin\Desktop\Summer Projects\F1\F1-Optimized-Cornering-Project\Data\cnn-classes\sub_standard_laps\lap_0012_brake_02.png,Data/cnn-classes/sub_standard_laps/lap_0012_brake_02.png,sub_standard_laps,2,12,2,2,brake,2,../Data/image-data/session-2/brake/Lap_2_Brake hit_2.png,C:\Users\admin\Desktop\Summer Projects\F1\F1-Optimized-Cornering-Project\Data\image-data\session-2\brake\Lap_2_Brake hit_2.png,Data/image-data/session-2/brake/Lap_2_Brake hit_2.png,True,29346,29.346,none,,,,False,train
lap_0012_throttle_01,C:\Users\admin\Desktop\Summer Projects\F1\F1-Optimized-Cornering-Project\Data\cnn-classes\sub_standard_laps\lap_0012_throttle_01.png,Data/cnn-classes/sub_standard_laps/lap_0012_throttle_01.png,sub_standard_laps,2,12,2,2,throttle,1,../Data/image-data/session-2/throttle/Lap_2_Throttle hit_1.png,C:\Users\admin\Desktop\Summer Projects\F1\F1-Optimized-Cornering-Project\Data\image-data\session-2\throttle\Lap_2_Throttle hit_1.png,Data/image-data/session-2/throttle/Lap_2_Throttle hit_1.png,True,29346,29.346,none,,,,False,train
lap_0012_throttle_02,C:\Users\admin\Desktop\Summer Projects\F1\F1-Optimized-Cornering-Project\Data\cnn-classes\sub_standard_laps\lap_0012_throttle_02.png,Data/cnn-classes/sub_standard_laps/lap_0012_throttle_02.png,sub_standard_laps,2,12,2,2,throttle,2,../Data/image-data/session-2/throttle/Lap_2_Throttle hit_2.png,C:\Users\admin\Desktop\Summer Projects\F1\F1-Optimized-Cornering-Project\Data\image-data\session-2\throttle\Lap_2_Throttle hit_2.png,Data/image-data/session-2/throttle/Lap_2_Throttle hit_2.png,True,29346,29.346,none,,,,False,train
lap_0016_brake_01,C:\Users\admin\Desktop\Summer Projects\F1\F1-Optimized-Cornering-Project\Data\cnn-classes\standard_laps\lap_0016_brake_01.png,Data/cnn-classes/standard_laps/lap_0016_brake_01.png,standard_laps,1,16,2,6,brake,1,../Data/image-data/session-2/brake/Lap_6_Brake hit_1.png,C:\Users\admin\Desktop\Summer Projects\F1\F1-Optimized-Cornering-Project\Data\image-data\session-2\brake\Lap_6_Brake hit_1.png,Data/image-data/session-2/brake/Lap_6_Brake hit_1.png,True,28395,28.395,none,,,,False,train
lap_0016_brake_02,C:\Users\admin\Desktop\Summer Projects\F1\F1-Optimized-Cornering-Project\Data\cnn-classes\standard_laps\lap_0016_brake_02.png,Data/cnn-classes/standard_laps/lap_0016_brake_02.png,standard_laps,1,16,2,6,brake,2,../Data/image-data/session-2/brake/Lap_6_Brake hit_2.png,C:\Users\admin\Desktop\Summer Projects\F1\F1-Optimized-Cornering-Project\Data\image-data\session-2\brake\Lap_6_Brake hit_2.png,Data/image-data/session-2/brake/Lap_6_Brake hit_2.png,True,28395,28.395,none,,,,False,train
lap_0016_throttle_01,C:\Users\admin\Desktop\Summer Projects\F1\F1-Optimized-Cornering-Project\Data\cnn-classes\standard_laps\lap_0016_throttle_01.png,Data/cnn-classes/standard_laps/lap_0016_throttle_01.png,standard_laps,1,16,2,6,throttle,1,../Data/image-data/session-2/throttle/Lap_6_Throttle hit_1.png,C:\Users\admin\Desktop\Summer Projects\F1\F1-Optimized-Cornering-Project\Data\image-data\session-2\throttle\Lap_6_Throttle hit_1.png,Data/image-data/session-2/throttle/Lap_6_Throttle hit_1.png,True,28395,28.395,none,,,,False,train
lap_0016_throttle_02,C:\Users\admin\Desktop\Summer Projects\F1\F1-Optimized-Cornering-Project\Data\cnn-classes\standard_laps\lap_0016_throttle_02.png,Data/cnn-classes/standard_laps/lap_0016_throttle_02.png,standard_laps,1,16,2,6,throttle,2,../Data/image-data/session-2/throttle/Lap_6_Throttle hit_2.png,C:\Users\admin\Desktop\Summer Projects\F1\F1-Optimized-Cornering-Project\Data\image-data\session-2\throttle\Lap_6_Throttle hit_2.png,Data/image-data/session-2/throttle/Lap_6_Throttle hit_2.png,True,28395,28.395,none,,,,False,train
lap_0018_brake_01,C:\Users\admin\Desktop\Summer Projects\F1\F1-Optimized-Cornering-Project\Data\cnn-classes\standard_laps\lap_0018_brake_01.png,Data/cnn-classes/standard_laps/lap_0018_brake_01.png,standard_laps,1,18,2,8,brake,1,../Data/image-data/session-2/brake/Lap_8_Brake hit_1.png,C:\Users\admin\Desktop\Summer Projects\F1\F1-Optimized-Cornering-Project\Data\image-data\session-2\brake\Lap_8_Brake hit_1.png,Data/image-data/session-2/brake/Lap_8_Brake hit_1.png,True,28483,28.483,none,,,,False,train
lap_0018_brake_02,C:\Users\admin\Desktop\Summer Projects\F1\F1-Optimized-Cornering-Project\Data\cnn-classes\standard_laps\lap_0018_brake_02.png,Data/cnn-classes/standard_laps/lap_0018_brake_02.png,standard_laps,1,18,2,8,brake,2,../Data/image-data/session-2/brake/Lap_8_Brake hit_2.png,C:\Users\admin\Desktop\Summer Projects\F1\F1-Optimized-Cornering-Project\Data\image-data\session-2\brake\Lap_8_Brake hit_2.png,Data/image-data/session-2/brake/Lap_8_Brake hit_2.png,True,28483,28.483,none,,,,False,train
lap_0018_throttle_01,C:\Users\admin\Desktop\Summer Projects\F1\F1-Optimized-Cornering-Project\Data\cnn-classes\standard_laps\lap_0018_throttle_01.png,Data/cnn-classes/standard_laps/lap_0018_throttle_01.png,standard_laps,1,18,2,8,throttle,1,../Data/image-data/session-2/throttle/Lap_8_Throttle hit_1.png,C:\Users\admin\Desktop\Summer Projects\F1\F1-Optimized-Cornering-Project\Data\image-data\session-2\throttle\Lap_8_Throttle hit_1.png,Data/image-data/session-2/throttle/Lap_8_Throttle hit_1.png,True,28483,28.483,none,,,,False,train
lap_0018_throttle_02,C:\Users\admin\Desktop\Summer Projects\F1\F1-Optimized-Cornering-Project\Data\cnn-classes\standard_laps\lap_0018_throttle_02.png,Data/cnn-classes/standard_laps/lap_0018_throttle_02.png,standard_laps,1,18,2,8,throttle,2,../Data/image-data/session-2/throttle/Lap_8_Throttle hit_2.png,C:\Users\admin\Desktop\Summer Projects\F1\F1-Optimized-Cornering-Project\Data\image-data\session-2\throttle\Lap_8_Throttle hit_2.png,Data/image-data/session-2/throttle/Lap_8_Throttle hit_2.png,True,28483,28.483,none,,,,False,train
lap_0019_brake_01,C:\Users\admin\Desktop\Summer Projects\F1\F1-Optimized-Cornering-Project\Data\cnn-classes\sub_standard_laps\lap_0019_brake_01.png,Data/cnn-classes/sub_standard_laps/lap_0019_brake_01.png,sub_standard_laps,2,19,2,9,brake,1,../Data/image-data/session-2/brake/Lap_9_Brake hit_1.png,C:\Users\admin\Desktop\Summer Projects\F1\F1-Optimized-Cornering-Project\Data\image-data\session-2\brake\Lap_9_Brake hit_1.png,Data/image-data/session-2/brake/Lap_9_Brake hit_1.png,True,28828,28.828,none,,,,False,train
lap_0019_brake_02,C:\Users\admin\Desktop\Summer Projects\F1\F1-Optimized-Cornering-Project\Data\cnn-classes\sub_standard_laps\lap_0019_brake_02.png,Data/cnn-classes/sub_standard_laps/lap_0019_brake_02.png,sub_standard_laps,2,19,2,9,brake,2,../Data/image-data/session-2/brake/Lap_9_Brake hit_2.png,C:\Users\admin\Desktop\Summer Projects\F1\F1-Optimized-Cornering-Project\Data\image-data\session-2\brake\Lap_9_Brake hit_2.png,Data/image-data/session-2/brake/Lap_9_Brake hit_2.png,True,28828,28.828,none,,,,False,train
lap_0019_throttle_01,C:\Users\admin\Desktop\Summer Projects\F1\F1-Optimized-Cornering-Project\Data\cnn-classes\sub_standard_laps\lap_0019_throttle_01.png,Data/cnn-classes/sub_standard_laps/lap_0019_throttle_01.png,sub_standard_laps,2,19,2,9,throttle,1,../Data/image-data/session-2/throttle/Lap_9_Throttle hit_1.png,C:\Users\admin\Desktop\Summer Projects\F1\F1-Optimized-Cornering-Project\Data\image-data\session-2\throttle\Lap_9_Throttle hit_1.png,Data/image-data/session-2/throttle/Lap_9_Throttle hit_1.png,True,28828,28.828,none,,,,False,train
lap_0019_throttle_02,C:\Users\admin\Desktop\Summer Projects\F1\F1-Optimized-Cornering-Project\Data\cnn-classes\sub_standard_laps\lap_0019_throttle_02.png,Data/cnn-classes/sub_standard_laps/lap_0019_throttle_02.png,sub_standard_laps,2,19,2,9,throttle,2,../Data/image-data/session-2/throttle/Lap_9_Throttle hit_2.png,C:\Users\admin\Desktop\Summer Projects\F1\F1-Optimized-Cornering-Project\Data\image-data\session-2\throttle\Lap_9_Throttle hit_2.png,Data/image-data/session-2/throttle/Lap_9_Throttle hit_2.png,True,28828,28.828,none,,,,False,train
lap_0021_brake_01,C:\Users\admin\Desktop\Summer Projects\F1\F1-Optimized-Cornering-Project\Data\cnn-classes\sub_standard_laps\lap_0021_brake_01.png,Data/cnn-classes/sub_standard_laps/lap_0021_brake_01.png,sub_standard_laps,2,21,2,11,brake,1,../Data/image-data/session-2/brake/Lap_11_Brake hit_1.png,C:\Users\admin\Desktop\Summer Projects\F1\F1-Optimized-Cornering-Project\Data\image-data\session-2\brake\Lap_11_Brake hit_1.png,Data/image-data/session-2/brake/Lap_11_Brake hit_1.png,True,28897,28.897,none,,,,False,train
lap_0021_brake_02,C:\Users\admin\Desktop\Summer Projects\F1\F1-Optimized-Cornering-Project\Data\cnn-classes\sub_standard_laps\lap_0021_brake_02.png,Data/cnn-classes/sub_standard_laps/lap_0021_brake_02.png,sub_standard_laps,2,21,2,11,brake,2,../Data/image-data/session-2/brake/Lap_11_Brake hit_2.png,C:\Users\admin\Desktop\Summer Projects\F1\F1-Optimized-Cornering-Project\Data\image-data\session-2\brake\Lap_11_Brake hit_2.png,Data/image-data/session-2/brake/Lap_11_Brake hit_2.png,True,28897,28.897,none,,,,False,train
lap_0021_throttle_01,C:\Users\admin\Desktop\Summer Projects\F1\F1-Optimized-Cornering-Project\Data\cnn-classes\sub_standard_laps\lap_0021_throttle_01.png,Data/cnn-classes/sub_standard_laps/lap_0021_throttle_01.png,sub_standard_laps,2,21,2,11,throttle,1,../Data/image-data/session-2/throttle/Lap_11_Throttle hit_1.png,C:\Users\admin\Desktop\Summer Projects\F1\F1-Optimized-Cornering-Project\Data\image-data\session-2\throttle\Lap_11_Throttle hit_1.png,Data/image-data/session-2/throttle/Lap_11_Throttle hit_1.png,True,28897,28.897,none,,,,False,train
lap_0021_throttle_02,C:\Users\admin\Desktop\Summer Projects\F1\F1-Optimized-Cornering-Project\Data\cnn-classes\sub_standard_laps\lap_0021_throttle_02.png,Data/cnn-classes/sub_standard_laps/lap_0021_throttle_02.png,sub_standard_laps,2,21,2,11,throttle,2,../Data/image-data/session-2/throttle/Lap_11_Throttle hit_2.png,C:\Users\admin\Desktop\Summer Projects\F1\F1-Optimized-Cornering-Project\Data\image-data\session-2\throttle\Lap_11_Throttle hit_2.png,Data/image-data/session-2/throttle/Lap_11_Throttle hit_2.png,True,28897,28.897,none,,,,False,train
lap_0022_brake_01,C:\Users\admin\Desktop\Summer Projects\F1\F1-Optimized-Cornering-Project\Data\cnn-classes\sub_standard_laps\lap_0022_brake_01.png,Data/cnn-classes/sub_standard_laps/lap_0022_brake_01.png,sub_standard_laps,2,22,3,1,brake,1,../Data/image-data/session-3/brake/Lap_1_Brake hit_1.png,C:\Users\admin\Desktop\Summer Projects\F1\F1-Optimized-Cornering-Project\Data\image-data\session-3\brake\Lap_1_Brake hit_1.png,Data/image-data/session-3/brake/Lap_1_Brake hit_1.png,True,28857,28.857,none,,,,False,train
lap_0022_brake_02,C:\Users\admin\Desktop\Summer Projects\F1\F1-Optimized-Cornering-Project\Data\cnn-classes\sub_standard_laps\lap_0022_brake_02.png,Data/cnn-classes/sub_standard_laps/lap_0022_brake_02.png,sub_standard_laps,2,22,3,1,brake,2,../Data/image-data/session-3/brake/Lap_1_Brake hit_2.png,C:\Users\admin\Desktop\Summer Projects\F1\F1-Optimized-Cornering-Project\Data\image-data\session-3\brake\Lap_1_Brake hit_2.png,Data/image-data/session-3/brake/Lap_1_Brake hit_2.png,True,28857,28.857,none,,,,False,train
lap_0022_throttle_01,C:\Users\admin\Desktop\Summer Projects\F1\F1-Optimized-Cornering-Project\Data\cnn-classes\sub_standard_laps\lap_0022_throttle_01.png,Data/cnn-classes/sub_standard_laps/lap_0022_throttle_01.png,sub_standard_laps,2,22,3,1,throttle,1,../Data/image-data/session-3/throttle/Lap_1_Throttle hit_1.png,C:\Users\admin\Desktop\Summer Projects\F1\F1-Optimized-Cornering-Project\Data\image-data\session-3\throttle\Lap_1_Throttle hit_1.png,Data/image-data/session-3/throttle/Lap_1_Throttle hit_1.png,True,28857,28.857,none,,,,False,train
lap_0022_throttle_02,C:\Users\admin\Desktop\Summer Projects\F1\F1-Optimized-Cornering-Project\Data\cnn-classes\sub_standard_laps\lap_0022_throttle_02.png,Data/cnn-classes/sub_standard_laps/lap_0022_throttle_02.png,sub_standard_laps,2,22,3,1,throttle,2,../Data/image-data/session-3/throttle/Lap_1_Throttle hit_2.png,C:\Users\admin\Desktop\Summer Projects\F1\F1-Optimized-Cornering-Project\Data\image-data\session-3\throttle\Lap_1_Throttle hit_2.png,Data/image-data/session-3/throttle/Lap_1_Throttle hit_2.png,True,28857,28.857,none,,,,False,train
lap_0024_brake_01,C:\Users\admin\Desktop\Summer Projects\F1\F1-Optimized-Cornering-Project\Data\cnn-classes\standard_laps\lap_0024_brake_01.png,Data/cnn-classes/standard_laps/lap_0024_brake_01.png,standard_laps,1,24,3,3,brake,1,../Data/image-data/session-3/brake/Lap_3_Brake hit_1.png,C:\Users\admin\Desktop\Summer Projects\F1\F1-Optimized-Cornering-Project\Data\image-data\session-3\brake\Lap_3_Brake hit_1.png,Data/image-data/session-3/brake/Lap_3_Brake hit_1.png,True,28361,28.361,none,,,,False,train
lap_0024_brake_02,C:\Users\admin\Desktop\Summer Projects\F1\F1-Optimized-Cornering-Project\Data\cnn-classes\standard_laps\lap_0024_brake_02.png,Data/cnn-classes/standard_laps/lap_0024_brake_02.png,standard_laps,1,24,3,3,brake,2,../Data/image-data/session-3/brake/Lap_3_Brake hit_2.png,C:\Users\admin\Desktop\Summer Projects\F1\F1-Optimized-Cornering-Project\Data\image-data\session-3\brake\Lap_3_Brake hit_2.png,Data/image-data/session-3/brake/Lap_3_Brake hit_2.png,True,28361,28.361,none,,,,False,train
lap_0024_throttle_01,C:\Users\admin\Desktop\Summer Projects\F1\F1-Optimized-Cornering-Project\Data\cnn-classes\standard_laps\lap_0024_throttle_01.png,Data/cnn-classes/standard_laps/lap_0024_throttle_01.png,standard_laps,1,24,3,3,throttle,1,../Data/image-data/session-3/throttle/Lap_3_Throttle hit_1.png,C:\Users\admin\Desktop\Summer Projects\F1\F1-Optimized-Cornering-Project\Data\image-data\session-3\throttle\Lap_3_Throttle hit_1.png,Data/image-data/session-3/throttle/Lap_3_Throttle hit_1.png,True,28361,28.361,none,,,,False,train
lap_0024_throttle_02,C:\Users\admin\Desktop\Summer Projects\F1\F1-Optimized-Cornering-Project\Data\cnn-classes\standard_laps\lap_0024_throttle_02.png,Data/cnn-classes/standard_laps/lap_0024_throttle_02.png,standard_laps,1,24,3,3,throttle,2,../Data/image-data/session-3/throttle/Lap_3_Throttle hit_2.png,C:\Users\admin\Desktop\Summer Projects\F1\F1-Optimized-Cornering-Project\Data\image-data\session-3\throttle\Lap_3_Throttle hit_2.png,Data/image-data/session-3/throttle/Lap_3_Throttle hit_2.png,True,28361,28.361,none,,,,False,train
lap_0025_brake_01,C:\Users\admin\Desktop\Summer Projects\F1\F1-Optimized-Cornering-Project\Data\cnn-classes\optimal_laps\lap_0025_brake_01.png,Data/cnn-classes/optimal_laps/lap_0025_brake_01.png,optimal_laps,0,25,3,4,brake,1,../Data/image-data/session-3/brake/Lap_4_Brake hit_1.png,C:\Users\admin\Desktop\Summer Projects\F1\F1-Optimized-Cornering-Project\Data\image-data\session-3\brake\Lap_4_Brake hit_1.png,Data/image-data/session-3/brake/Lap_4_Brake hit_1.png,True,27975,27.975,none,,,,False,train
lap_0025_brake_02,C:\Users\admin\Desktop\Summer Projects\F1\F1-Optimized-Cornering-Project\Data\cnn-classes\optimal_laps\lap_0025_brake_02.png,Data/cnn-classes/optimal_laps/lap_0025_brake_02.png,optimal_laps,0,25,3,4,brake,2,../Data/image-data/session-3/brake/Lap_4_Brake hit_2.png,C:\Users\admin\Desktop\Summer Projects\F1\F1-Optimized-Cornering-Project\Data\image-data\session-3\brake\Lap_4_Brake hit_2.png,Data/image-data/session-3/brake/Lap_4_Brake hit_2.png,True,27975,27.975,none,,,,False,train
lap_0025_throttle_01,C:\Users\admin\Desktop\Summer Projects\F1\F1-Optimized-Cornering-Project\Data\cnn-classes\optimal_laps\lap_0025_throttle_01.png,Data/cnn-classes/optimal_laps/lap_0025_throttle_01.png,optimal_laps,0,25,3,4,throttle,1,../Data/image-data/session-3/throttle/Lap_4_Throttle hit_1.png,C:\Users\admin\Desktop\Summer Projects\F1\F1-Optimized-Cornering-Project\Data\image-data\session-3\throttle\Lap_4_Throttle hit_1.png,Data/image-data/session-3/throttle/Lap_4_Throttle hit_1.png,True,27975,27.975,none,,,,False,train
lap_0025_throttle_02,C:\Users\admin\Desktop\Summer Projects\F1\F1-Optimized-Cornering-Project\Data\cnn-classes\optimal_laps\lap_0025_throttle_02.png,Data/cnn-classes/optimal_laps/lap_0025_throttle_02.png,optimal_laps,0,25,3,4,throttle,2,../Data/image-data/session-3/throttle/Lap_4_Throttle hit_2.png,C:\Users\admin\Desktop\Summer Projects\F1\F1-Optimized-Cornering-Project\Data\image-data\session-3\throttle\Lap_4_Throttle hit_2.png,Data/image-data/session-3/throttle/Lap_4_Throttle hit_2.png,True,27975,27.975,none,,,,False,train
lap_0026_brake_01,C:\Users\admin\Desktop\Summer Projects\F1\F1-Optimized-Cornering-Project\Data\cnn-classes\standard_laps\lap_0026_brake_01.png,Data/cnn-classes/standard_laps/lap_0026_brake_01.png,standard_laps,1,26,4,1,brake,1,../Data/image-data/session-4/brake/Lap_1_Brake hit_1.png,C:\Users\admin\Desktop\Summer Projects\F1\F1-Optimized-Cornering-Project\Data\image-data\session-4\brake\Lap_1_Brake hit_1.png,Data/image-data/session-4/brake/Lap_1_Brake hit_1.png,True,28390,28.39,none,,,,False,train
lap_0026_brake_02,C:\Users\admin\Desktop\Summer Projects\F1\F1-Optimized-Cornering-Project\Data\cnn-classes\standard_laps\lap_0026_brake_02.png,Data/cnn-classes/standard_laps/lap_0026_brake_02.png,standard_laps,1,26,4,1,brake,2,../Data/image-data/session-4/brake/Lap_1_Brake hit_2.png,C:\Users\admin\Desktop\Summer Projects\F1\F1-Optimized-Cornering-Project\Data\image-data\session-4\brake\Lap_1_Brake hit_2.png,Data/image-data/session-4/brake/Lap_1_Brake hit_2.png,True,28390,28.39,none,,,,False,train
lap_0026_throttle_01,C:\Users\admin\Desktop\Summer Projects\F1\F1-Optimized-Cornering-Project\Data\cnn-classes\standard_laps\lap_0026_throttle_01.png,Data/cnn-classes/standard_laps/lap_0026_throttle_01.png,standard_laps,1,26,4,1,throttle,1,../Data/image-data/session-4/throttle/Lap_1_Throttle hit_1.png,C:\Users\admin\Desktop\Summer Projects\F1\F1-Optimized-Cornering-Project\Data\image-data\session-4\throttle\Lap_1_Throttle hit_1.png,Data/image-data/session-4/throttle/Lap_1_Throttle hit_1.png,True,28390,28.39,none,,,,False,train
lap_0026_throttle_02,C:\Users\admin\Desktop\Summer Projects\F1\F1-Optimized-Cornering-Project\Data\cnn-classes\standard_laps\lap_0026_throttle_02.png,Data/cnn-classes/standard_laps/lap_0026_throttle_02.png,standard_laps,1,26,4,1,throttle,2,../Data/image-data/session-4/throttle/Lap_1_Throttle hit_2.png,C:\Users\admin\Desktop\Summer Projects\F1\F1-Optimized-Cornering-Project\Data\image-data\session-4\throttle\Lap_1_Throttle hit_2.png,Data/image-data/session-4/throttle/Lap_1_Throttle hit_2.png,True,28390,28.39,none,,,,False,train
lap_0028_brake_01,C:\Users\admin\Desktop\Summer Projects\F1\F1-Optimized-Cornering-Project\Data\cnn-classes\sub_standard_laps\lap_0028_brake_01.png,Data/cnn-classes/sub_standard_laps/lap_0028_brake_01.png,sub_standard_laps,2,28,4,3,brake,1,../Data/image-data/session-4/brake/Lap_3_Brake hit_1.png,C:\Users\admin\Desktop\Summer Projects\F1\F1-Optimized-Cornering-Project\Data\image-data\session-4\brake\Lap_3_Brake hit_1.png,Data/image-data/session-4/brake/Lap_3_Brake hit_1.png,True,29430,29.43,none,,,,False,train
lap_0028_brake_02,C:\Users\admin\Desktop\Summer Projects\F1\F1-Optimized-Cornering-Project\Data\cnn-classes\sub_standard_laps\lap_0028_brake_02.png,Data/cnn-classes/sub_standard_laps/lap_0028_brake_02.png,sub_standard_laps,2,28,4,3,brake,2,../Data/image-data/session-4/brake/Lap_3_Brake hit_2.png,C:\Users\admin\Desktop\Summer Projects\F1\F1-Optimized-Cornering-Project\Data\image-data\session-4\brake\Lap_3_Brake hit_2.png,Data/image-data/session-4/brake/Lap_3_Brake hit_2.png,True,29430,29.43,none,,,,False,train
lap_0028_throttle_01,C:\Users\admin\Desktop\Summer Projects\F1\F1-Optimized-Cornering-Project\Data\cnn-classes\sub_standard_laps\lap_0028_throttle_01.png,Data/cnn-classes/sub_standard_laps/lap_0028_throttle_01.png,sub_standard_laps,2,28,4,3,throttle,1,../Data/image-data/session-4/throttle/Lap_3_Throttle hit_1.png,C:\Users\admin\Desktop\Summer Projects\F1\F1-Optimized-Cornering-Project\Data\image-data\session-4\throttle\Lap_3_Throttle hit_1.png,Data/image-data/session-4/throttle/Lap_3_Throttle hit_1.png,True,29430,29.43,none,,,,False,train
lap_0028_throttle_02,C:\Users\admin\Desktop\Summer Projects\F1\F1-Optimized-Cornering-Project\Data\cnn-classes\sub_standard_laps\lap_0028_throttle_02.png,Data/cnn-classes/sub_standard_laps/lap_0028_throttle_02.png,sub_standard_laps,2,28,4,3,throttle,2,../Data/image-data/session-4/throttle/Lap_3_Throttle hit_2.png,C:\Users\admin\Desktop\Summer Projects\F1\F1-Optimized-Cornering-Project\Data\image-data\session-4\throttle\Lap_3_Throttle hit_2.png,Data/image-data/session-4/throttle/Lap_3_Throttle hit_2.png,True,29430,29.43,none,,,,False,train
lap_0029_brake_01,C:\Users\admin\Desktop\Summer Projects\F1\F1-Optimized-Cornering-Project\Data\cnn-classes\standard_laps\lap_0029_brake_01.png,Data/cnn-classes/standard_laps/lap_0029_brake_01.png,standard_laps,1,29,4,4,brake,1,../Data/image-data/session-4/brake/Lap_4_Brake hit_1.png,C:\Users\admin\Desktop\Summer Projects\F1\F1-Optimized-Cornering-Project\Data\image-data\session-4\brake\Lap_4_Brake hit_1.png,Data/image-data/session-4/brake/Lap_4_Brake hit_1.png,True,28335,28.335,none,,,,False,train
lap_0029_brake_02,C:\Users\admin\Desktop\Summer Projects\F1\F1-Optimized-Cornering-Project\Data\cnn-classes\standard_laps\lap_0029_brake_02.png,Data/cnn-classes/standard_laps/lap_0029_brake_02.png,standard_laps,1,29,4,4,brake,2,../Data/image-data/session-4/brake/Lap_4_Brake hit_2.png,C:\Users\admin\Desktop\Summer Projects\F1\F1-Optimized-Cornering-Project\Data\image-data\session-4\brake\Lap_4_Brake hit_2.png,Data/image-data/session-4/brake/Lap_4_Brake hit_2.png,True,28335,28.335,none,,,,False,train
lap_0029_throttle_01,C:\Users\admin\Desktop\Summer Projects\F1\F1-Optimized-Cornering-Project\Data\cnn-classes\standard_laps\lap_0029_throttle_01.png,Data/cnn-classes/standard_laps/lap_0029_throttle_01.png,standard_laps,1,29,4,4,throttle,1,../Data/image-data/session-4/throttle/Lap_4_Throttle hit_1.png,C:\Users\admin\Desktop\Summer Projects\F1\F1-Optimized-Cornering-Project\Data\image-data\session-4\throttle\Lap_4_Throttle hit_1.png,Data/image-data/session-4/throttle/Lap_4_Throttle hit_1.png,True,28335,28.335,none,,,,False,train
lap_0029_throttle_02,C:\Users\admin\Desktop\Summer Projects\F1\F1-Optimized-Cornering-Project\Data\cnn-classes\standard_laps\lap_0029_throttle_02.png,Data/cnn-classes/standard_laps/lap_0029_throttle_02.png,standard_laps,1,29,4,4,throttle,2,../Data/image-data/session-4/throttle/Lap_4_Throttle hit_2.png,C:\Users\admin\Desktop\Summer Projects\F1\F1-Optimized-Cornering-Project\Data\image-data\session-4\throttle\Lap_4_Throttle hit_2.png,Data/image-data/session-4/throttle/Lap_4_Throttle hit_2.png,True,28335,28.335,none,,,,False,train
lap_0031_brake_01,C:\Users\admin\Desktop\Summer Projects\F1\F1-Optimized-Cornering-Project\Data\cnn-classes\standard_laps\lap_0031_brake_01.png,Data/cnn-classes/standard_laps/lap_0031_brake_01.png,standard_laps,1,31,4,6,brake,1,../Data/image-data/session-4/brake/Lap_6_Brake hit_1.png,C:\Users\admin\Desktop\Summer Projects\F1\F1-Optimized-Cornering-Project\Data\image-data\session-4\brake\Lap_6_Brake hit_1.png,Data/image-data/session-4/brake/Lap_6_Brake hit_1.png,True,28241,28.241,none,,,,False,train
lap_0031_brake_02,C:\Users\admin\Desktop\Summer Projects\F1\F1-Optimized-Cornering-Project\Data\cnn-classes\standard_laps\lap_0031_brake_02.png,Data/cnn-classes/standard_laps/lap_0031_brake_02.png,standard_laps,1,31,4,6,brake,2,../Data/image-data/session-4/brake/Lap_6_Brake hit_2.png,C:\Users\admin\Desktop\Summer Projects\F1\F1-Optimized-Cornering-Project\Data\image-data\session-4\brake\Lap_6_Brake hit_2.png,Data/image-data/session-4/brake/Lap_6_Brake hit_2.png,True,28241,28.241,none,,,,False,train
lap_0031_throttle_01,C:\Users\admin\Desktop\Summer Projects\F1\F1-Optimized-Cornering-Project\Data\cnn-classes\standard_laps\lap_0031_throttle_01.png,Data/cnn-classes/standard_laps/lap_0031_throttle_01.png,standard_laps,1,31,4,6,throttle,1,../Data/image-data/session-4/throttle/Lap_6_Throttle hit_1.png,C:\Users\admin\Desktop\Summer Projects\F1\F1-Optimized-Cornering-Project\Data\image-data\session-4\throttle\Lap_6_Throttle hit_1.png,Data/image-data/session-4/throttle/Lap_6_Throttle hit_1.png,True,28241,28.241,none,,,,False,train
lap_0031_throttle_02,C:\Users\admin\Desktop\Summer Projects\F1\F1-Optimized-Cornering-Project\Data\cnn-classes\standard_laps\lap_0031_throttle_02.png,Data/cnn-classes/standard_laps/lap_0031_throttle_02.png,standard_laps,1,31,4,6,throttle,2,../Data/image-data/session-4/throttle/Lap_6_Throttle hit_2.png,C:\Users\admin\Desktop\Summer Projects\F1\F1-Optimized-Cornering-Project\Data\image-data\session-4\throttle\Lap_6_Throttle hit_2.png,Data/image-data/session-4/throttle/Lap_6_Throttle hit_2.png,True,28241,28.241,none,,,,False,train
lap_0032_brake_01,C:\Users\admin\Desktop\Summer Projects\F1\F1-Optimized-Cornering-Project\Data\cnn-classes\sub_standard_laps\lap_0032_brake_01.png,Data/cnn-classes/sub_standard_laps/lap_0032_brake_01.png,sub_standard_laps,2,32,4,7,brake,1,../Data/image-data/session-4/brake/Lap_7_Brake hit_1.png,C:\Users\admin\Desktop\Summer Projects\F1\F1-Optimized-Cornering-Project\Data\image-data\session-4\brake\Lap_7_Brake hit_1.png,Data/image-data/session-4/brake/Lap_7_Brake hit_1.png,True,29498,29.498,none,,,,False,train
lap_0032_brake_02,C:\Users\admin\Desktop\Summer Projects\F1\F1-Optimized-Cornering-Project\Data\cnn-classes\sub_standard_laps\lap_0032_brake_02.png,Data/cnn-classes/sub_standard_laps/lap_0032_brake_02.png,sub_standard_laps,2,32,4,7,brake,2,../Data/image-data/session-4/brake/Lap_7_Brake hit_2.png,C:\Users\admin\Desktop\Summer Projects\F1\F1-Optimized-Cornering-Project\Data\image-data\session-4\brake\Lap_7_Brake hit_2.png,Data/image-data/session-4/brake/Lap_7_Brake hit_2.png,True,29498,29.498,none,,,,False,train
lap_0032_throttle_01,C:\Users\admin\Desktop\Summer Projects\F1\F1-Optimized-Cornering-Project\Data\cnn-classes\sub_standard_laps\lap_0032_throttle_01.png,Data/cnn-classes/sub_standard_laps/lap_0032_throttle_01.png,sub_standard_laps,2,32,4,7,throttle,1,../Data/image-data/session-4/throttle/Lap_7_Throttle hit_1.png,C:\Users\admin\Desktop\Summer Projects\F1\F1-Optimized-Cornering-Project\Data\image-data\session-4\throttle\Lap_7_Throttle hit_1.png,Data/image-data/session-4/throttle/Lap_7_Throttle hit_1.png,True,29498,29.498,none,,,,False,train
lap_0032_throttle_02,C:\Users\admin\Desktop\Summer Projects\F1\F1-Optimized-Cornering-Project\Data\cnn-classes\sub_standard_laps\lap_0032_throttle_02.png,Data/cnn-classes/sub_standard_laps/lap_0032_throttle_02.png,sub_standard_laps,2,32,4,7,throttle,2,../Data/image-data/session-4/throttle/Lap_7_Throttle hit_2.png,C:\Users\admin\Desktop\Summer Projects\F1\F1-Optimized-Cornering-Project\Data\image-data\session-4\throttle\Lap_7_Throttle hit_2.png,Data/image-data/session-4/throttle/Lap_7_Throttle hit_2.png,True,29498,29.498,none,,,,False,train
lap_0033_brake_01,C:\Users\admin\Desktop\Summer Projects\F1\F1-Optimized-Cornering-Project\Data\cnn-classes\standard_laps\lap_0033_brake_01.png,Data/cnn-classes/standard_laps/lap_0033_brake_01.png,standard_laps,1,33,4,8,brake,1,../Data/image-data/session-4/brake/Lap_8_Brake hit_1.png,C:\Users\admin\Desktop\Summer Projects\F1\F1-Optimized-Cornering-Project\Data\image-data\session-4\brake\Lap_8_Brake hit_1.png,Data/image-data/session-4/brake/Lap_8_Brake hit_1.png,True,28566,28.566,none,,,,False,train
lap_0033_brake_02,C:\Users\admin\Desktop\Summer Projects\F1\F1-Optimized-Cornering-Project\Data\cnn-classes\standard_laps\lap_0033_brake_02.png,Data/cnn-classes/standard_laps/lap_0033_brake_02.png,standard_laps,1,33,4,8,brake,2,../Data/image-data/session-4/brake/Lap_8_Brake hit_2.png,C:\Users\admin\Desktop\Summer Projects\F1\F1-Optimized-Cornering-Project\Data\image-data\session-4\brake\Lap_8_Brake hit_2.png,Data/image-data/session-4/brake/Lap_8_Brake hit_2.png,True,28566,28.566,none,,,,False,train
lap_0033_throttle_01,C:\Users\admin\Desktop\Summer Projects\F1\F1-Optimized-Cornering-Project\Data\cnn-classes\standard_laps\lap_0033_throttle_01.png,Data/cnn-classes/standard_laps/lap_0033_throttle_01.png,standard_laps,1,33,4,8,throttle,1,../Data/image-data/session-4/throttle/Lap_8_Throttle hit_1.png,C:\Users\admin\Desktop\Summer Projects\F1\F1-Optimized-Cornering-Project\Data\image-data\session-4\throttle\Lap_8_Throttle hit_1.png,Data/image-data/session-4/throttle/Lap_8_Throttle hit_1.png,True,28566,28.566,none,,,,False,train
lap_0033_throttle_02,C:\Users\admin\Desktop\Summer Projects\F1\F1-Optimized-Cornering-Project\Data\cnn-classes\standard_laps\lap_0033_throttle_02.png,Data/cnn-classes/standard_laps/lap_0033_throttle_02.png,standard_laps,1,33,4,8,throttle,2,../Data/image-data/session-4/throttle/Lap_8_Throttle hit_2.png,C:\Users\admin\Desktop\Summer Projects\F1\F1-Optimized-Cornering-Project\Data\image-data\session-4\throttle\Lap_8_Throttle hit_2.png,Data/image-data/session-4/throttle/Lap_8_Throttle hit_2.png,True,28566,28.566,none,,,,False,train
lap_0035_brake_01,C:\Users\admin\Desktop\Summer Projects\F1\F1-Optimized-Cornering-Project\Data\cnn-classes\standard_laps\lap_0035_brake_01.png,Data/cnn-classes/standard_laps/lap_0035_brake_01.png,standard_laps,1,35,4,10,brake,1,../Data/image-data/session-4/brake/Lap_10_Brake hit_1.png,C:\Users\admin\Desktop\Summer Projects\F1\F1-Optimized-Cornering-Project\Data\image-data\session-4\brake\Lap_10_Brake hit_1.png,Data/image-data/session-4/brake/Lap_10_Brake hit_1.png,True,28426,28.426,none,,,,False,train
lap_0035_brake_02,C:\Users\admin\Desktop\Summer Projects\F1\F1-Optimized-Cornering-Project\Data\cnn-classes\standard_laps\lap_0035_brake_02.png,Data/cnn-classes/standard_laps/lap_0035_brake_02.png,standard_laps,1,35,4,10,brake,2,../Data/image-data/session-4/brake/Lap_10_Brake hit_2.png,C:\Users\admin\Desktop\Summer Projects\F1\F1-Optimized-Cornering-Project\Data\image-data\session-4\brake\Lap_10_Brake hit_2.png,Data/image-data/session-4/brake/Lap_10_Brake hit_2.png,True,28426,28.426,none,,,,False,train
lap_0035_throttle_01,C:\Users\admin\Desktop\Summer Projects\F1\F1-Optimized-Cornering-Project\Data\cnn-classes\standard_laps\lap_0035_throttle_01.png,Data/cnn-classes/standard_laps/lap_0035_throttle_01.png,standard_laps,1,35,4,10,throttle,1,../Data/image-data/session-4/throttle/Lap_10_Throttle hit_1.png,C:\Users\admin\Desktop\Summer Projects\F1\F1-Optimized-Cornering-Project\Data\image-data\session-4\throttle\Lap_10_Throttle hit_1.png,Data/image-data/session-4/throttle/Lap_10_Throttle hit_1.png,True,28426,28.426,none,,,,False,train
lap_0035_throttle_02,C:\Users\admin\Desktop\Summer Projects\F1\F1-Optimized-Cornering-Project\Data\cnn-classes\standard_laps\lap_0035_throttle_02.png,Data/cnn-classes/standard_laps/lap_0035_throttle_02.png,standard_laps,1,35,4,10,throttle,2,../Data/image-data/session-4/throttle/Lap_10_Throttle hit_2.png,C:\Users\admin\Desktop\Summer Projects\F1\F1-Optimized-Cornering-Project\Data\image-data\session-4\throttle\Lap_10_Throttle hit_2.png,Data/image-data/session-4/throttle/Lap_10_Throttle hit_2.png,True,28426,28.426,none,,,,False,train
lap_0036_brake_01,C:\Users\admin\Desktop\Summer Projects\F1\F1-Optimized-Cornering-Project\Data\cnn-classes\standard_laps\lap_0036_brake_01.png,Data/cnn-classes/standard_laps/lap_0036_brake_01.png,standard_laps,1,36,4,11,brake,1,../Data/image-data/session-4/brake/Lap_11_Brake hit_1.png,C:\Users\admin\Desktop\Summer Projects\F1\F1-Optimized-Cornering-Project\Data\image-data\session-4\brake\Lap_11_Brake hit_1.png,Data/image-data/session-4/brake/Lap_11_Brake hit_1.png,True,28640,28.64,none,,,,False,train
lap_0036_brake_02,C:\Users\admin\Desktop\Summer Projects\F1\F1-Optimized-Cornering-Project\Data\cnn-classes\standard_laps\lap_0036_brake_02.png,Data/cnn-classes/standard_laps/lap_0036_brake_02.png,standard_laps,1,36,4,11,brake,2,../Data/image-data/session-4/brake/Lap_11_Brake hit_2.png,C:\Users\admin\Desktop\Summer Projects\F1\F1-Optimized-Cornering-Project\Data\image-data\session-4\brake\Lap_11_Brake hit_2.png,Data/image-data/session-4/brake/Lap_11_Brake hit_2.png,True,28640,28.64,none,,,,False,train
lap_0036_throttle_01,C:\Users\admin\Desktop\Summer Projects\F1\F1-Optimized-Cornering-Project\Data\cnn-classes\standard_laps\lap_0036_throttle_01.png,Data/cnn-classes/standard_laps/lap_0036_throttle_01.png,standard_laps,1,36,4,11,throttle,1,../Data/image-data/session-4/throttle/Lap_11_Throttle hit_1.png,C:\Users\admin\Desktop\Summer Projects\F1\F1-Optimized-Cornering-Project\Data\image-data\session-4\throttle\Lap_11_Throttle hit_1.png,Data/image-data/session-4/throttle/Lap_11_Throttle hit_1.png,True,28640,28.64,none,,,,False,train
lap_0036_throttle_02,C:\Users\admin\Desktop\Summer Projects\F1\F1-Optimized-Cornering-Project\Data\cnn-classes\standard_laps\lap_0036_throttle_02.png,Data/cnn-classes/standard_laps/lap_0036_throttle_02.png,standard_laps,1,36,4,11,throttle,2,../Data/image-data/session-4/throttle/Lap_11_Throttle hit_2.png,C:\Users\admin\Desktop\Summer Projects\F1\F1-Optimized-Cornering-Project\Data\image-data\session-4\throttle\Lap_11_Throttle hit_2.png,Data/image-data/session-4/throttle/Lap_11_Throttle hit_2.png,True,28640,28.64,none,,,,False,train
lap_0038_brake_01,C:\Users\admin\Desktop\Summer Projects\F1\F1-Optimized-Cornering-Project\Data\cnn-classes\standard_laps\lap_0038_brake_01.png,Data/cnn-classes/standard_laps/lap_0038_brake_01.png,standard_laps,1,38,5,2,brake,1,../Data/image-data/session-5/brake/Lap_2_Brake hit_1.png,C:\Users\admin\Desktop\Summer Projects\F1\F1-Optimized-Cornering-Project\Data\image-data\session-5\brake\Lap_2_Brake hit_1.png,Data/image-data/session-5/brake/Lap_2_Brake hit_1.png,True,28297,28.297,none,,,,False,train
lap_0038_brake_02,C:\Users\admin\Desktop\Summer Projects\F1\F1-Optimized-Cornering-Project\Data\cnn-classes\standard_laps\lap_0038_brake_02.png,Data/cnn-classes/standard_laps/lap_0038_brake_02.png,standard_laps,1,38,5,2,brake,2,../Data/image-data/session-5/brake/Lap_2_Brake hit_2.png,C:\Users\admin\Desktop\Summer Projects\F1\F1-Optimized-Cornering-Project\Data\image-data\session-5\brake\Lap_2_Brake hit_2.png,Data/image-data/session-5/brake/Lap_2_Brake hit_2.png,True,28297,28.297,none,,,,False,train
lap_0038_throttle_01,C:\Users\admin\Desktop\Summer Projects\F1\F1-Optimized-Cornering-Project\Data\cnn-classes\standard_laps\lap_0038_throttle_01.png,Data/cnn-classes/standard_laps/lap_0038_throttle_01.png,standard_laps,1,38,5,2,throttle,1,../Data/image-data/session-5/throttle/Lap_2_Throttle hit_1.png,C:\Users\admin\Desktop\Summer Projects\F1\F1-Optimized-Cornering-Project\Data\image-data\session-5\throttle\Lap_2_Throttle hit_1.png,Data/image-data/session-5/throttle/Lap_2_Throttle hit_1.png,True,28297,28.297,none,,,,False,train
lap_0038_throttle_02,C:\Users\admin\Desktop\Summer Projects\F1\F1-Optimized-Cornering-Project\Data\cnn-classes\standard_laps\lap_0038_throttle_02.png,Data/cnn-classes/standard_laps/lap_0038_throttle_02.png,standard_laps,1,38,5,2,throttle,2,../Data/image-data/session-5/throttle/Lap_2_Throttle hit_2.png,C:\Users\admin\Desktop\Summer Projects\F1\F1-Optimized-Cornering-Project\Data\image-data\session-5\throttle\Lap_2_Throttle hit_2.png,Data/image-data/session-5/throttle/Lap_2_Throttle hit_2.png,True,28297,28.297,none,,,,False,train
lap_0043_brake_01,C:\Users\admin\Desktop\Summer Projects\F1\F1-Optimized-Cornering-Project\Data\cnn-classes\sub_standard_laps\lap_0043_brake_01.png,Data/cnn-classes/sub_standard_laps/lap_0043_brake_01.png,sub_standard_laps,2,43,5,7,brake,1,../Data/image-data/session-5/brake/Lap_7_Brake hit_1.png,C:\Users\admin\Desktop\Summer Projects\F1\F1-Optimized-Cornering-Project\Data\image-data\session-5\brake\Lap_7_Brake hit_1.png,Data/image-data/session-5/brake/Lap_7_Brake hit_1.png,True,28691,28.691,none,,,,False,train
lap_0043_brake_02,C:\Users\admin\Desktop\Summer Projects\F1\F1-Optimized-Cornering-Project\Data\cnn-classes\sub_standard_laps\lap_0043_brake_02.png,Data/cnn-classes/sub_standard_laps/lap_0043_brake_02.png,sub_standard_laps,2,43,5,7,brake,2,../Data/image-data/session-5/brake/Lap_7_Brake hit_2.png,C:\Users\admin\Desktop\Summer Projects\F1\F1-Optimized-Cornering-Project\Data\image-data\session-5\brake\Lap_7_Brake hit_2.png,Data/image-data/session-5/brake/Lap_7_Brake hit_2.png,True,28691,28.691,none,,,,False,train
lap_0043_throttle_01,C:\Users\admin\Desktop\Summer Projects\F1\F1-Optimized-Cornering-Project\Data\cnn-classes\sub_standard_laps\lap_0043_throttle_01.png,Data/cnn-classes/sub_standard_laps/lap_0043_throttle_01.png,sub_standard_laps,2,43,5,7,throttle,1,../Data/image-data/session-5/throttle/Lap_7_Throttle hit_1.png,C:\Users\admin\Desktop\Summer Projects\F1\F1-Optimized-Cornering-Project\Data\image-data\session-5\throttle\Lap_7_Throttle hit_1.png,Data/image-data/session-5/throttle/Lap_7_Throttle hit_1.png,True,28691,28.691,none,,,,False,train
lap_0043_throttle_02,C:\Users\admin\Desktop\Summer Projects\F1\F1-Optimized-Cornering-Project\Data\cnn-classes\sub_standard_laps\lap_0043_throttle_02.png,Data/cnn-classes/sub_standard_laps/lap_0043_throttle_02.png,sub_standard_laps,2,43,5,7,throttle,2,../Data/image-data/session-5/throttle/Lap_7_Throttle hit_2.png,C:\Users\admin\Desktop\Summer Projects\F1\F1-Optimized-Cornering-Project\Data\image-data\session-5\throttle\Lap_7_Throttle hit_2.png,Data/image-data/session-5/throttle/Lap_7_Throttle hit_2.png,True,28691,28.691,none,,,,False,train
lap_0046_brake_01,C:\Users\admin\Desktop\Summer Projects\F1\F1-Optimized-Cornering-Project\Data\cnn-classes\sub_standard_laps\lap_0046_brake_01.png,Data/cnn-classes/sub_standard_laps/lap_0046_brake_01.png,sub_standard_laps,2,46,5,10,brake,1,../Data/image-data/session-5/brake/Lap_10_Brake hit_1.png,C:\Users\admin\Desktop\Summer Projects\F1\F1-Optimized-Cornering-Project\Data\image-data\session-5\brake\Lap_10_Brake hit_1.png,Data/image-data/session-5/brake/Lap_10_Brake hit_1.png,True,28901,28.901,none,,,,False,train
lap_0046_brake_02,C:\Users\admin\Desktop\Summer Projects\F1\F1-Optimized-Cornering-Project\Data\cnn-classes\sub_standard_laps\lap_0046_brake_02.png,Data/cnn-classes/sub_standard_laps/lap_0046_brake_02.png,sub_standard_laps,2,46,5,10,brake,2,../Data/image-data/session-5/brake/Lap_10_Brake hit_2.png,C:\Users\admin\Desktop\Summer Projects\F1\F1-Optimized-Cornering-Project\Data\image-data\session-5\brake\Lap_10_Brake hit_2.png,Data/image-data/session-5/brake/Lap_10_Brake hit_2.png,True,28901,28.901,none,,,,False,train
lap_0046_throttle_01,C:\Users\admin\Desktop\Summer Projects\F1\F1-Optimized-Cornering-Project\Data\cnn-classes\sub_standard_laps\lap_0046_throttle_01.png,Data/cnn-classes/sub_standard_laps/lap_0046_throttle_01.png,sub_standard_laps,2,46,5,10,throttle,1,../Data/image-data/session-5/throttle/Lap_10_Throttle hit_1.png,C:\Users\admin\Desktop\Summer Projects\F1\F1-Optimized-Cornering-Project\Data\image-data\session-5\throttle\Lap_10_Throttle hit_1.png,Data/image-data/session-5/throttle/Lap_10_Throttle hit_1.png,True,28901,28.901,none,,,,False,train
lap_0046_throttle_02,C:\Users\admin\Desktop\Summer Projects\F1\F1-Optimized-Cornering-Project\Data\cnn-classes\sub_standard_laps\lap_0046_throttle_02.png,Data/cnn-classes/sub_standard_laps/lap_0046_throttle_02.png,sub_standard_laps,2,46,5,10,throttle,2,../Data/image-data/session-5/throttle/Lap_10_Throttle hit_2.png,C:\Users\admin\Desktop\Summer Projects\F1\F1-Optimized-Cornering-Project\Data\image-data\session-5\throttle\Lap_10_Throttle hit_2.png,Data/image-data/session-5/throttle/Lap_10_Throttle hit_2.png,True,28901,28.901,none,,,,False,train
lap_0047_brake_01,C:\Users\admin\Desktop\Summer Projects\F1\F1-Optimized-Cornering-Project\Data\cnn-classes\sub_standard_laps\lap_0047_brake_01.png,Data/cnn-classes/sub_standard_laps/lap_0047_brake_01.png,sub_standard_laps,2,47,5,11,brake,1,../Data/image-data/session-5/brake/Lap_11_Brake hit_1.png,C:\Users\admin\Desktop\Summer Projects\F1\F1-Optimized-Cornering-Project\Data\image-data\session-5\brake\Lap_11_Brake hit_1.png,Data/image-data/session-5/brake/Lap_11_Brake hit_1.png,True,29194,29.194,none,,,,False,train
lap_0047_brake_02,C:\Users\admin\Desktop\Summer Projects\F1\F1-Optimized-Cornering-Project\Data\cnn-classes\sub_standard_laps\lap_0047_brake_02.png,Data/cnn-classes/sub_standard_laps/lap_0047_brake_02.png,sub_standard_laps,2,47,5,11,brake,2,../Data/image-data/session-5/brake/Lap_11_Brake hit_2.png,C:\Users\admin\Desktop\Summer Projects\F1\F1-Optimized-Cornering-Project\Data\image-data\session-5\brake\Lap_11_Brake hit_2.png,Data/image-data/session-5/brake/Lap_11_Brake hit_2.png,True,29194,29.194,none,,,,False,train
lap_0047_throttle_01,C:\Users\admin\Desktop\Summer Projects\F1\F1-Optimized-Cornering-Project\Data\cnn-classes\sub_standard_laps\lap_0047_throttle_01.png,Data/cnn-classes/sub_standard_laps/lap_0047_throttle_01.png,sub_standard_laps,2,47,5,11,throttle,1,../Data/image-data/session-5/throttle/Lap_11_Throttle hit_1.png,C:\Users\admin\Desktop\Summer Projects\F1\F1-Optimized-Cornering-Project\Data\image-data\session-5\throttle\Lap_11_Throttle hit_1.png,Data/image-data/session-5/throttle/Lap_11_Throttle hit_1.png,True,29194,29.194,none,,,,False,train
lap_0047_throttle_02,C:\Users\admin\Desktop\Summer Projects\F1\F1-Optimized-Cornering-Project\Data\cnn-classes\sub_standard_laps\lap_0047_throttle_02.png,Data/cnn-classes/sub_standard_laps/lap_0047_throttle_02.png,sub_standard_laps,2,47,5,11,throttle,2,../Data/image-data/session-5/throttle/Lap_11_Throttle hit_2.png,C:\Users\admin\Desktop\Summer Projects\F1\F1-Optimized-Cornering-Project\Data\image-data\session-5\throttle\Lap_11_Throttle hit_2.png,Data/image-data/session-5/throttle/Lap_11_Throttle hit_2.png,True,29194,29.194,none,,,,False,train
lap_0048_brake_01,C:\Users\admin\Desktop\Summer Projects\F1\F1-Optimized-Cornering-Project\Data\cnn-classes\standard_laps\lap_0048_brake_01.png,Data/cnn-classes/standard_laps/lap_0048_brake_01.png,standard_laps,1,48,6,1,brake,1,../Data/image-data/session-6/brake/Lap_1_Brake hit_1.png,C:\Users\admin\Desktop\Summer Projects\F1\F1-Optimized-Cornering-Project\Data\image-data\session-6\brake\Lap_1_Brake hit_1.png,Data/image-data/session-6/brake/Lap_1_Brake hit_1.png,True,28263,28.263,none,1.330505132675171,2.5443592071533203,1.330505132675171,True,test
lap_0048_brake_02,C:\Users\admin\Desktop\Summer Projects\F1\F1-Optimized-Cornering-Project\Data\cnn-classes\standard_laps\lap_0048_brake_02.png,Data/cnn-classes/standard_laps/lap_0048_brake_02.png,standard_laps,1,48,6,1,brake,2,../Data/image-data/session-6/brake/Lap_1_Brake hit_2.png,C:\Users\admin\Desktop\Summer Projects\F1\F1-Optimized-Cornering-Project\Data\image-data\session-6\brake\Lap_1_Brake hit_2.png,Data/image-data/session-6/brake/Lap_1_Brake hit_2.png,True,28263,28.263,none,1.330505132675171,2.5443592071533203,2.5443592071533203,True,test
lap_0048_throttle_01,C:\Users\admin\Desktop\Summer Projects\F1\F1-Optimized-Cornering-Project\Data\cnn-classes\standard_laps\lap_0048_throttle_01.png,Data/cnn-classes/standard_laps/lap_0048_throttle_01.png,standard_laps,1,48,6,1,throttle,1,../Data/image-data/session-6/throttle/Lap_1_Throttle hit_1.png,C:\Users\admin\Desktop\Summer Projects\F1\F1-Optimized-Cornering-Project\Data\image-data\session-6\throttle\Lap_1_Throttle hit_1.png,Data/image-data/session-6/throttle/Lap_1_Throttle hit_1.png,True,28263,28.263,none,1.330505132675171,2.5443592071533203,1.330505132675171,True,test
lap_0048_throttle_02,C:\Users\admin\Desktop\Summer Projects\F1\F1-Optimized-Cornering-Project\Data\cnn-classes\standard_laps\lap_0048_throttle_02.png,Data/cnn-classes/standard_laps/lap_0048_throttle_02.png,standard_laps,1,48,6,1,throttle,2,../Data/image-data/session-6/throttle/Lap_1_Throttle hit_2.png,C:\Users\admin\Desktop\Summer Projects\F1\F1-Optimized-Cornering-Project\Data\image-data\session-6\throttle\Lap_1_Throttle hit_2.png,Data/image-data/session-6/throttle/Lap_1_Throttle hit_2.png,True,28263,28.263,none,1.330505132675171,2.5443592071533203,2.5443592071533203,True,test
lap_0050_brake_01,C:\Users\admin\Desktop\Summer Projects\F1\F1-Optimized-Cornering-Project\Data\cnn-classes\standard_laps\lap_0050_brake_01.png,Data/cnn-classes/standard_laps/lap_0050_brake_01.png,standard_laps,1,50,6,3,brake,1,../Data/image-data/session-6/brake/Lap_3_Brake hit_1.png,C:\Users\admin\Desktop\Summer Projects\F1\F1-Optimized-Cornering-Project\Data\image-data\session-6\brake\Lap_3_Brake hit_1.png,Data/image-data/session-6/brake/Lap_3_Brake hit_1.png,True,28321,28.321,none,1.3782010078430176,2.5585391521453857,1.3782010078430176,True,test
lap_0050_brake_02,C:\Users\admin\Desktop\Summer Projects\F1\F1-Optimized-Cornering-Project\Data\cnn-classes\standard_laps\lap_0050_brake_02.png,Data/cnn-classes/standard_laps/lap_0050_brake_02.png,standard_laps,1,50,6,3,brake,2,../Data/image-data/session-6/brake/Lap_3_Brake hit_2.png,C:\Users\admin\Desktop\Summer Projects\F1\F1-Optimized-Cornering-Project\Data\image-data\session-6\brake\Lap_3_Brake hit_2.png,Data/image-data/session-6/brake/Lap_3_Brake hit_2.png,True,28321,28.321,none,1.3782010078430176,2.5585391521453857,2.5585391521453857,True,test
lap_0050_throttle_01,C:\Users\admin\Desktop\Summer Projects\F1\F1-Optimized-Cornering-Project\Data\cnn-classes\standard_laps\lap_0050_throttle_01.png,Data/cnn-classes/standard_laps/lap_0050_throttle_01.png,standard_laps,1,50,6,3,throttle,1,../Data/image-data/session-6/throttle/Lap_3_Throttle hit_1.png,C:\Users\admin\Desktop\Summer Projects\F1\F1-Optimized-Cornering-Project\Data\image-data\session-6\throttle\Lap_3_Throttle hit_1.png,Data/image-data/session-6/throttle/Lap_3_Throttle hit_1.png,True,28321,28.321,none,1.3782010078430176,2.5585391521453857,1.3782010078430176,True,test
lap_0050_throttle_02,C:\Users\admin\Desktop\Summer Projects\F1\F1-Optimized-Cornering-Project\Data\cnn-classes\standard_laps\lap_0050_throttle_02.png,Data/cnn-classes/standard_laps/lap_0050_throttle_02.png,standard_laps,1,50,6,3,throttle,2,../Data/image-data/session-6/throttle/Lap_3_Throttle hit_2.png,C:\Users\admin\Desktop\Summer Projects\F1\F1-Optimized-Cornering-Project\Data\image-data\session-6\throttle\Lap_3_Throttle hit_2.png,Data/image-data/session-6/throttle/Lap_3_Throttle hit_2.png,True,28321,28.321,none,1.3782010078430176,2.5585391521453857,2.5585391521453857,True,test
lap_0051_brake_01,C:\Users\admin\Desktop\Summer Projects\F1\F1-Optimized-Cornering-Project\Data\cnn-classes\standard_laps\lap_0051_brake_01.png,Data/cnn-classes/standard_laps/lap_0051_brake_01.png,standard_laps,1,51,6,4,brake,1,../Data/image-data/session-6/brake/Lap_4_Brake hit_1.png,C:\Users\admin\Desktop\Summer Projects\F1\F1-Optimized-Cornering-Project\Data\image-data\session-6\brake\Lap_4_Brake hit_1.png,Data/image-data/session-6/brake/Lap_4_Brake hit_1.png,True,28483,28.483,none,1.6070523262023926,2.64884090423584,1.6070523262023926,True,test
lap_0051_brake_02,C:\Users\admin\Desktop\Summer Projects\F1\F1-Optimized-Cornering-Project\Data\cnn-classes\standard_laps\lap_0051_brake_02.png,Data/cnn-classes/standard_laps/lap_0051_brake_02.png,standard_laps,1,51,6,4,brake,2,../Data/image-data/session-6/brake/Lap_4_Brake hit_2.png,C:\Users\admin\Desktop\Summer Projects\F1\F1-Optimized-Cornering-Project\Data\image-data\session-6\brake\Lap_4_Brake hit_2.png,Data/image-data/session-6/brake/Lap_4_Brake hit_2.png,True,28483,28.483,none,1.6070523262023926,2.64884090423584,2.64884090423584,True,test
lap_0051_throttle_01,C:\Users\admin\Desktop\Summer Projects\F1\F1-Optimized-Cornering-Project\Data\cnn-classes\standard_laps\lap_0051_throttle_01.png,Data/cnn-classes/standard_laps/lap_0051_throttle_01.png,standard_laps,1,51,6,4,throttle,1,../Data/image-data/session-6/throttle/Lap_4_Throttle hit_1.png,C:\Users\admin\Desktop\Summer Projects\F1\F1-Optimized-Cornering-Project\Data\image-data\session-6\throttle\Lap_4_Throttle hit_1.png,Data/image-data/session-6/throttle/Lap_4_Throttle hit_1.png,True,28483,28.483,none,1.6070523262023926,2.64884090423584,1.6070523262023926,True,test
lap_0051_throttle_02,C:\Users\admin\Desktop\Summer Projects\F1\F1-Optimized-Cornering-Project\Data\cnn-classes\standard_laps\lap_0051_throttle_02.png,Data/cnn-classes/standard_laps/lap_0051_throttle_02.png,standard_laps,1,51,6,4,throttle,2,../Data/image-data/session-6/throttle/Lap_4_Throttle hit_2.png,C:\Users\admin\Desktop\Summer Projects\F1\F1-Optimized-Cornering-Project\Data\image-data\session-6\throttle\Lap_4_Throttle hit_2.png,Data/image-data/session-6/throttle/Lap_4_Throttle hit_2.png,True,28483,28.483,none,1.6070523262023926,2.64884090423584,2.64884090423584,True,test
lap_0053_brake_01,C:\Users\admin\Desktop\Summer Projects\F1\F1-Optimized-Cornering-Project\Data\cnn-classes\standard_laps\lap_0053_brake_01.png,Data/cnn-classes/standard_laps/lap_0053_brake_01.png,standard_laps,1,53,6,6,brake,1,../Data/image-data/session-6/brake/Lap_6_Brake hit_1.png,C:\Users\admin\Desktop\Summer Projects\F1\F1-Optimized-Cornering-Project\Data\image-data\session-6\brake\Lap_6_Brake hit_1.png,Data/image-data/session-6/brake/Lap_6_Brake hit_1.png,True,28366,28.366,none,1.4015560150146484,2.515643119812012,1.4015560150146484,True,test
lap_0053_brake_02,C:\Users\admin\Desktop\Summer Projects\F1\F1-Optimized-Cornering-Project\Data\cnn-classes\standard_laps\lap_0053_brake_02.png,Data/cnn-classes/standard_laps/lap_0053_brake_02.png,standard_laps,1,53,6,6,brake,2,../Data/image-data/session-6/brake/Lap_6_Brake hit_2.png,C:\Users\admin\Desktop\Summer Projects\F1\F1-Optimized-Cornering-Project\Data\image-data\session-6\brake\Lap_6_Brake hit_2.png,Data/image-data/session-6/brake/Lap_6_Brake hit_2.png,True,28366,28.366,none,1.4015560150146484,2.515643119812012,2.515643119812012,True,test
lap_0053_throttle_01,C:\Users\admin\Desktop\Summer Projects\F1\F1-Optimized-Cornering-Project\Data\cnn-classes\standard_laps\lap_0053_throttle_01.png,Data/cnn-classes/standard_laps/lap_0053_throttle_01.png,standard_laps,1,53,6,6,throttle,1,../Data/image-data/session-6/throttle/Lap_6_Throttle hit_1.png,C:\Users\admin\Desktop\Summer Projects\F1\F1-Optimized-Cornering-Project\Data\image-data\session-6\throttle\Lap_6_Throttle hit_1.png,Data/image-data/session-6/throttle/Lap_6_Throttle hit_1.png,True,28366,28.366,none,1.4015560150146484,2.515643119812012,1.4015560150146484,True,test
lap_0053_throttle_02,C:\Users\admin\Desktop\Summer Projects\F1\F1-Optimized-Cornering-Project\Data\cnn-classes\standard_laps\lap_0053_throttle_02.png,Data/cnn-classes/standard_laps/lap_0053_throttle_02.png,standard_laps,1,53,6,6,throttle,2,../Data/image-data/session-6/throttle/Lap_6_Throttle hit_2.png,C:\Users\admin\Desktop\Summer Projects\F1\F1-Optimized-Cornering-Project\Data\image-data\session-6\throttle\Lap_6_Throttle hit_2.png,Data/image-data/session-6/throttle/Lap_6_Throttle hit_2.png,True,28366,28.366,none,1.4015560150146484,2.515643119812012,2.515643119812012,True,test
lap_0055_brake_01,C:\Users\admin\Desktop\Summer Projects\F1\F1-Optimized-Cornering-Project\Data\cnn-classes\sub_standard_laps\lap_0055_brake_01.png,Data/cnn-classes/sub_standard_laps/lap_0055_brake_01.png,sub_standard_laps,2,55,6,8,brake,1,../Data/image-data/session-6/brake/Lap_8_Brake hit_1.png,C:\Users\admin\Desktop\Summer Projects\F1\F1-Optimized-Cornering-Project\Data\image-data\session-6\brake\Lap_8_Brake hit_1.png,Data/image-data/session-6/brake/Lap_8_Brake hit_1.png,True,28791,28.791,none,1.4284217357635498,2.187508106231689,1.4284217357635498,True,test
lap_0055_brake_02,C:\Users\admin\Desktop\Summer Projects\F1\F1-Optimized-Cornering-Project\Data\cnn-classes\sub_standard_laps\lap_0055_brake_02.png,Data/cnn-classes/sub_standard_laps/lap_0055_brake_02.png,sub_standard_laps,2,55,6,8,brake,2,../Data/image-data/session-6/brake/Lap_8_Brake hit_2.png,C:\Users\admin\Desktop\Summer Projects\F1\F1-Optimized-Cornering-Project\Data\image-data\session-6\brake\Lap_8_Brake hit_2.png,Data/image-data/session-6/brake/Lap_8_Brake hit_2.png,True,28791,28.791,none,1.4284217357635498,2.187508106231689,2.187508106231689,True,test
lap_0055_throttle_01,C:\Users\admin\Desktop\Summer Projects\F1\F1-Optimized-Cornering-Project\Data\cnn-classes\sub_standard_laps\lap_0055_throttle_01.png,Data/cnn-classes/sub_standard_laps/lap_0055_throttle_01.png,sub_standard_laps,2,55,6,8,throttle,1,../Data/image-data/session-6/throttle/Lap_8_Throttle hit_1.png,C:\Users\admin\Desktop\Summer Projects\F1\F1-Optimized-Cornering-Project\Data\image-data\session-6\throttle\Lap_8_Throttle hit_1.png,Data/image-data/session-6/throttle/Lap_8_Throttle hit_1.png,True,28791,28.791,none,1.4284217357635498,2.187508106231689,1.4284217357635498,True,test
lap_0055_throttle_02,C:\Users\admin\Desktop\Summer Projects\F1\F1-Optimized-Cornering-Project\Data\cnn-classes\sub_standard_laps\lap_0055_throttle_02.png,Data/cnn-classes/sub_standard_laps/lap_0055_throttle_02.png,sub_standard_laps,2,55,6,8,throttle,2,../Data/image-data/session-6/throttle/Lap_8_Throttle hit_2.png,C:\Users\admin\Desktop\Summer Projects\F1\F1-Optimized-Cornering-Project\Data\image-data\session-6\throttle\Lap_8_Throttle hit_2.png,Data/image-data/session-6/throttle/Lap_8_Throttle hit_2.png,True,28791,28.791,none,1.4284217357635498,2.187508106231689,2.187508106231689,True,test
lap_0060_brake_01,C:\Users\admin\Desktop\Summer Projects\F1\F1-Optimized-Cornering-Project\Data\cnn-classes\optimal_laps\lap_0060_brake_01.png,Data/cnn-classes/optimal_laps/lap_0060_brake_01.png,optimal_laps,0,60,7,4,brake,1,../Data/image-data/session-7/brake/Lap_4_Brake hit_1.png,C:\Users\admin\Desktop\Summer Projects\F1\F1-Optimized-Cornering-Project\Data\image-data\session-7\brake\Lap_4_Brake hit_1.png,Data/image-data/session-7/brake/Lap_4_Brake hit_1.png,True,27738,27.738,none,1.0230348110198977,2.783273696899414,1.0230348110198977,True,validation
lap_0060_brake_02,C:\Users\admin\Desktop\Summer Projects\F1\F1-Optimized-Cornering-Project\Data\cnn-classes\optimal_laps\lap_0060_brake_02.png,Data/cnn-classes/optimal_laps/lap_0060_brake_02.png,optimal_laps,0,60,7,4,brake,2,../Data/image-data/session-7/brake/Lap_4_Brake hit_2.png,C:\Users\admin\Desktop\Summer Projects\F1\F1-Optimized-Cornering-Project\Data\image-data\session-7\brake\Lap_4_Brake hit_2.png,Data/image-data/session-7/brake/Lap_4_Brake hit_2.png,True,27738,27.738,none,1.0230348110198977,2.783273696899414,2.783273696899414,True,validation
lap_0060_throttle_01,C:\Users\admin\Desktop\Summer Projects\F1\F1-Optimized-Cornering-Project\Data\cnn-classes\optimal_laps\lap_0060_throttle_01.png,Data/cnn-classes/optimal_laps/lap_0060_throttle_01.png,optimal_laps,0,60,7,4,throttle,1,../Data/image-data/session-7/throttle/Lap_4_Throttle hit_1.png,C:\Users\admin\Desktop\Summer Projects\F1\F1-Optimized-Cornering-Project\Data\image-data\session-7\throttle\Lap_4_Throttle hit_1.png,Data/image-data/session-7/throttle/Lap_4_Throttle hit_1.png,True,27738,27.738,none,1.0230348110198977,2.783273696899414,1.0230348110198977,True,validation
lap_0060_throttle_02,C:\Users\admin\Desktop\Summer Projects\F1\F1-Optimized-Cornering-Project\Data\cnn-classes\optimal_laps\lap_0060_throttle_02.png,Data/cnn-classes/optimal_laps/lap_0060_throttle_02.png,optimal_laps,0,60,7,4,throttle,2,../Data/image-data/session-7/throttle/Lap_4_Throttle hit_2.png,C:\Users\admin\Desktop\Summer Projects\F1\F1-Optimized-Cornering-Project\Data\image-data\session-7\throttle\Lap_4_Throttle hit_2.png,Data/image-data/session-7/throttle/Lap_4_Throttle hit_2.png,True,27738,27.738,none,1.0230348110198977,2.783273696899414,2.783273696899414,True,validation
lap_0061_brake_01,C:\Users\admin\Desktop\Summer Projects\F1\F1-Optimized-Cornering-Project\Data\cnn-classes\sub_standard_laps\lap_0061_brake_01.png,Data/cnn-classes/sub_standard_laps/lap_0061_brake_01.png,sub_standard_laps,2,61,7,5,brake,1,../Data/image-data/session-7/brake/Lap_5_Brake hit_1.png,C:\Users\admin\Desktop\Summer Projects\F1\F1-Optimized-Cornering-Project\Data\image-data\session-7\brake\Lap_5_Brake hit_1.png,Data/image-data/session-7/brake/Lap_5_Brake hit_1.png,True,28742,28.742,none,1.6941251754760742,2.61402440071106,1.6941251754760742,True,validation
lap_0061_brake_02,C:\Users\admin\Desktop\Summer Projects\F1\F1-Optimized-Cornering-Project\Data\cnn-classes\sub_standard_laps\lap_0061_brake_02.png,Data/cnn-classes/sub_standard_laps/lap_0061_brake_02.png,sub_standard_laps,2,61,7,5,brake,2,../Data/image-data/session-7/brake/Lap_5_Brake hit_2.png,C:\Users\admin\Desktop\Summer Projects\F1\F1-Optimized-Cornering-Project\Data\image-data\session-7\brake\Lap_5_Brake hit_2.png,Data/image-data/session-7/brake/Lap_5_Brake hit_2.png,True,28742,28.742,none,1.6941251754760742,2.61402440071106,2.61402440071106,True,validation
lap_0061_throttle_01,C:\Users\admin\Desktop\Summer Projects\F1\F1-Optimized-Cornering-Project\Data\cnn-classes\sub_standard_laps\lap_0061_throttle_01.png,Data/cnn-classes/sub_standard_laps/lap_0061_throttle_01.png,sub_standard_laps,2,61,7,5,throttle,1,../Data/image-data/session-7/throttle/Lap_5_Throttle hit_1.png,C:\Users\admin\Desktop\Summer Projects\F1\F1-Optimized-Cornering-Project\Data\image-data\session-7\throttle\Lap_5_Throttle hit_1.png,Data/image-data/session-7/throttle/Lap_5_Throttle hit_1.png,True,28742,28.742,none,1.6941251754760742,2.61402440071106,1.6941251754760742,True,validation
lap_0061_throttle_02,C:\Users\admin\Desktop\Summer Projects\F1\F1-Optimized-Cornering-Project\Data\cnn-classes\sub_standard_laps\lap_0061_throttle_02.png,Data/cnn-classes/sub_standard_laps/lap_0061_throttle_02.png,sub_standard_laps,2,61,7,5,throttle,2,../Data/image-data/session-7/throttle/Lap_5_Throttle hit_2.png,C:\Users\admin\Desktop\Summer Projects\F1\F1-Optimized-Cornering-Project\Data\image-data\session-7\throttle\Lap_5_Throttle hit_2.png,Data/image-data/session-7/throttle/Lap_5_Throttle hit_2.png,True,28742,28.742,none,1.6941251754760742,2.61402440071106,2.61402440071106,True,validation
lap_0062_brake_01,C:\Users\admin\Desktop\Summer Projects\F1\F1-Optimized-Cornering-Project\Data\cnn-classes\standard_laps\lap_0062_brake_01.png,Data/cnn-classes/standard_laps/lap_0062_brake_01.png,standard_laps,1,62,7,6,brake,1,../Data/image-data/session-7/brake/Lap_6_Brake hit_1.png,C:\Users\admin\Desktop\Summer Projects\F1\F1-Optimized-Cornering-Project\Data\image-data\session-7\brake\Lap_6_Brake hit_1.png,Data/image-data/session-7/brake/Lap_6_Brake hit_1.png,True,28268,28.268,none,1.1517844200134275,3.0224781036376958,1.1517844200134275,True,validation
lap_0062_brake_02,C:\Users\admin\Desktop\Summer Projects\F1\F1-Optimized-Cornering-Project\Data\cnn-classes\standard_laps\lap_0062_brake_02.png,Data/cnn-classes/standard_laps/lap_0062_brake_02.png,standard_laps,1,62,7,6,brake,2,../Data/image-data/session-7/brake/Lap_6_Brake hit_2.png,C:\Users\admin\Desktop\Summer Projects\F1\F1-Optimized-Cornering-Project\Data\image-data\session-7\brake\Lap_6_Brake hit_2.png,Data/image-data/session-7/brake/Lap_6_Brake hit_2.png,True,28268,28.268,none,1.1517844200134275,3.0224781036376958,3.0224781036376958,True,validation
lap_0062_throttle_01,C:\Users\admin\Desktop\Summer Projects\F1\F1-Optimized-Cornering-Project\Data\cnn-classes\standard_laps\lap_0062_throttle_01.png,Data/cnn-classes/standard_laps/lap_0062_throttle_01.png,standard_laps,1,62,7,6,throttle,1,../Data/image-data/session-7/throttle/Lap_6_Throttle hit_1.png,C:\Users\admin\Desktop\Summer Projects\F1\F1-Optimized-Cornering-Project\Data\image-data\session-7\throttle\Lap_6_Throttle hit_1.png,Data/image-data/session-7/throttle/Lap_6_Throttle hit_1.png,True,28268,28.268,none,1.1517844200134275,3.0224781036376958,1.1517844200134275,True,validation
lap_0062_throttle_02,C:\Users\admin\Desktop\Summer Projects\F1\F1-Optimized-Cornering-Project\Data\cnn-classes\standard_laps\lap_0062_throttle_02.png,Data/cnn-classes/standard_laps/lap_0062_throttle_02.png,standard_laps,1,62,7,6,throttle,2,../Data/image-data/session-7/throttle/Lap_6_Throttle hit_2.png,C:\Users\admin\Desktop\Summer Projects\F1\F1-Optimized-Cornering-Project\Data\image-data\session-7\throttle\Lap_6_Throttle hit_2.png,Data/image-data/session-7/throttle/Lap_6_Throttle hit_2.png,True,28268,28.268,none,1.1517844200134275,3.0224781036376958,3.0224781036376958,True,validation
lap_0063_brake_01,C:\Users\admin\Desktop\Summer Projects\F1\F1-Optimized-Cornering-Project\Data\cnn-classes\standard_laps\lap_0063_brake_01.png,Data/cnn-classes/standard_laps/lap_0063_brake_01.png,standard_laps,1,63,7,7,brake,1,../Data/image-data/session-7/brake/Lap_7_Brake hit_1.png,C:\Users\admin\Desktop\Summer Projects\F1\F1-Optimized-Cornering-Project\Data\image-data\session-7\brake\Lap_7_Brake hit_1.png,Data/image-data/session-7/brake/Lap_7_Brake hit_1.png,True,28287,28.287,none,1.1383581161499023,2.626997232437134,1.1383581161499023,True,validation
lap_0063_brake_02,C:\Users\admin\Desktop\Summer Projects\F1\F1-Optimized-Cornering-Project\Data\cnn-classes\standard_laps\lap_0063_brake_02.png,Data/cnn-classes/standard_laps/lap_0063_brake_02.png,standard_laps,1,63,7,7,brake,2,../Data/image-data/session-7/brake/Lap_7_Brake hit_2.png,C:\Users\admin\Desktop\Summer Projects\F1\F1-Optimized-Cornering-Project\Data\image-data\session-7\brake\Lap_7_Brake hit_2.png,Data/image-data/session-7/brake/Lap_7_Brake hit_2.png,True,28287,28.287,none,1.1383581161499023,2.626997232437134,2.626997232437134,True,validation
lap_0063_throttle_01,C:\Users\admin\Desktop\Summer Projects\F1\F1-Optimized-Cornering-Project\Data\cnn-classes\standard_laps\lap_0063_throttle_01.png,Data/cnn-classes/standard_laps/lap_0063_throttle_01.png,standard_laps,1,63,7,7,throttle,1,../Data/image-data/session-7/throttle/Lap_7_Throttle hit_1.png,C:\Users\admin\Desktop\Summer Projects\F1\F1-Optimized-Cornering-Project\Data\image-data\session-7\throttle\Lap_7_Throttle hit_1.png,Data/image-data/session-7/throttle/Lap_7_Throttle hit_1.png,True,28287,28.287,none,1.1383581161499023,2.626997232437134,1.1383581161499023,True,validation
lap_0063_throttle_02,C:\Users\admin\Desktop\Summer Projects\F1\F1-Optimized-Cornering-Project\Data\cnn-classes\standard_laps\lap_0063_throttle_02.png,Data/cnn-classes/standard_laps/lap_0063_throttle_02.png,standard_laps,1,63,7,7,throttle,2,../Data/image-data/session-7/throttle/Lap_7_Throttle hit_2.png,C:\Users\admin\Desktop\Summer Projects\F1\F1-Optimized-Cornering-Project\Data\image-data\session-7\throttle\Lap_7_Throttle hit_2.png,Data/image-data/session-7/throttle/Lap_7_Throttle hit_2.png,True,28287,28.287,none,1.1383581161499023,2.626997232437134,2.626997232437134,True,validation
lap_0065_brake_01,C:\Users\admin\Desktop\Summer Projects\F1\F1-Optimized-Cornering-Project\Data\cnn-classes\sub_standard_laps\lap_0065_brake_01.png,Data/cnn-classes/sub_standard_laps/lap_0065_brake_01.png,sub_standard_laps,2,65,7,9,brake,1,../Data/image-data/session-7/brake/Lap_9_Brake hit_1.png,C:\Users\admin\Desktop\Summer Projects\F1\F1-Optimized-Cornering-Project\Data\image-data\session-7\brake\Lap_9_Brake hit_1.png,Data/image-data/session-7/brake/Lap_9_Brake hit_1.png,True,29667,29.667,none,2.21328353881836,2.3482329845428467,2.21328353881836,True,validation
lap_0065_brake_02,C:\Users\admin\Desktop\Summer Projects\F1\F1-Optimized-Cornering-Project\Data\cnn-classes\sub_standard_laps\lap_0065_brake_02.png,Data/cnn-classes/sub_standard_laps/lap_0065_brake_02.png,sub_standard_laps,2,65,7,9,brake,2,../Data/image-data/session-7/brake/Lap_9_Brake hit_2.png,C:\Users\admin\Desktop\Summer Projects\F1\F1-Optimized-Cornering-Project\Data\image-data\session-7\brake\Lap_9_Brake hit_2.png,Data/image-data/session-7/brake/Lap_9_Brake hit_2.png,True,29667,29.667,none,2.21328353881836,2.3482329845428467,2.3482329845428467,True,validation
lap_0065_throttle_01,C:\Users\admin\Desktop\Summer Projects\F1\F1-Optimized-Cornering-Project\Data\cnn-classes\sub_standard_laps\lap_0065_throttle_01.png,Data/cnn-classes/sub_standard_laps/lap_0065_throttle_01.png,sub_standard_laps,2,65,7,9,throttle,1,../Data/image-data/session-7/throttle/Lap_9_Throttle hit_1.png,C:\Users\admin\Desktop\Summer Projects\F1\F1-Optimized-Cornering-Project\Data\image-data\session-7\throttle\Lap_9_Throttle hit_1.png,Data/image-data/session-7/throttle/Lap_9_Throttle hit_1.png,True,29667,29.667,none,2.21328353881836,2.3482329845428467,2.21328353881836,True,validation
lap_0065_throttle_02,C:\Users\admin\Desktop\Summer Projects\F1\F1-Optimized-Cornering-Project\Data\cnn-classes\sub_standard_laps\lap_0065_throttle_02.png,Data/cnn-classes/sub_standard_laps/lap_0065_throttle_02.png,sub_standard_laps,2,65,7,9,throttle,2,../Data/image-data/session-7/throttle/Lap_9_Throttle hit_2.png,C:\Users\admin\Desktop\Summer Projects\F1\F1-Optimized-Cornering-Project\Data\image-data\session-7\throttle\Lap_9_Throttle hit_2.png,Data/image-data/session-7/throttle/Lap_9_Throttle hit_2.png,True,29667,29.667,none,2.21328353881836,2.3482329845428467,2.3482329845428467,True,validation
lap_0067_brake_01,C:\Users\admin\Desktop\Summer Projects\F1\F1-Optimized-Cornering-Project\Data\cnn-classes\sub_standard_laps\lap_0067_brake_01.png,Data/cnn-classes/sub_standard_laps/lap_0067_brake_01.png,sub_standard_laps,2,67,7,11,brake,1,../Data/image-data/session-7/brake/Lap_11_Brake hit_1.png,C:\Users\admin\Desktop\Summer Projects\F1\F1-Optimized-Cornering-Project\Data\image-data\session-7\brake\Lap_11_Brake hit_1.png,Data/image-data/session-7/brake/Lap_11_Brake hit_1.png,True,28902,28.902,none,1.325571060180664,2.9569568634033203,1.325571060180664,True,validation
lap_0067_brake_02,C:\Users\admin\Desktop\Summer Projects\F1\F1-Optimized-Cornering-Project\Data\cnn-classes\sub_standard_laps\lap_0067_brake_02.png,Data/cnn-classes/sub_standard_laps/lap_0067_brake_02.png,sub_standard_laps,2,67,7,11,brake,2,../Data/image-data/session-7/brake/Lap_11_Brake hit_2.png,C:\Users\admin\Desktop\Summer Projects\F1\F1-Optimized-Cornering-Project\Data\image-data\session-7\brake\Lap_11_Brake hit_2.png,Data/image-data/session-7/brake/Lap_11_Brake hit_2.png,True,28902,28.902,none,1.325571060180664,2.9569568634033203,2.9569568634033203,True,validation
lap_0067_throttle_01,C:\Users\admin\Desktop\Summer Projects\F1\F1-Optimized-Cornering-Project\Data\cnn-classes\sub_standard_laps\lap_0067_throttle_01.png,Data/cnn-classes/sub_standard_laps/lap_0067_throttle_01.png,sub_standard_laps,2,67,7,11,throttle,1,../Data/image-data/session-7/throttle/Lap_11_Throttle hit_1.png,C:\Users\admin\Desktop\Summer Projects\F1\F1-Optimized-Cornering-Project\Data\image-data\session-7\throttle\Lap_11_Throttle hit_1.png,Data/image-data/session-7/throttle/Lap_11_Throttle hit_1.png,True,28902,28.902,none,1.325571060180664,2.9569568634033203,1.325571060180664,True,validation
lap_0067_throttle_02,C:\Users\admin\Desktop\Summer Projects\F1\F1-Optimized-Cornering-Project\Data\cnn-classes\sub_standard_laps\lap_0067_throttle_02.png,Data/cnn-classes/sub_standard_laps/lap_0067_throttle_02.png,sub_standard_laps,2,67,7,11,throttle,2,../Data/image-data/session-7/throttle/Lap_11_Throttle hit_2.png,C:\Users\admin\Desktop\Summer Projects\F1\F1-Optimized-Cornering-Project\Data\image-data\session-7\throttle\Lap_11_Throttle hit_2.png,Data/image-data/session-7/throttle/Lap_11_Throttle hit_2.png,True,28902,28.902,none,1.325571060180664,2.9569568634033203,2.9569568634033203,True,validation
lap_0070_brake_01,C:\Users\admin\Desktop\Summer Projects\F1\F1-Optimized-Cornering-Project\Data\cnn-classes\sub_standard_laps\lap_0070_brake_01.png,Data/cnn-classes/sub_standard_laps/lap_0070_brake_01.png,sub_standard_laps,2,70,8,3,brake,1,../Data/image-data/session-8/brake/Lap_3_Brake hit_1.png,C:\Users\admin\Desktop\Summer Projects\F1\F1-Optimized-Cornering-Project\Data\image-data\session-8\brake\Lap_3_Brake hit_1.png,Data/image-data/session-8/brake/Lap_3_Brake hit_1.png,True,28933,28.933,none,1.1870827674865725,2.920216560363769,1.1870827674865725,True,train
lap_0070_brake_02,C:\Users\admin\Desktop\Summer Projects\F1\F1-Optimized-Cornering-Project\Data\cnn-classes\sub_standard_laps\lap_0070_brake_02.png,Data/cnn-classes/sub_standard_laps/lap_0070_brake_02.png,sub_standard_laps,2,70,8,3,brake,2,../Data/image-data/session-8/brake/Lap_3_Brake hit_2.png,C:\Users\admin\Desktop\Summer Projects\F1\F1-Optimized-Cornering-Project\Data\image-data\session-8\brake\Lap_3_Brake hit_2.png,Data/image-data/session-8/brake/Lap_3_Brake hit_2.png,True,28933,28.933,none,1.1870827674865725,2.920216560363769,2.920216560363769,True,train
lap_0070_throttle_01,C:\Users\admin\Desktop\Summer Projects\F1\F1-Optimized-Cornering-Project\Data\cnn-classes\sub_standard_laps\lap_0070_throttle_01.png,Data/cnn-classes/sub_standard_laps/lap_0070_throttle_01.png,sub_standard_laps,2,70,8,3,throttle,1,../Data/image-data/session-8/throttle/Lap_3_Throttle hit_1.png,C:\Users\admin\Desktop\Summer Projects\F1\F1-Optimized-Cornering-Project\Data\image-data\session-8\throttle\Lap_3_Throttle hit_1.png,Data/image-data/session-8/throttle/Lap_3_Throttle hit_1.png,True,28933,28.933,none,1.1870827674865725,2.920216560363769,1.1870827674865725,True,train
lap_0070_throttle_02,C:\Users\admin\Desktop\Summer Projects\F1\F1-Optimized-Cornering-Project\Data\cnn-classes\sub_standard_laps\lap_0070_throttle_02.png,Data/cnn-classes/sub_standard_laps/lap_0070_throttle_02.png,sub_standard_laps,2,70,8,3,throttle,2,../Data/image-data/session-8/throttle/Lap_3_Throttle hit_2.png,C:\Users\admin\Desktop\Summer Projects\F1\F1-Optimized-Cornering-Project\Data\image-data\session-8\throttle\Lap_3_Throttle hit_2.png,Data/image-data/session-8/throttle/Lap_3_Throttle hit_2.png,True,28933,28.933,none,1.1870827674865725,2.920216560363769,2.920216560363769,True,train
lap_0071_brake_01,C:\Users\admin\Desktop\Summer Projects\F1\F1-Optimized-Cornering-Project\Data\cnn-classes\standard_laps\lap_0071_brake_01.png,Data/cnn-classes/standard_laps/lap_0071_brake_01.png,standard_laps,1,71,8,4,brake,1,../Data/image-data/session-8/brake/Lap_4_Brake hit_1.png,C:\Users\admin\Desktop\Summer Projects\F1\F1-Optimized-Cornering-Project\Data\image-data\session-8\brake\Lap_4_Brake hit_1.png,Data/image-data/session-8/brake/Lap_4_Brake hit_1.png,True,28536,28.536,none,1.624111890792847,2.529339075088501,1.624111890792847,True,train
lap_0071_brake_02,C:\Users\admin\Desktop\Summer Projects\F1\F1-Optimized-Cornering-Project\Data\cnn-classes\standard_laps\lap_0071_brake_02.png,Data/cnn-classes/standard_laps/lap_0071_brake_02.png,standard_laps,1,71,8,4,brake,2,../Data/image-data/session-8/brake/Lap_4_Brake hit_2.png,C:\Users\admin\Desktop\Summer Projects\F1\F1-Optimized-Cornering-Project\Data\image-data\session-8\brake\Lap_4_Brake hit_2.png,Data/image-data/session-8/brake/Lap_4_Brake hit_2.png,True,28536,28.536,none,1.624111890792847,2.529339075088501,2.529339075088501,True,train
lap_0071_throttle_01,C:\Users\admin\Desktop\Summer Projects\F1\F1-Optimized-Cornering-Project\Data\cnn-classes\standard_laps\lap_0071_throttle_01.png,Data/cnn-classes/standard_laps/lap_0071_throttle_01.png,standard_laps,1,71,8,4,throttle,1,../Data/image-data/session-8/throttle/Lap_4_Throttle hit_1.png,C:\Users\admin\Desktop\Summer Projects\F1\F1-Optimized-Cornering-Project\Data\image-data\session-8\throttle\Lap_4_Throttle hit_1.png,Data/image-data/session-8/throttle/Lap_4_Throttle hit_1.png,True,28536,28.536,none,1.624111890792847,2.529339075088501,1.624111890792847,True,train
lap_0071_throttle_02,C:\Users\admin\Desktop\Summer Projects\F1\F1-Optimized-Cornering-Project\Data\cnn-classes\standard_laps\lap_0071_throttle_02.png,Data/cnn-classes/standard_laps/lap_0071_throttle_02.png,standard_laps,1,71,8,4,throttle,2,../Data/image-data/session-8/throttle/Lap_4_Throttle hit_2.png,C:\Users\admin\Desktop\Summer Projects\F1\F1-Optimized-Cornering-Project\Data\image-data\session-8\throttle\Lap_4_Throttle hit_2.png,Data/image-data/session-8/throttle/Lap_4_Throttle hit_2.png,True,28536,28.536,none,1.624111890792847,2.529339075088501,2.529339075088501,True,train
lap_0073_brake_01,C:\Users\admin\Desktop\Summer Projects\F1\F1-Optimized-Cornering-Project\Data\cnn-classes\standard_laps\lap_0073_brake_01.png,Data/cnn-classes/standard_laps/lap_0073_brake_01.png,standard_laps,1,73,8,6,brake,1,../Data/image-data/session-8/brake/Lap_6_Brake hit_1.png,C:\Users\admin\Desktop\Summer Projects\F1\F1-Optimized-Cornering-Project\Data\image-data\session-8\brake\Lap_6_Brake hit_1.png,Data/image-data/session-8/brake/Lap_6_Brake hit_1.png,True,28223,28.223,none,1.184779167175293,2.949165344238281,1.184779167175293,True,train
lap_0073_brake_02,C:\Users\admin\Desktop\Summer Projects\F1\F1-Optimized-Cornering-Project\Data\cnn-classes\standard_laps\lap_0073_brake_02.png,Data/cnn-classes/standard_laps/lap_0073_brake_02.png,standard_laps,1,73,8,6,brake,2,../Data/image-data/session-8/brake/Lap_6_Brake hit_2.png,C:\Users\admin\Desktop\Summer Projects\F1\F1-Optimized-Cornering-Project\Data\image-data\session-8\brake\Lap_6_Brake hit_2.png,Data/image-data/session-8/brake/Lap_6_Brake hit_2.png,True,28223,28.223,none,1.184779167175293,2.949165344238281,2.949165344238281,True,train
lap_0073_throttle_01,C:\Users\admin\Desktop\Summer Projects\F1\F1-Optimized-Cornering-Project\Data\cnn-classes\standard_laps\lap_0073_throttle_01.png,Data/cnn-classes/standard_laps/lap_0073_throttle_01.png,standard_laps,1,73,8,6,throttle,1,../Data/image-data/session-8/throttle/Lap_6_Throttle hit_1.png,C:\Users\admin\Desktop\Summer Projects\F1\F1-Optimized-Cornering-Project\Data\image-data\session-8\throttle\Lap_6_Throttle hit_1.png,Data/image-data/session-8/throttle/Lap_6_Throttle hit_1.png,True,28223,28.223,none,1.184779167175293,2.949165344238281,1.184779167175293,True,train
lap_0073_throttle_02,C:\Users\admin\Desktop\Summer Projects\F1\F1-Optimized-Cornering-Project\Data\cnn-classes\standard_laps\lap_0073_throttle_02.png,Data/cnn-classes/standard_laps/lap_0073_throttle_02.png,standard_laps,1,73,8,6,throttle,2,../Data/image-data/session-8/throttle/Lap_6_Throttle hit_2.png,C:\Users\admin\Desktop\Summer Projects\F1\F1-Optimized-Cornering-Project\Data\image-data\session-8\throttle\Lap_6_Throttle hit_2.png,Data/image-data/session-8/throttle/Lap_6_Throttle hit_2.png,True,28223,28.223,none,1.184779167175293,2.949165344238281,2.949165344238281,True,train
lap_0074_brake_01,C:\Users\admin\Desktop\Summer Projects\F1\F1-Optimized-Cornering-Project\Data\cnn-classes\standard_laps\lap_0074_brake_01.png,Data/cnn-classes/standard_laps/lap_0074_brake_01.png,standard_laps,1,74,8,7,brake,1,../Data/image-data/session-8/brake/Lap_7_Brake hit_1.png,C:\Users\admin\Desktop\Summer Projects\F1\F1-Optimized-Cornering-Project\Data\image-data\session-8\brake\Lap_7_Brake hit_1.png,Data/image-data/session-8/brake/Lap_7_Brake hit_1.png,True,28489,28.489,none,1.6503453254699707,2.992475986480713,1.6503453254699707,True,train
lap_0074_brake_02,C:\Users\admin\Desktop\Summer Projects\F1\F1-Optimized-Cornering-Project\Data\cnn-classes\standard_laps\lap_0074_brake_02.png,Data/cnn-classes/standard_laps/lap_0074_brake_02.png,standard_laps,1,74,8,7,brake,2,../Data/image-data/session-8/brake/Lap_7_Brake hit_2.png,C:\Users\admin\Desktop\Summer Projects\F1\F1-Optimized-Cornering-Project\Data\image-data\session-8\brake\Lap_7_Brake hit_2.png,Data/image-data/session-8/brake/Lap_7_Brake hit_2.png,True,28489,28.489,none,1.6503453254699707,2.992475986480713,2.992475986480713,True,train
lap_0074_throttle_01,C:\Users\admin\Desktop\Summer Projects\F1\F1-Optimized-Cornering-Project\Data\cnn-classes\standard_laps\lap_0074_throttle_01.png,Data/cnn-classes/standard_laps/lap_0074_throttle_01.png,standard_laps,1,74,8,7,throttle,1,../Data/image-data/session-8/throttle/Lap_7_Throttle hit_1.png,C:\Users\admin\Desktop\Summer Projects\F1\F1-Optimized-Cornering-Project\Data\image-data\session-8\throttle\Lap_7_Throttle hit_1.png,Data/image-data/session-8/throttle/Lap_7_Throttle hit_1.png,True,28489,28.489,none,1.6503453254699707,2.992475986480713,1.6503453254699707,True,train
lap_0074_throttle_02,C:\Users\admin\Desktop\Summer Projects\F1\F1-Optimized-Cornering-Project\Data\cnn-classes\standard_laps\lap_0074_throttle_02.png,Data/cnn-classes/standard_laps/lap_0074_throttle_02.png,standard_laps,1,74,8,7,throttle,2,../Data/image-data/session-8/throttle/Lap_7_Throttle hit_2.png,C:\Users\admin\Desktop\Summer Projects\F1\F1-Optimized-Cornering-Project\Data\image-data\session-8\throttle\Lap_7_Throttle hit_2.png,Data/image-data/session-8/throttle/Lap_7_Throttle hit_2.png,True,28489,28.489,none,1.6503453254699707,2.992475986480713,2.992475986480713,True,train
lap_0075_brake_01,C:\Users\admin\Desktop\Summer Projects\F1\F1-Optimized-Cornering-Project\Data\cnn-classes\standard_laps\lap_0075_brake_01.png,Data/cnn-classes/standard_laps/lap_0075_brake_01.png,standard_laps,1,75,8,8,brake,1,../Data/image-data/session-8/brake/Lap_8_Brake hit_1.png,C:\Users\admin\Desktop\Summer Projects\F1\F1-Optimized-Cornering-Project\Data\image-data\session-8\brake\Lap_8_Brake hit_1.png,Data/image-data/session-8/brake/Lap_8_Brake hit_1.png,True,28408,28.408,none,1.7128939628601074,2.634553909301758,1.7128939628601074,True,train
lap_0075_brake_02,C:\Users\admin\Desktop\Summer Projects\F1\F1-Optimized-Cornering-Project\Data\cnn-classes\standard_laps\lap_0075_brake_02.png,Data/cnn-classes/standard_laps/lap_0075_brake_02.png,standard_laps,1,75,8,8,brake,2,../Data/image-data/session-8/brake/Lap_8_Brake hit_2.png,C:\Users\admin\Desktop\Summer Projects\F1\F1-Optimized-Cornering-Project\Data\image-data\session-8\brake\Lap_8_Brake hit_2.png,Data/image-data/session-8/brake/Lap_8_Brake hit_2.png,True,28408,28.408,none,1.7128939628601074,2.634553909301758,2.634553909301758,True,train
lap_0075_throttle_01,C:\Users\admin\Desktop\Summer Projects\F1\F1-Optimized-Cornering-Project\Data\cnn-classes\standard_laps\lap_0075_throttle_01.png,Data/cnn-classes/standard_laps/lap_0075_throttle_01.png,standard_laps,1,75,8,8,throttle,1,../Data/image-data/session-8/throttle/Lap_8_Throttle hit_1.png,C:\Users\admin\Desktop\Summer Projects\F1\F1-Optimized-Cornering-Project\Data\image-data\session-8\throttle\Lap_8_Throttle hit_1.png,Data/image-data/session-8/throttle/Lap_8_Throttle hit_1.png,True,28408,28.408,none,1.7128939628601074,2.634553909301758,1.7128939628601074,True,train
lap_0075_throttle_02,C:\Users\admin\Desktop\Summer Projects\F1\F1-Optimized-Cornering-Project\Data\cnn-classes\standard_laps\lap_0075_throttle_02.png,Data/cnn-classes/standard_laps/lap_0075_throttle_02.png,standard_laps,1,75,8,8,throttle,2,../Data/image-data/session-8/throttle/Lap_8_Throttle hit_2.png,C:\Users\admin\Desktop\Summer Projects\F1\F1-Optimized-Cornering-Project\Data\image-data\session-8\throttle\Lap_8_Throttle hit_2.png,Data/image-data/session-8/throttle/Lap_8_Throttle hit_2.png,True,28408,28.408,none,1.7128939628601074,2.634553909301758,2.634553909301758,True,train
lap_0077_brake_01,C:\Users\admin\Desktop\Summer Projects\F1\F1-Optimized-Cornering-Project\Data\cnn-classes\standard_laps\lap_0077_brake_01.png,Data/cnn-classes/standard_laps/lap_0077_brake_01.png,standard_laps,1,77,8,10,brake,1,../Data/image-data/session-8/brake/Lap_10_Brake hit_1.png,C:\Users\admin\Desktop\Summer Projects\F1\F1-Optimized-Cornering-Project\Data\image-data\session-8\brake\Lap_10_Brake hit_1.png,Data/image-data/session-8/brake/Lap_10_Brake hit_1.png,True,28191,28.191,none,1.1617155075073242,2.354209899902344,1.1617155075073242,True,train
lap_0077_brake_02,C:\Users\admin\Desktop\Summer Projects\F1\F1-Optimized-Cornering-Project\Data\cnn-classes\standard_laps\lap_0077_brake_02.png,Data/cnn-classes/standard_laps/lap_0077_brake_02.png,standard_laps,1,77,8,10,brake,2,../Data/image-data/session-8/brake/Lap_10_Brake hit_2.png,C:\Users\admin\Desktop\Summer Projects\F1\F1-Optimized-Cornering-Project\Data\image-data\session-8\brake\Lap_10_Brake hit_2.png,Data/image-data/session-8/brake/Lap_10_Brake hit_2.png,True,28191,28.191,none,1.1617155075073242,2.354209899902344,2.354209899902344,True,train
lap_0077_throttle_01,C:\Users\admin\Desktop\Summer Projects\F1\F1-Optimized-Cornering-Project\Data\cnn-classes\standard_laps\lap_0077_throttle_01.png,Data/cnn-classes/standard_laps/lap_0077_throttle_01.png,standard_laps,1,77,8,10,throttle,1,../Data/image-data/session-8/throttle/Lap_10_Throttle hit_1.png,C:\Users\admin\Desktop\Summer Projects\F1\F1-Optimized-Cornering-Project\Data\image-data\session-8\throttle\Lap_10_Throttle hit_1.png,Data/image-data/session-8/throttle/Lap_10_Throttle hit_1.png,True,28191,28.191,none,1.1617155075073242,2.354209899902344,1.1617155075073242,True,train
lap_0077_throttle_02,C:\Users\admin\Desktop\Summer Projects\F1\F1-Optimized-Cornering-Project\Data\cnn-classes\standard_laps\lap_0077_throttle_02.png,Data/cnn-classes/standard_laps/lap_0077_throttle_02.png,standard_laps,1,77,8,10,throttle,2,../Data/image-data/session-8/throttle/Lap_10_Throttle hit_2.png,C:\Users\admin\Desktop\Summer Projects\F1\F1-Optimized-Cornering-Project\Data\image-data\session-8\throttle\Lap_10_Throttle hit_2.png,Data/image-data/session-8/throttle/Lap_10_Throttle hit_2.png,True,28191,28.191,none,1.1617155075073242,2.354209899902344,2.354209899902344,True,train
lap_0079_brake_01,C:\Users\admin\Desktop\Summer Projects\F1\F1-Optimized-Cornering-Project\Data\cnn-classes\sub_standard_laps\lap_0079_brake_01.png,Data/cnn-classes/sub_standard_laps/lap_0079_brake_01.png,sub_standard_laps,2,79,9,2,brake,1,../Data/image-data/session-9/brake/Lap_2_Brake hit_1.png,C:\Users\admin\Desktop\Summer Projects\F1\F1-Optimized-Cornering-Project\Data\image-data\session-9\brake\Lap_2_Brake hit_1.png,Data/image-data/session-9/brake/Lap_2_Brake hit_1.png,True,29531,29.531,none,2.093603134155273,3.348637580871582,2.093603134155273,True,train
lap_0079_brake_02,C:\Users\admin\Desktop\Summer Projects\F1\F1-Optimized-Cornering-Project\Data\cnn-classes\sub_standard_laps\lap_0079_brake_02.png,Data/cnn-classes/sub_standard_laps/lap_0079_brake_02.png,sub_standard_laps,2,79,9,2,brake,2,../Data/image-data/session-9/brake/Lap_2_Brake hit_2.png,C:\Users\admin\Desktop\Summer Projects\F1\F1-Optimized-Cornering-Project\Data\image-data\session-9\brake\Lap_2_Brake hit_2.png,Data/image-data/session-9/brake/Lap_2_Brake hit_2.png,True,29531,29.531,none,2.093603134155273,3.348637580871582,3.348637580871582,True,train
lap_0079_throttle_01,C:\Users\admin\Desktop\Summer Projects\F1\F1-Optimized-Cornering-Project\Data\cnn-classes\sub_standard_laps\lap_0079_throttle_01.png,Data/cnn-classes/sub_standard_laps/lap_0079_throttle_01.png,sub_standard_laps,2,79,9,2,throttle,1,../Data/image-data/session-9/throttle/Lap_2_Throttle hit_1.png,C:\Users\admin\Desktop\Summer Projects\F1\F1-Optimized-Cornering-Project\Data\image-data\session-9\throttle\Lap_2_Throttle hit_1.png,Data/image-data/session-9/throttle/Lap_2_Throttle hit_1.png,True,29531,29.531,none,2.093603134155273,3.348637580871582,2.093603134155273,True,train
lap_0079_throttle_02,C:\Users\admin\Desktop\Summer Projects\F1\F1-Optimized-Cornering-Project\Data\cnn-classes\sub_standard_laps\lap_0079_throttle_02.png,Data/cnn-classes/sub_standard_laps/lap_0079_throttle_02.png,sub_standard_laps,2,79,9,2,throttle,2,../Data/image-data/session-9/throttle/Lap_2_Throttle hit_2.png,C:\Users\admin\Desktop\Summer Projects\F1\F1-Optimized-Cornering-Project\Data\image-data\session-9\throttle\Lap_2_Throttle hit_2.png,Data/image-data/session-9/throttle/Lap_2_Throttle hit_2.png,True,29531,29.531,none,2.093603134155273,3.348637580871582,3.348637580871582,True,train
lap_0081_brake_01,C:\Users\admin\Desktop\Summer Projects\F1\F1-Optimized-Cornering-Project\Data\cnn-classes\standard_laps\lap_0081_brake_01.png,Data/cnn-classes/standard_laps/lap_0081_brake_01.png,standard_laps,1,81,9,4,brake,1,../Data/image-data/session-9/brake/Lap_4_Brake hit_1.png,C:\Users\admin\Desktop\Summer Projects\F1\F1-Optimized-Cornering-Project\Data\image-data\session-9\brake\Lap_4_Brake hit_1.png,Data/image-data/session-9/brake/Lap_4_Brake hit_1.png,True,28321,28.321,none,1.513024091720581,2.229769706726074,1.513024091720581,True,train
lap_0081_brake_02,C:\Users\admin\Desktop\Summer Projects\F1\F1-Optimized-Cornering-Project\Data\cnn-classes\standard_laps\lap_0081_brake_02.png,Data/cnn-classes/standard_laps/lap_0081_brake_02.png,standard_laps,1,81,9,4,brake,2,../Data/image-data/session-9/brake/Lap_4_Brake hit_2.png,C:\Users\admin\Desktop\Summer Projects\F1\F1-Optimized-Cornering-Project\Data\image-data\session-9\brake\Lap_4_Brake hit_2.png,Data/image-data/session-9/brake/Lap_4_Brake hit_2.png,True,28321,28.321,none,1.513024091720581,2.229769706726074,2.229769706726074,True,train
lap_0081_throttle_01,C:\Users\admin\Desktop\Summer Projects\F1\F1-Optimized-Cornering-Project\Data\cnn-classes\standard_laps\lap_0081_throttle_01.png,Data/cnn-classes/standard_laps/lap_0081_throttle_01.png,standard_laps,1,81,9,4,throttle,1,../Data/image-data/session-9/throttle/Lap_4_Throttle hit_1.png,C:\Users\admin\Desktop\Summer Projects\F1\F1-Optimized-Cornering-Project\Data\image-data\session-9\throttle\Lap_4_Throttle hit_1.png,Data/image-data/session-9/throttle/Lap_4_Throttle hit_1.png,True,28321,28.321,none,1.513024091720581,2.229769706726074,1.513024091720581,True,train
lap_0081_throttle_02,C:\Users\admin\Desktop\Summer Projects\F1\F1-Optimized-Cornering-Project\Data\cnn-classes\standard_laps\lap_0081_throttle_02.png,Data/cnn-classes/standard_laps/lap_0081_throttle_02.png,standard_laps,1,81,9,4,throttle,2,../Data/image-data/session-9/throttle/Lap_4_Throttle hit_2.png,C:\Users\admin\Desktop\Summer Projects\F1\F1-Optimized-Cornering-Project\Data\image-data\session-9\throttle\Lap_4_Throttle hit_2.png,Data/image-data/session-9/throttle/Lap_4_Throttle hit_2.png,True,28321,28.321,none,1.513024091720581,2.229769706726074,2.229769706726074,True,train
lap_0083_brake_01,C:\Users\admin\Desktop\Summer Projects\F1\F1-Optimized-Cornering-Project\Data\cnn-classes\optimal_laps\lap_0083_brake_01.png,Data/cnn-classes/optimal_laps/lap_0083_brake_01.png,optimal_laps,0,83,9,6,brake,1,../Data/image-data/session-9/brake/Lap_6_Brake hit_1.png,C:\Users\admin\Desktop\Summer Projects\F1\F1-Optimized-Cornering-Project\Data\image-data\session-9\brake\Lap_6_Brake hit_1.png,Data/image-data/session-9/brake/Lap_6_Brake hit_1.png,True,28101,28.101,none,1.0171310901641846,2.598050355911255,1.0171310901641846,True,train
lap_0083_brake_02,C:\Users\admin\Desktop\Summer Projects\F1\F1-Optimized-Cornering-Project\Data\cnn-classes\optimal_laps\lap_0083_brake_02.png,Data/cnn-classes/optimal_laps/lap_0083_brake_02.png,optimal_laps,0,83,9,6,brake,2,../Data/image-data/session-9/brake/Lap_6_Brake hit_2.png,C:\Users\admin\Desktop\Summer Projects\F1\F1-Optimized-Cornering-Project\Data\image-data\session-9\brake\Lap_6_Brake hit_2.png,Data/image-data/session-9/brake/Lap_6_Brake hit_2.png,True,28101,28.101,none,1.0171310901641846,2.598050355911255,2.598050355911255,True,train
lap_0083_throttle_01,C:\Users\admin\Desktop\Summer Projects\F1\F1-Optimized-Cornering-Project\Data\cnn-classes\optimal_laps\lap_0083_throttle_01.png,Data/cnn-classes/optimal_laps/lap_0083_throttle_01.png,optimal_laps,0,83,9,6,throttle,1,../Data/image-data/session-9/throttle/Lap_6_Throttle hit_1.png,C:\Users\admin\Desktop\Summer Projects\F1\F1-Optimized-Cornering-Project\Data\image-data\session-9\throttle\Lap_6_Throttle hit_1.png,Data/image-data/session-9/throttle/Lap_6_Throttle hit_1.png,True,28101,28.101,none,1.0171310901641846,2.598050355911255,1.0171310901641846,True,train
lap_0083_throttle_02,C:\Users\admin\Desktop\Summer Projects\F1\F1-Optimized-Cornering-Project\Data\cnn-classes\optimal_laps\lap_0083_throttle_02.png,Data/cnn-classes/optimal_laps/lap_0083_throttle_02.png,optimal_laps,0,83,9,6,throttle,2,../Data/image-data/session-9/throttle/Lap_6_Throttle hit_2.png,C:\Users\admin\Desktop\Summer Projects\F1\F1-Optimized-Cornering-Project\Data\image-data\session-9\throttle\Lap_6_Throttle hit_2.png,Data/image-data/session-9/throttle/Lap_6_Throttle hit_2.png,True,28101,28.101,none,1.0171310901641846,2.598050355911255,2.598050355911255,True,train
lap_0085_brake_01,C:\Users\admin\Desktop\Summer Projects\F1\F1-Optimized-Cornering-Project\Data\cnn-classes\sub_standard_laps\lap_0085_brake_01.png,Data/cnn-classes/sub_standard_laps/lap_0085_brake_01.png,sub_standard_laps,2,85,10,1,brake,1,../Data/image-data/session-10/brake/Lap_1_Brake hit_1.png,C:\Users\admin\Desktop\Summer Projects\F1\F1-Optimized-Cornering-Project\Data\image-data\session-10\brake\Lap_1_Brake hit_1.png,Data/image-data/session-10/brake/Lap_1_Brake hit_1.png,True,29750,29.75,none,1.6160471439361572,3.0100529193878174,1.6160471439361572,True,train
lap_0085_brake_02,C:\Users\admin\Desktop\Summer Projects\F1\F1-Optimized-Cornering-Project\Data\cnn-classes\sub_standard_laps\lap_0085_brake_02.png,Data/cnn-classes/sub_standard_laps/lap_0085_brake_02.png,sub_standard_laps,2,85,10,1,brake,2,../Data/image-data/session-10/brake/Lap_1_Brake hit_2.png,C:\Users\admin\Desktop\Summer Projects\F1\F1-Optimized-Cornering-Project\Data\image-data\session-10\brake\Lap_1_Brake hit_2.png,Data/image-data/session-10/brake/Lap_1_Brake hit_2.png,True,29750,29.75,none,1.6160471439361572,3.0100529193878174,3.0100529193878174,True,train
lap_0085_throttle_01,C:\Users\admin\Desktop\Summer Projects\F1\F1-Optimized-Cornering-Project\Data\cnn-classes\sub_standard_laps\lap_0085_throttle_01.png,Data/cnn-classes/sub_standard_laps/lap_0085_throttle_01.png,sub_standard_laps,2,85,10,1,throttle,1,../Data/image-data/session-10/throttle/Lap_1_Throttle hit_1.png,C:\Users\admin\Desktop\Summer Projects\F1\F1-Optimized-Cornering-Project\Data\image-data\session-10\throttle\Lap_1_Throttle hit_1.png,Data/image-data/session-10/throttle/Lap_1_Throttle hit_1.png,True,29750,29.75,none,1.6160471439361572,3.0100529193878174,1.6160471439361572,True,train
lap_0085_throttle_02,C:\Users\admin\Desktop\Summer Projects\F1\F1-Optimized-Cornering-Project\Data\cnn-classes\sub_standard_laps\lap_0085_throttle_02.png,Data/cnn-classes/sub_standard_laps/lap_0085_throttle_02.png,sub_standard_laps,2,85,10,1,throttle,2,../Data/image-data/session-10/throttle/Lap_1_Throttle hit_2.png,C:\Users\admin\Desktop\Summer Projects\F1\F1-Optimized-Cornering-Project\Data\image-data\session-10\throttle\Lap_1_Throttle hit_2.png,Data/image-data/session-10/throttle/Lap_1_Throttle hit_2.png,True,29750,29.75,none,1.6160471439361572,3.0100529193878174,3.0100529193878174,True,train
lap_0087_brake_01,C:\Users\admin\Desktop\Summer Projects\F1\F1-Optimized-Cornering-Project\Data\cnn-classes\standard_laps\lap_0087_brake_01.png,Data/cnn-classes/standard_laps/lap_0087_brake_01.png,standard_laps,1,87,10,3,brake,1,../Data/image-data/session-10/brake/Lap_3_Brake hit_1.png,C:\Users\admin\Desktop\Summer Projects\F1\F1-Optimized-Cornering-Project\Data\image-data\session-10\brake\Lap_3_Brake hit_1.png,Data/image-data/session-10/brake/Lap_3_Brake hit_1.png,True,28171,28.171,none,1.0975801944732666,2.7350897789001465,1.0975801944732666,True,train
lap_0087_brake_02,C:\Users\admin\Desktop\Summer Projects\F1\F1-Optimized-Cornering-Project\Data\cnn-classes\standard_laps\lap_0087_brake_02.png,Data/cnn-classes/standard_laps/lap_0087_brake_02.png,standard_laps,1,87,10,3,brake,2,../Data/image-data/session-10/brake/Lap_3_Brake hit_2.png,C:\Users\admin\Desktop\Summer Projects\F1\F1-Optimized-Cornering-Project\Data\image-data\session-10\brake\Lap_3_Brake hit_2.png,Data/image-data/session-10/brake/Lap_3_Brake hit_2.png,True,28171,28.171,none,1.0975801944732666,2.7350897789001465,2.7350897789001465,True,train
lap_0087_throttle_01,C:\Users\admin\Desktop\Summer Projects\F1\F1-Optimized-Cornering-Project\Data\cnn-classes\standard_laps\lap_0087_throttle_01.png,Data/cnn-classes/standard_laps/lap_0087_throttle_01.png,standard_laps,1,87,10,3,throttle,1,../Data/image-data/session-10/throttle/Lap_3_Throttle hit_1.png,C:\Users\admin\Desktop\Summer Projects\F1\F1-Optimized-Cornering-Project\Data\image-data\session-10\throttle\Lap_3_Throttle hit_1.png,Data/image-data/session-10/throttle/Lap_3_Throttle hit_1.png,True,28171,28.171,none,1.0975801944732666,2.7350897789001465,1.0975801944732666,True,train
lap_0087_throttle_02,C:\Users\admin\Desktop\Summer Projects\F1\F1-Optimized-Cornering-Project\Data\cnn-classes\standard_laps\lap_0087_throttle_02.png,Data/cnn-classes/standard_laps/lap_0087_throttle_02.png,standard_laps,1,87,10,3,throttle,2,../Data/image-data/session-10/throttle/Lap_3_Throttle hit_2.png,C:\Users\admin\Desktop\Summer Projects\F1\F1-Optimized-Cornering-Project\Data\image-data\session-10\throttle\Lap_3_Throttle hit_2.png,Data/image-data/session-10/throttle/Lap_3_Throttle hit_2.png,True,28171,28.171,none,1.0975801944732666,2.7350897789001465,2.7350897789001465,True,train
lap_0088_brake_01,C:\Users\admin\Desktop\Summer Projects\F1\F1-Optimized-Cornering-Project\Data\cnn-classes\standard_laps\lap_0088_brake_01.png,Data/cnn-classes/standard_laps/lap_0088_brake_01.png,standard_laps,1,88,10,4,brake,1,../Data/image-data/session-10/brake/Lap_4_Brake hit_1.png,C:\Users\admin\Desktop\Summer Projects\F1\F1-Optimized-Cornering-Project\Data\image-data\session-10\brake\Lap_4_Brake hit_1.png,Data/image-data/session-10/brake/Lap_4_Brake hit_1.png,True,28246,28.246,none,1.2195510864257812,2.0437419414520264,1.2195510864257812,True,train
lap_0088_brake_02,C:\Users\admin\Desktop\Summer Projects\F1\F1-Optimized-Cornering-Project\Data\cnn-classes\standard_laps\lap_0088_brake_02.png,Data/cnn-classes/standard_laps/lap_0088_brake_02.png,standard_laps,1,88,10,4,brake,2,../Data/image-data/session-10/brake/Lap_4_Brake hit_2.png,C:\Users\admin\Desktop\Summer Projects\F1\F1-Optimized-Cornering-Project\Data\image-data\session-10\brake\Lap_4_Brake hit_2.png,Data/image-data/session-10/brake/Lap_4_Brake hit_2.png,True,28246,28.246,none,1.2195510864257812,2.0437419414520264,2.0437419414520264,True,train
lap_0088_throttle_01,C:\Users\admin\Desktop\Summer Projects\F1\F1-Optimized-Cornering-Project\Data\cnn-classes\standard_laps\lap_0088_throttle_01.png,Data/cnn-classes/standard_laps/lap_0088_throttle_01.png,standard_laps,1,88,10,4,throttle,1,../Data/image-data/session-10/throttle/Lap_4_Throttle hit_1.png,C:\Users\admin\Desktop\Summer Projects\F1\F1-Optimized-Cornering-Project\Data\image-data\session-10\throttle\Lap_4_Throttle hit_1.png,Data/image-data/session-10/throttle/Lap_4_Throttle hit_1.png,True,28246,28.246,none,1.2195510864257812,2.0437419414520264,1.2195510864257812,True,train
lap_0088_throttle_02,C:\Users\admin\Desktop\Summer Projects\F1\F1-Optimized-Cornering-Project\Data\cnn-classes\standard_laps\lap_0088_throttle_02.png,Data/cnn-classes/standard_laps/lap_0088_throttle_02.png,standard_laps,1,88,10,4,throttle,2,../Data/image-data/session-10/throttle/Lap_4_Throttle hit_2.png,C:\Users\admin\Desktop\Summer Projects\F1\F1-Optimized-Cornering-Project\Data\image-data\session-10\throttle\Lap_4_Throttle hit_2.png,Data/image-data/session-10/throttle/Lap_4_Throttle hit_2.png,True,28246,28.246,none,1.2195510864257812,2.0437419414520264,2.0437419414520264,True,train
lap_0089_brake_01,C:\Users\admin\Desktop\Summer Projects\F1\F1-Optimized-Cornering-Project\Data\cnn-classes\sub_standard_laps\lap_0089_brake_01.png,Data/cnn-classes/sub_standard_laps/lap_0089_brake_01.png,sub_standard_laps,2,89,10,5,brake,1,../Data/image-data/session-10/brake/Lap_5_Brake hit_1.png,C:\Users\admin\Desktop\Summer Projects\F1\F1-Optimized-Cornering-Project\Data\image-data\session-10\brake\Lap_5_Brake hit_1.png,Data/image-data/session-10/brake/Lap_5_Brake hit_1.png,True,28999,28.999,none,1.5193328857421875,3.0356717109680176,1.5193328857421875,True,train
lap_0089_brake_02,C:\Users\admin\Desktop\Summer Projects\F1\F1-Optimized-Cornering-Project\Data\cnn-classes\sub_standard_laps\lap_0089_brake_02.png,Data/cnn-classes/sub_standard_laps/lap_0089_brake_02.png,sub_standard_laps,2,89,10,5,brake,2,../Data/image-data/session-10/brake/Lap_5_Brake hit_2.png,C:\Users\admin\Desktop\Summer Projects\F1\F1-Optimized-Cornering-Project\Data\image-data\session-10\brake\Lap_5_Brake hit_2.png,Data/image-data/session-10/brake/Lap_5_Brake hit_2.png,True,28999,28.999,none,1.5193328857421875,3.0356717109680176,3.0356717109680176,True,train
lap_0089_throttle_01,C:\Users\admin\Desktop\Summer Projects\F1\F1-Optimized-Cornering-Project\Data\cnn-classes\sub_standard_laps\lap_0089_throttle_01.png,Data/cnn-classes/sub_standard_laps/lap_0089_throttle_01.png,sub_standard_laps,2,89,10,5,throttle,1,../Data/image-data/session-10/throttle/Lap_5_Throttle hit_1.png,C:\Users\admin\Desktop\Summer Projects\F1\F1-Optimized-Cornering-Project\Data\image-data\session-10\throttle\Lap_5_Throttle hit_1.png,Data/image-data/session-10/throttle/Lap_5_Throttle hit_1.png,True,28999,28.999,none,1.5193328857421875,3.0356717109680176,1.5193328857421875,True,train
lap_0089_throttle_02,C:\Users\admin\Desktop\Summer Projects\F1\F1-Optimized-Cornering-Project\Data\cnn-classes\sub_standard_laps\lap_0089_throttle_02.png,Data/cnn-classes/sub_standard_laps/lap_0089_throttle_02.png,sub_standard_laps,2,89,10,5,throttle,2,../Data/image-data/session-10/throttle/Lap_5_Throttle hit_2.png,C:\Users\admin\Desktop\Summer Projects\F1\F1-Optimized-Cornering-Project\Data\image-data\session-10\throttle\Lap_5_Throttle hit_2.png,Data/image-data/session-10/throttle/Lap_5_Throttle hit_2.png,True,28999,28.999,none,1.5193328857421875,3.0356717109680176,3.0356717109680176,True,train
lap_0090_brake_01,C:\Users\admin\Desktop\Summer Projects\F1\F1-Optimized-Cornering-Project\Data\cnn-classes\standard_laps\lap_0090_brake_01.png,Data/cnn-classes/standard_laps/lap_0090_brake_01.png,standard_laps,1,90,10,6,brake,1,../Data/image-data/session-10/brake/Lap_6_Brake hit_1.png,C:\Users\admin\Desktop\Summer Projects\F1\F1-Optimized-Cornering-Project\Data\image-data\session-10\brake\Lap_6_Brake hit_1.png,Data/image-data/session-10/brake/Lap_6_Brake hit_1.png,True,28177,28.177,none,1.114410638809204,2.5244994163513184,1.114410638809204,True,train
lap_0090_brake_02,C:\Users\admin\Desktop\Summer Projects\F1\F1-Optimized-Cornering-Project\Data\cnn-classes\standard_laps\lap_0090_brake_02.png,Data/cnn-classes/standard_laps/lap_0090_brake_02.png,standard_laps,1,90,10,6,brake,2,../Data/image-data/session-10/brake/Lap_6_Brake hit_2.png,C:\Users\admin\Desktop\Summer Projects\F1\F1-Optimized-Cornering-Project\Data\image-data\session-10\brake\Lap_6_Brake hit_2.png,Data/image-data/session-10/brake/Lap_6_Brake hit_2.png,True,28177,28.177,none,1.114410638809204,2.5244994163513184,2.5244994163513184,True,train
lap_0090_throttle_01,C:\Users\admin\Desktop\Summer Projects\F1\F1-Optimized-Cornering-Project\Data\cnn-classes\standard_laps\lap_0090_throttle_01.png,Data/cnn-classes/standard_laps/lap_0090_throttle_01.png,standard_laps,1,90,10,6,throttle,1,../Data/image-data/session-10/throttle/Lap_6_Throttle hit_1.png,C:\Users\admin\Desktop\Summer Projects\F1\F1-Optimized-Cornering-Project\Data\image-data\session-10\throttle\Lap_6_Throttle hit_1.png,Data/image-data/session-10/throttle/Lap_6_Throttle hit_1.png,True,28177,28.177,none,1.114410638809204,2.5244994163513184,1.114410638809204,True,train
lap_0090_throttle_02,C:\Users\admin\Desktop\Summer Projects\F1\F1-Optimized-Cornering-Project\Data\cnn-classes\standard_laps\lap_0090_throttle_02.png,Data/cnn-classes/standard_laps/lap_0090_throttle_02.png,standard_laps,1,90,10,6,throttle,2,../Data/image-data/session-10/throttle/Lap_6_Throttle hit_2.png,C:\Users\admin\Desktop\Summer Projects\F1\F1-Optimized-Cornering-Project\Data\image-data\session-10\throttle\Lap_6_Throttle hit_2.png,Data/image-data/session-10/throttle/Lap_6_Throttle hit_2.png,True,28177,28.177,none,1.114410638809204,2.5244994163513184,2.5244994163513184,True,train
lap_0091_brake_01,C:\Users\admin\Desktop\Summer Projects\F1\F1-Optimized-Cornering-Project\Data\cnn-classes\optimal_laps\lap_0091_brake_01.png,Data/cnn-classes/optimal_laps/lap_0091_brake_01.png,optimal_laps,0,91,10,7,brake,1,../Data/image-data/session-10/brake/Lap_7_Brake hit_1.png,C:\Users\admin\Desktop\Summer Projects\F1\F1-Optimized-Cornering-Project\Data\image-data\session-10\brake\Lap_7_Brake hit_1.png,Data/image-data/session-10/brake/Lap_7_Brake hit_1.png,True,27789,27.789,none,1.1045451164245603,2.683706045150757,1.1045451164245603,True,train
lap_0091_brake_02,C:\Users\admin\Desktop\Summer Projects\F1\F1-Optimized-Cornering-Project\Data\cnn-classes\optimal_laps\lap_0091_brake_02.png,Data/cnn-classes/optimal_laps/lap_0091_brake_02.png,optimal_laps,0,91,10,7,brake,2,../Data/image-data/session-10/brake/Lap_7_Brake hit_2.png,C:\Users\admin\Desktop\Summer Projects\F1\F1-Optimized-Cornering-Project\Data\image-data\session-10\brake\Lap_7_Brake hit_2.png,Data/image-data/session-10/brake/Lap_7_Brake hit_2.png,True,27789,27.789,none,1.1045451164245603,2.683706045150757,2.683706045150757,True,train
lap_0091_throttle_01,C:\Users\admin\Desktop\Summer Projects\F1\F1-Optimized-Cornering-Project\Data\cnn-classes\optimal_laps\lap_0091_throttle_01.png,Data/cnn-classes/optimal_laps/lap_0091_throttle_01.png,optimal_laps,0,91,10,7,throttle,1,../Data/image-data/session-10/throttle/Lap_7_Throttle hit_1.png,C:\Users\admin\Desktop\Summer Projects\F1\F1-Optimized-Cornering-Project\Data\image-data\session-10\throttle\Lap_7_Throttle hit_1.png,Data/image-data/session-10/throttle/Lap_7_Throttle hit_1.png,True,27789,27.789,none,1.1045451164245603,2.683706045150757,1.1045451164245603,True,train
lap_0091_throttle_02,C:\Users\admin\Desktop\Summer Projects\F1\F1-Optimized-Cornering-Project\Data\cnn-classes\optimal_laps\lap_0091_throttle_02.png,Data/cnn-classes/optimal_laps/lap_0091_throttle_02.png,optimal_laps,0,91,10,7,throttle,2,../Data/image-data/session-10/throttle/Lap_7_Throttle hit_2.png,C:\Users\admin\Desktop\Summer Projects\F1\F1-Optimized-Cornering-Project\Data\image-data\session-10\throttle\Lap_7_Throttle hit_2.png,Data/image-data/session-10/throttle/Lap_7_Throttle hit_2.png,True,27789,27.789,none,1.1045451164245603,2.683706045150757,2.683706045150757,True,train
lap_0092_brake_01,C:\Users\admin\Desktop\Summer Projects\F1\F1-Optimized-Cornering-Project\Data\cnn-classes\standard_laps\lap_0092_brake_01.png,Data/cnn-classes/standard_laps/lap_0092_brake_01.png,standard_laps,1,92,10,8,brake,1,../Data/image-data/session-10/brake/Lap_8_Brake hit_1.png,C:\Users\admin\Desktop\Summer Projects\F1\F1-Optimized-Cornering-Project\Data\image-data\session-10\brake\Lap_8_Brake hit_1.png,Data/image-data/session-10/brake/Lap_8_Brake hit_1.png,True,28169,28.169,none,1.114415168762207,2.373022556304932,1.114415168762207,True,train
lap_0092_brake_02,C:\Users\admin\Desktop\Summer Projects\F1\F1-Optimized-Cornering-Project\Data\cnn-classes\standard_laps\lap_0092_brake_02.png,Data/cnn-classes/standard_laps/lap_0092_brake_02.png,standard_laps,1,92,10,8,brake,2,../Data/image-data/session-10/brake/Lap_8_Brake hit_2.png,C:\Users\admin\Desktop\Summer Projects\F1\F1-Optimized-Cornering-Project\Data\image-data\session-10\brake\Lap_8_Brake hit_2.png,Data/image-data/session-10/brake/Lap_8_Brake hit_2.png,True,28169,28.169,none,1.114415168762207,2.373022556304932,2.373022556304932,True,train
lap_0092_throttle_01,C:\Users\admin\Desktop\Summer Projects\F1\F1-Optimized-Cornering-Project\Data\cnn-classes\standard_laps\lap_0092_throttle_01.png,Data/cnn-classes/standard_laps/lap_0092_throttle_01.png,standard_laps,1,92,10,8,throttle,1,../Data/image-data/session-10/throttle/Lap_8_Throttle hit_1.png,C:\Users\admin\Desktop\Summer Projects\F1\F1-Optimized-Cornering-Project\Data\image-data\session-10\throttle\Lap_8_Throttle hit_1.png,Data/image-data/session-10/throttle/Lap_8_Throttle hit_1.png,True,28169,28.169,none,1.114415168762207,2.373022556304932,1.114415168762207,True,train
lap_0092_throttle_02,C:\Users\admin\Desktop\Summer Projects\F1\F1-Optimized-Cornering-Project\Data\cnn-classes\standard_laps\lap_0092_throttle_02.png,Data/cnn-classes/standard_laps/lap_0092_throttle_02.png,standard_laps,1,92,10,8,throttle,2,../Data/image-data/session-10/throttle/Lap_8_Throttle hit_2.png,C:\Users\admin\Desktop\Summer Projects\F1\F1-Optimized-Cornering-Project\Data\image-data\session-10\throttle\Lap_8_Throttle hit_2.png,Data/image-data/session-10/throttle/Lap_8_Throttle hit_2.png,True,28169,28.169,none,1.114415168762207,2.373022556304932,2.373022556304932,True,train
lap_0093_brake_01,C:\Users\admin\Desktop\Summer Projects\F1\F1-Optimized-Cornering-Project\Data\cnn-classes\standard_laps\lap_0093_brake_01.png,Data/cnn-classes/standard_laps/lap_0093_brake_01.png,standard_laps,1,93,10,9,brake,1,../Data/image-data/session-10/brake/Lap_9_Brake hit_1.png,C:\Users\admin\Desktop\Summer Projects\F1\F1-Optimized-Cornering-Project\Data\image-data\session-10\brake\Lap_9_Brake hit_1.png,Data/image-data/session-10/brake/Lap_9_Brake hit_1.png,True,28245,28.245,none,1.0357439517974854,2.585441827774048,1.0357439517974854,True,train
lap_0093_brake_02,C:\Users\admin\Desktop\Summer Projects\F1\F1-Optimized-Cornering-Project\Data\cnn-classes\standard_laps\lap_0093_brake_02.png,Data/cnn-classes/standard_laps/lap_0093_brake_02.png,standard_laps,1,93,10,9,brake,2,../Data/image-data/session-10/brake/Lap_9_Brake hit_2.png,C:\Users\admin\Desktop\Summer Projects\F1\F1-Optimized-Cornering-Project\Data\image-data\session-10\brake\Lap_9_Brake hit_2.png,Data/image-data/session-10/brake/Lap_9_Brake hit_2.png,True,28245,28.245,none,1.0357439517974854,2.585441827774048,2.585441827774048,True,train
lap_0093_throttle_01,C:\Users\admin\Desktop\Summer Projects\F1\F1-Optimized-Cornering-Project\Data\cnn-classes\standard_laps\lap_0093_throttle_01.png,Data/cnn-classes/standard_laps/lap_0093_throttle_01.png,standard_laps,1,93,10,9,throttle,1,../Data/image-data/session-10/throttle/Lap_9_Throttle hit_1.png,C:\Users\admin\Desktop\Summer Projects\F1\F1-Optimized-Cornering-Project\Data\image-data\session-10\throttle\Lap_9_Throttle hit_1.png,Data/image-data/session-10/throttle/Lap_9_Throttle hit_1.png,True,28245,28.245,none,1.0357439517974854,2.585441827774048,1.0357439517974854,True,train
lap_0093_throttle_02,C:\Users\admin\Desktop\Summer Projects\F1\F1-Optimized-Cornering-Project\Data\cnn-classes\standard_laps\lap_0093_throttle_02.png,Data/cnn-classes/standard_laps/lap_0093_throttle_02.png,standard_laps,1,93,10,9,throttle,2,../Data/image-data/session-10/throttle/Lap_9_Throttle hit_2.png,C:\Users\admin\Desktop\Summer Projects\F1\F1-Optimized-Cornering-Project\Data\image-data\session-10\throttle\Lap_9_Throttle hit_2.png,Data/image-data/session-10/throttle/Lap_9_Throttle hit_2.png,True,28245,28.245,none,1.0357439517974854,2.585441827774048,2.585441827774048,True,train
lap_0096_brake_01,C:\Users\admin\Desktop\Summer Projects\F1\F1-Optimized-Cornering-Project\Data\cnn-classes\optimal_laps\lap_0096_brake_01.png,Data/cnn-classes/optimal_laps/lap_0096_brake_01.png,optimal_laps,0,96,10,12,brake,1,../Data/image-data/session-10/brake/Lap_12_Brake hit_1.png,C:\Users\admin\Desktop\Summer Projects\F1\F1-Optimized-Cornering-Project\Data\image-data\session-10\brake\Lap_12_Brake hit_1.png,Data/image-data/session-10/brake/Lap_12_Brake hit_1.png,True,28053,28.053,none,1.030689001083374,2.7161760330200195,1.030689001083374,True,train
lap_0096_brake_02,C:\Users\admin\Desktop\Summer Projects\F1\F1-Optimized-Cornering-Project\Data\cnn-classes\optimal_laps\lap_0096_brake_02.png,Data/cnn-classes/optimal_laps/lap_0096_brake_02.png,optimal_laps,0,96,10,12,brake,2,../Data/image-data/session-10/brake/Lap_12_Brake hit_2.png,C:\Users\admin\Desktop\Summer Projects\F1\F1-Optimized-Cornering-Project\Data\image-data\session-10\brake\Lap_12_Brake hit_2.png,Data/image-data/session-10/brake/Lap_12_Brake hit_2.png,True,28053,28.053,none,1.030689001083374,2.7161760330200195,2.7161760330200195,True,train
lap_0096_throttle_01,C:\Users\admin\Desktop\Summer Projects\F1\F1-Optimized-Cornering-Project\Data\cnn-classes\optimal_laps\lap_0096_throttle_01.png,Data/cnn-classes/optimal_laps/lap_0096_throttle_01.png,optimal_laps,0,96,10,12,throttle,1,../Data/image-data/session-10/throttle/Lap_12_Throttle hit_1.png,C:\Users\admin\Desktop\Summer Projects\F1\F1-Optimized-Cornering-Project\Data\image-data\session-10\throttle\Lap_12_Throttle hit_1.png,Data/image-data/session-10/throttle/Lap_12_Throttle hit_1.png,True,28053,28.053,none,1.030689001083374,2.7161760330200195,1.030689001083374,True,train
lap_0096_throttle_02,C:\Users\admin\Desktop\Summer Projects\F1\F1-Optimized-Cornering-Project\Data\cnn-classes\optimal_laps\lap_0096_throttle_02.png,Data/cnn-classes/optimal_laps/lap_0096_throttle_02.png,optimal_laps,0,96,10,12,throttle,2,../Data/image-data/session-10/throttle/Lap_12_Throttle hit_2.png,C:\Users\admin\Desktop\Summer Projects\F1\F1-Optimized-Cornering-Project\Data\image-data\session-10\throttle\Lap_12_Throttle hit_2.png,Data/image-data/session-10/throttle/Lap_12_Throttle hit_2.png,True,28053,28.053,none,1.030689001083374,2.7161760330200195,2.7161760330200195,True,train
lap_0097_brake_01,C:\Users\admin\Desktop\Summer Projects\F1\F1-Optimized-Cornering-Project\Data\cnn-classes\standard_laps\lap_0097_brake_01.png,Data/cnn-classes/standard_laps/lap_0097_brake_01.png,standard_laps,1,97,10,13,brake,1,../Data/image-data/session-10/brake/Lap_13_Brake hit_1.png,C:\Users\admin\Desktop\Summer Projects\F1\F1-Optimized-Cornering-Project\Data\image-data\session-10\brake\Lap_13_Brake hit_1.png,Data/image-data/session-10/brake/Lap_13_Brake hit_1.png,True,28439,28.439,none,1.5264620780944824,1.9940736293792725,1.5264620780944824,True,train
lap_0097_brake_02,C:\Users\admin\Desktop\Summer Projects\F1\F1-Optimized-Cornering-Project\Data\cnn-classes\standard_laps\lap_0097_brake_02.png,Data/cnn-classes/standard_laps/lap_0097_brake_02.png,standard_laps,1,97,10,13,brake,2,../Data/image-data/session-10/brake/Lap_13_Brake hit_2.png,C:\Users\admin\Desktop\Summer Projects\F1\F1-Optimized-Cornering-Project\Data\image-data\session-10\brake\Lap_13_Brake hit_2.png,Data/image-data/session-10/brake/Lap_13_Brake hit_2.png,True,28439,28.439,none,1.5264620780944824,1.9940736293792725,1.9940736293792725,True,train
lap_0097_throttle_01,C:\Users\admin\Desktop\Summer Projects\F1\F1-Optimized-Cornering-Project\Data\cnn-classes\standard_laps\lap_0097_throttle_01.png,Data/cnn-classes/standard_laps/lap_0097_throttle_01.png,standard_laps,1,97,10,13,throttle,1,../Data/image-data/session-10/throttle/Lap_13_Throttle hit_1.png,C:\Users\admin\Desktop\Summer Projects\F1\F1-Optimized-Cornering-Project\Data\image-data\session-10\throttle\Lap_13_Throttle hit_1.png,Data/image-data/session-10/throttle/Lap_13_Throttle hit_1.png,True,28439,28.439,none,1.5264620780944824,1.9940736293792725,1.5264620780944824,True,train
lap_0097_throttle_02,C:\Users\admin\Desktop\Summer Projects\F1\F1-Optimized-Cornering-Project\Data\cnn-classes\standard_laps\lap_0097_throttle_02.png,Data/cnn-classes/standard_laps/lap_0097_throttle_02.png,standard_laps,1,97,10,13,throttle,2,../Data/image-data/session-10/throttle/Lap_13_Throttle hit_2.png,C:\Users\admin\Desktop\Summer Projects\F1\F1-Optimized-Cornering-Project\Data\image-data\session-10\throttle\Lap_13_Throttle hit_2.png,Data/image-data/session-10/throttle/Lap_13_Throttle hit_2.png,True,28439,28.439,none,1.5264620780944824,1.9940736293792725,1.9940736293792725,True,train
lap_0098_brake_01,C:\Users\admin\Desktop\Summer Projects\F1\F1-Optimized-Cornering-Project\Data\cnn-classes\standard_laps\lap_0098_brake_01.png,Data/cnn-classes/standard_laps/lap_0098_brake_01.png,standard_laps,1,98,10,14,brake,1,../Data/image-data/session-10/brake/Lap_14_Brake hit_1.png,C:\Users\admin\Desktop\Summer Projects\F1\F1-Optimized-Cornering-Project\Data\image-data\session-10\brake\Lap_14_Brake hit_1.png,Data/image-data/session-10/brake/Lap_14_Brake hit_1.png,True,28401,28.401,none,1.6163814067840576,2.246284008026123,1.6163814067840576,True,train
lap_0098_brake_02,C:\Users\admin\Desktop\Summer Projects\F1\F1-Optimized-Cornering-Project\Data\cnn-classes\standard_laps\lap_0098_brake_02.png,Data/cnn-classes/standard_laps/lap_0098_brake_02.png,standard_laps,1,98,10,14,brake,2,../Data/image-data/session-10/brake/Lap_14_Brake hit_2.png,C:\Users\admin\Desktop\Summer Projects\F1\F1-Optimized-Cornering-Project\Data\image-data\session-10\brake\Lap_14_Brake hit_2.png,Data/image-data/session-10/brake/Lap_14_Brake hit_2.png,True,28401,28.401,none,1.6163814067840576,2.246284008026123,2.246284008026123,True,train
lap_0098_throttle_01,C:\Users\admin\Desktop\Summer Projects\F1\F1-Optimized-Cornering-Project\Data\cnn-classes\standard_laps\lap_0098_throttle_01.png,Data/cnn-classes/standard_laps/lap_0098_throttle_01.png,standard_laps,1,98,10,14,throttle,1,../Data/image-data/session-10/throttle/Lap_14_Throttle hit_1.png,C:\Users\admin\Desktop\Summer Projects\F1\F1-Optimized-Cornering-Project\Data\image-data\session-10\throttle\Lap_14_Throttle hit_1.png,Data/image-data/session-10/throttle/Lap_14_Throttle hit_1.png,True,28401,28.401,none,1.6163814067840576,2.246284008026123,1.6163814067840576,True,train
lap_0098_throttle_02,C:\Users\admin\Desktop\Summer Projects\F1\F1-Optimized-Cornering-Project\Data\cnn-classes\standard_laps\lap_0098_throttle_02.png,Data/cnn-classes/standard_laps/lap_0098_throttle_02.png,standard_laps,1,98,10,14,throttle,2,../Data/image-data/session-10/throttle/Lap_14_Throttle hit_2.png,C:\Users\admin\Desktop\Summer Projects\F1\F1-Optimized-Cornering-Project\Data\image-data\session-10\throttle\Lap_14_Throttle hit_2.png,Data/image-data/session-10/throttle/Lap_14_Throttle hit_2.png,True,28401,28.401,none,1.6163814067840576,2.246284008026123,2.246284008026123,True,train
lap_0099_brake_01,C:\Users\admin\Desktop\Summer Projects\F1\F1-Optimized-Cornering-Project\Data\cnn-classes\standard_laps\lap_0099_brake_01.png,Data/cnn-classes/standard_laps/lap_0099_brake_01.png,standard_laps,1,99,11,1,brake,1,../Data/image-data/session-11/brake/Lap_1_Brake hit_1.png,C:\Users\admin\Desktop\Summer Projects\F1\F1-Optimized-Cornering-Project\Data\image-data\session-11\brake\Lap_1_Brake hit_1.png,Data/image-data/session-11/brake/Lap_1_Brake hit_1.png,True,28407,28.407,none,1.061455011367798,2.881826162338257,1.061455011367798,True,validation
lap_0099_brake_02,C:\Users\admin\Desktop\Summer Projects\F1\F1-Optimized-Cornering-Project\Data\cnn-classes\standard_laps\lap_0099_brake_02.png,Data/cnn-classes/standard_laps/lap_0099_brake_02.png,standard_laps,1,99,11,1,brake,2,../Data/image-data/session-11/brake/Lap_1_Brake hit_2.png,C:\Users\admin\Desktop\Summer Projects\F1\F1-Optimized-Cornering-Project\Data\image-data\session-11\brake\Lap_1_Brake hit_2.png,Data/image-data/session-11/brake/Lap_1_Brake hit_2.png,True,28407,28.407,none,1.061455011367798,2.881826162338257,2.881826162338257,True,validation
lap_0099_throttle_01,C:\Users\admin\Desktop\Summer Projects\F1\F1-Optimized-Cornering-Project\Data\cnn-classes\standard_laps\lap_0099_throttle_01.png,Data/cnn-classes/standard_laps/lap_0099_throttle_01.png,standard_laps,1,99,11,1,throttle,1,../Data/image-data/session-11/throttle/Lap_1_Throttle hit_1.png,C:\Users\admin\Desktop\Summer Projects\F1\F1-Optimized-Cornering-Project\Data\image-data\session-11\throttle\Lap_1_Throttle hit_1.png,Data/image-data/session-11/throttle/Lap_1_Throttle hit_1.png,True,28407,28.407,none,1.061455011367798,2.881826162338257,1.061455011367798,True,validation
lap_0099_throttle_02,C:\Users\admin\Desktop\Summer Projects\F1\F1-Optimized-Cornering-Project\Data\cnn-classes\standard_laps\lap_0099_throttle_02.png,Data/cnn-classes/standard_laps/lap_0099_throttle_02.png,standard_laps,1,99,11,1,throttle,2,../Data/image-data/session-11/throttle/Lap_1_Throttle hit_2.png,C:\Users\admin\Desktop\Summer Projects\F1\F1-Optimized-Cornering-Project\Data\image-data\session-11\throttle\Lap_1_Throttle hit_2.png,Data/image-data/session-11/throttle/Lap_1_Throttle hit_2.png,True,28407,28.407,none,1.061455011367798,2.881826162338257,2.881826162338257,True,validation
lap_0100_brake_01,C:\Users\admin\Desktop\Summer Projects\F1\F1-Optimized-Cornering-Project\Data\cnn-classes\sub_standard_laps\lap_0100_brake_01.png,Data/cnn-classes/sub_standard_laps/lap_0100_brake_01.png,sub_standard_laps,2,100,11,2,brake,1,../Data/image-data/session-11/brake/Lap_2_Brake hit_1.png,C:\Users\admin\Desktop\Summer Projects\F1\F1-Optimized-Cornering-Project\Data\image-data\session-11\brake\Lap_2_Brake hit_1.png,Data/image-data/session-11/brake/Lap_2_Brake hit_1.png,True,28687,28.687,none,1.7636568546295166,2.6742584705352783,1.7636568546295166,True,validation
lap_0100_brake_02,C:\Users\admin\Desktop\Summer Projects\F1\F1-Optimized-Cornering-Project\Data\cnn-classes\sub_standard_laps\lap_0100_brake_02.png,Data/cnn-classes/sub_standard_laps/lap_0100_brake_02.png,sub_standard_laps,2,100,11,2,brake,2,../Data/image-data/session-11/brake/Lap_2_Brake hit_2.png,C:\Users\admin\Desktop\Summer Projects\F1\F1-Optimized-Cornering-Project\Data\image-data\session-11\brake\Lap_2_Brake hit_2.png,Data/image-data/session-11/brake/Lap_2_Brake hit_2.png,True,28687,28.687,none,1.7636568546295166,2.6742584705352783,2.6742584705352783,True,validation
lap_0100_throttle_01,C:\Users\admin\Desktop\Summer Projects\F1\F1-Optimized-Cornering-Project\Data\cnn-classes\sub_standard_laps\lap_0100_throttle_01.png,Data/cnn-classes/sub_standard_laps/lap_0100_throttle_01.png,sub_standard_laps,2,100,11,2,throttle,1,../Data/image-data/session-11/throttle/Lap_2_Throttle hit_1.png,C:\Users\admin\Desktop\Summer Projects\F1\F1-Optimized-Cornering-Project\Data\image-data\session-11\throttle\Lap_2_Throttle hit_1.png,Data/image-data/session-11/throttle/Lap_2_Throttle hit_1.png,True,28687,28.687,none,1.7636568546295166,2.6742584705352783,1.7636568546295166,True,validation
lap_0100_throttle_02,C:\Users\admin\Desktop\Summer Projects\F1\F1-Optimized-Cornering-Project\Data\cnn-classes\sub_standard_laps\lap_0100_throttle_02.png,Data/cnn-classes/sub_standard_laps/lap_0100_throttle_02.png,sub_standard_laps,2,100,11,2,throttle,2,../Data/image-data/session-11/throttle/Lap_2_Throttle hit_2.png,C:\Users\admin\Desktop\Summer Projects\F1\F1-Optimized-Cornering-Project\Data\image-data\session-11\throttle\Lap_2_Throttle hit_2.png,Data/image-data/session-11/throttle/Lap_2_Throttle hit_2.png,True,28687,28.687,none,1.7636568546295166,2.6742584705352783,2.6742584705352783,True,validation
lap_0102_brake_01,C:\Users\admin\Desktop\Summer Projects\F1\F1-Optimized-Cornering-Project\Data\cnn-classes\optimal_laps\lap_0102_brake_01.png,Data/cnn-classes/optimal_laps/lap_0102_brake_01.png,optimal_laps,0,102,11,4,brake,1,../Data/image-data/session-11/brake/Lap_4_Brake hit_1.png,C:\Users\admin\Desktop\Summer Projects\F1\F1-Optimized-Cornering-Project\Data\image-data\session-11\brake\Lap_4_Brake hit_1.png,Data/image-data/session-11/brake/Lap_4_Brake hit_1.png,True,28105,28.105,none,1.530237913131714,2.532409429550171,1.530237913131714,True,validation
lap_0102_brake_02,C:\Users\admin\Desktop\Summer Projects\F1\F1-Optimized-Cornering-Project\Data\cnn-classes\optimal_laps\lap_0102_brake_02.png,Data/cnn-classes/optimal_laps/lap_0102_brake_02.png,optimal_laps,0,102,11,4,brake,2,../Data/image-data/session-11/brake/Lap_4_Brake hit_2.png,C:\Users\admin\Desktop\Summer Projects\F1\F1-Optimized-Cornering-Project\Data\image-data\session-11\brake\Lap_4_Brake hit_2.png,Data/image-data/session-11/brake/Lap_4_Brake hit_2.png,True,28105,28.105,none,1.530237913131714,2.532409429550171,2.532409429550171,True,validation
lap_0102_throttle_01,C:\Users\admin\Desktop\Summer Projects\F1\F1-Optimized-Cornering-Project\Data\cnn-classes\optimal_laps\lap_0102_throttle_01.png,Data/cnn-classes/optimal_laps/lap_0102_throttle_01.png,optimal_laps,0,102,11,4,throttle,1,../Data/image-data/session-11/throttle/Lap_4_Throttle hit_1.png,C:\Users\admin\Desktop\Summer Projects\F1\F1-Optimized-Cornering-Project\Data\image-data\session-11\throttle\Lap_4_Throttle hit_1.png,Data/image-data/session-11/throttle/Lap_4_Throttle hit_1.png,True,28105,28.105,none,1.530237913131714,2.532409429550171,1.530237913131714,True,validation
lap_0102_throttle_02,C:\Users\admin\Desktop\Summer Projects\F1\F1-Optimized-Cornering-Project\Data\cnn-classes\optimal_laps\lap_0102_throttle_02.png,Data/cnn-classes/optimal_laps/lap_0102_throttle_02.png,optimal_laps,0,102,11,4,throttle,2,../Data/image-data/session-11/throttle/Lap_4_Throttle hit_2.png,C:\Users\admin\Desktop\Summer Projects\F1\F1-Optimized-Cornering-Project\Data\image-data\session-11\throttle\Lap_4_Throttle hit_2.png,Data/image-data/session-11/throttle/Lap_4_Throttle hit_2.png,True,28105,28.105,none,1.530237913131714,2.532409429550171,2.532409429550171,True,validation
lap_0104_brake_01,C:\Users\admin\Desktop\Summer Projects\F1\F1-Optimized-Cornering-Project\Data\cnn-classes\standard_laps\lap_0104_brake_01.png,Data/cnn-classes/standard_laps/lap_0104_brake_01.png,standard_laps,1,104,11,6,brake,1,../Data/image-data/session-11/brake/Lap_6_Brake hit_1.png,C:\Users\admin\Desktop\Summer Projects\F1\F1-Optimized-Cornering-Project\Data\image-data\session-11\brake\Lap_6_Brake hit_1.png,Data/image-data/session-11/brake/Lap_6_Brake hit_1.png,True,28625,28.625,none,1.137732744216919,2.716409683227539,1.137732744216919,True,validation
lap_0104_brake_02,C:\Users\admin\Desktop\Summer Projects\F1\F1-Optimized-Cornering-Project\Data\cnn-classes\standard_laps\lap_0104_brake_02.png,Data/cnn-classes/standard_laps/lap_0104_brake_02.png,standard_laps,1,104,11,6,brake,2,../Data/image-data/session-11/brake/Lap_6_Brake hit_2.png,C:\Users\admin\Desktop\Summer Projects\F1\F1-Optimized-Cornering-Project\Data\image-data\session-11\brake\Lap_6_Brake hit_2.png,Data/image-data/session-11/brake/Lap_6_Brake hit_2.png,True,28625,28.625,none,1.137732744216919,2.716409683227539,2.716409683227539,True,validation
lap_0104_throttle_01,C:\Users\admin\Desktop\Summer Projects\F1\F1-Optimized-Cornering-Project\Data\cnn-classes\standard_laps\lap_0104_throttle_01.png,Data/cnn-classes/standard_laps/lap_0104_throttle_01.png,standard_laps,1,104,11,6,throttle,1,../Data/image-data/session-11/throttle/Lap_6_Throttle hit_1.png,C:\Users\admin\Desktop\Summer Projects\F1\F1-Optimized-Cornering-Project\Data\image-data\session-11\throttle\Lap_6_Throttle hit_1.png,Data/image-data/session-11/throttle/Lap_6_Throttle hit_1.png,True,28625,28.625,none,1.137732744216919,2.716409683227539,1.137732744216919,True,validation
lap_0104_throttle_02,C:\Users\admin\Desktop\Summer Projects\F1\F1-Optimized-Cornering-Project\Data\cnn-classes\standard_laps\lap_0104_throttle_02.png,Data/cnn-classes/standard_laps/lap_0104_throttle_02.png,standard_laps,1,104,11,6,throttle,2,../Data/image-data/session-11/throttle/Lap_6_Throttle hit_2.png,C:\Users\admin\Desktop\Summer Projects\F1\F1-Optimized-Cornering-Project\Data\image-data\session-11\throttle\Lap_6_Throttle hit_2.png,Data/image-data/session-11/throttle/Lap_6_Throttle hit_2.png,True,28625,28.625,none,1.137732744216919,2.716409683227539,2.716409683227539,True,validation
lap_0105_brake_01,C:\Users\admin\Desktop\Summer Projects\F1\F1-Optimized-Cornering-Project\Data\cnn-classes\standard_laps\lap_0105_brake_01.png,Data/cnn-classes/standard_laps/lap_0105_brake_01.png,standard_laps,1,105,12,1,brake,1,../Data/image-data/session-12/brake/Lap_1_Brake hit_1.png,C:\Users\admin\Desktop\Summer Projects\F1\F1-Optimized-Cornering-Project\Data\image-data\session-12\brake\Lap_1_Brake hit_1.png,Data/image-data/session-12/brake/Lap_1_Brake hit_1.png,True,28282,28.282,none,1.4306564331054688,2.541292428970337,1.4306564331054688,True,validation
lap_0105_brake_02,C:\Users\admin\Desktop\Summer Projects\F1\F1-Optimized-Cornering-Project\Data\cnn-classes\standard_laps\lap_0105_brake_02.png,Data/cnn-classes/standard_laps/lap_0105_brake_02.png,standard_laps,1,105,12,1,brake,2,../Data/image-data/session-12/brake/Lap_1_Brake hit_2.png,C:\Users\admin\Desktop\Summer Projects\F1\F1-Optimized-Cornering-Project\Data\image-data\session-12\brake\Lap_1_Brake hit_2.png,Data/image-data/session-12/brake/Lap_1_Brake hit_2.png,True,28282,28.282,none,1.4306564331054688,2.541292428970337,2.541292428970337,True,validation
lap_0105_throttle_01,C:\Users\admin\Desktop\Summer Projects\F1\F1-Optimized-Cornering-Project\Data\cnn-classes\standard_laps\lap_0105_throttle_01.png,Data/cnn-classes/standard_laps/lap_0105_throttle_01.png,standard_laps,1,105,12,1,throttle,1,../Data/image-data/session-12/throttle/Lap_1_Throttle hit_1.png,C:\Users\admin\Desktop\Summer Projects\F1\F1-Optimized-Cornering-Project\Data\image-data\session-12\throttle\Lap_1_Throttle hit_1.png,Data/image-data/session-12/throttle/Lap_1_Throttle hit_1.png,True,28282,28.282,none,1.4306564331054688,2.541292428970337,1.4306564331054688,True,validation
lap_0105_throttle_02,C:\Users\admin\Desktop\Summer Projects\F1\F1-Optimized-Cornering-Project\Data\cnn-classes\standard_laps\lap_0105_throttle_02.png,Data/cnn-classes/standard_laps/lap_0105_throttle_02.png,standard_laps,1,105,12,1,throttle,2,../Data/image-data/session-12/throttle/Lap_1_Throttle hit_2.png,C:\Users\admin\Desktop\Summer Projects\F1\F1-Optimized-Cornering-Project\Data\image-data\session-12\throttle\Lap_1_Throttle hit_2.png,Data/image-data/session-12/throttle/Lap_1_Throttle hit_2.png,True,28282,28.282,none,1.4306564331054688,2.541292428970337,2.541292428970337,True,validation
lap_0107_brake_01,C:\Users\admin\Desktop\Summer Projects\F1\F1-Optimized-Cornering-Project\Data\cnn-classes\standard_laps\lap_0107_brake_01.png,Data/cnn-classes/standard_laps/lap_0107_brake_01.png,standard_laps,1,107,12,3,brake,1,../Data/image-data/session-12/brake/Lap_3_Brake hit_1.png,C:\Users\admin\Desktop\Summer Projects\F1\F1-Optimized-Cornering-Project\Data\image-data\session-12\brake\Lap_3_Brake hit_1.png,Data/image-data/session-12/brake/Lap_3_Brake hit_1.png,True,28336,28.336,none,1.378577470779419,2.3861327171325684,1.378577470779419,True,validation
lap_0107_brake_02,C:\Users\admin\Desktop\Summer Projects\F1\F1-Optimized-Cornering-Project\Data\cnn-classes\standard_laps\lap_0107_brake_02.png,Data/cnn-classes/standard_laps/lap_0107_brake_02.png,standard_laps,1,107,12,3,brake,2,../Data/image-data/session-12/brake/Lap_3_Brake hit_2.png,C:\Users\admin\Desktop\Summer Projects\F1\F1-Optimized-Cornering-Project\Data\image-data\session-12\brake\Lap_3_Brake hit_2.png,Data/image-data/session-12/brake/Lap_3_Brake hit_2.png,True,28336,28.336,none,1.378577470779419,2.3861327171325684,2.3861327171325684,True,validation
lap_0107_throttle_01,C:\Users\admin\Desktop\Summer Projects\F1\F1-Optimized-Cornering-Project\Data\cnn-classes\standard_laps\lap_0107_throttle_01.png,Data/cnn-classes/standard_laps/lap_0107_throttle_01.png,standard_laps,1,107,12,3,throttle,1,../Data/image-data/session-12/throttle/Lap_3_Throttle hit_1.png,C:\Users\admin\Desktop\Summer Projects\F1\F1-Optimized-Cornering-Project\Data\image-data\session-12\throttle\Lap_3_Throttle hit_1.png,Data/image-data/session-12/throttle/Lap_3_Throttle hit_1.png,True,28336,28.336,none,1.378577470779419,2.3861327171325684,1.378577470779419,True,validation
lap_0107_throttle_02,C:\Users\admin\Desktop\Summer Projects\F1\F1-Optimized-Cornering-Project\Data\cnn-classes\standard_laps\lap_0107_throttle_02.png,Data/cnn-classes/standard_laps/lap_0107_throttle_02.png,standard_laps,1,107,12,3,throttle,2,../Data/image-data/session-12/throttle/Lap_3_Throttle hit_2.png,C:\Users\admin\Desktop\Summer Projects\F1\F1-Optimized-Cornering-Project\Data\image-data\session-12\throttle\Lap_3_Throttle hit_2.png,Data/image-data/session-12/throttle/Lap_3_Throttle hit_2.png,True,28336,28.336,none,1.378577470779419,2.3861327171325684,2.3861327171325684,True,validation
lap_0108_brake_01,C:\Users\admin\Desktop\Summer Projects\F1\F1-Optimized-Cornering-Project\Data\cnn-classes\standard_laps\lap_0108_brake_01.png,Data/cnn-classes/standard_laps/lap_0108_brake_01.png,standard_laps,1,108,12,4,brake,1,../Data/image-data/session-12/brake/Lap_4_Brake hit_1.png,C:\Users\admin\Desktop\Summer Projects\F1\F1-Optimized-Cornering-Project\Data\image-data\session-12\brake\Lap_4_Brake hit_1.png,Data/image-data/session-12/brake/Lap_4_Brake hit_1.png,True,28228,28.228,none,1.0863780975341797,2.395291328430176,1.0863780975341797,True,validation
lap_0108_brake_02,C:\Users\admin\Desktop\Summer Projects\F1\F1-Optimized-Cornering-Project\Data\cnn-classes\standard_laps\lap_0108_brake_02.png,Data/cnn-classes/standard_laps/lap_0108_brake_02.png,standard_laps,1,108,12,4,brake,2,../Data/image-data/session-12/brake/Lap_4_Brake hit_2.png,C:\Users\admin\Desktop\Summer Projects\F1\F1-Optimized-Cornering-Project\Data\image-data\session-12\brake\Lap_4_Brake hit_2.png,Data/image-data/session-12/brake/Lap_4_Brake hit_2.png,True,28228,28.228,none,1.0863780975341797,2.395291328430176,2.395291328430176,True,validation
lap_0108_throttle_01,C:\Users\admin\Desktop\Summer Projects\F1\F1-Optimized-Cornering-Project\Data\cnn-classes\standard_laps\lap_0108_throttle_01.png,Data/cnn-classes/standard_laps/lap_0108_throttle_01.png,standard_laps,1,108,12,4,throttle,1,../Data/image-data/session-12/throttle/Lap_4_Throttle hit_1.png,C:\Users\admin\Desktop\Summer Projects\F1\F1-Optimized-Cornering-Project\Data\image-data\session-12\throttle\Lap_4_Throttle hit_1.png,Data/image-data/session-12/throttle/Lap_4_Throttle hit_1.png,True,28228,28.228,none,1.0863780975341797,2.395291328430176,1.0863780975341797,True,validation
lap_0108_throttle_02,C:\Users\admin\Desktop\Summer Projects\F1\F1-Optimized-Cornering-Project\Data\cnn-classes\standard_laps\lap_0108_throttle_02.png,Data/cnn-classes/standard_laps/lap_0108_throttle_02.png,standard_laps,1,108,12,4,throttle,2,../Data/image-data/session-12/throttle/Lap_4_Throttle hit_2.png,C:\Users\admin\Desktop\Summer Projects\F1\F1-Optimized-Cornering-Project\Data\image-data\session-12\throttle\Lap_4_Throttle hit_2.png,Data/image-data/session-12/throttle/Lap_4_Throttle hit_2.png,True,28228,28.228,none,1.0863780975341797,2.395291328430176,2.395291328430176,True,validation
lap_0109_brake_01,C:\Users\admin\Desktop\Summer Projects\F1\F1-Optimized-Cornering-Project\Data\cnn-classes\sub_standard_laps\lap_0109_brake_01.png,Data/cnn-classes/sub_standard_laps/lap_0109_brake_01.png,sub_standard_laps,2,109,12,5,brake,1,../Data/image-data/session-12/brake/Lap_5_Brake hit_1.png,C:\Users\admin\Desktop\Summer Projects\F1\F1-Optimized-Cornering-Project\Data\image-data\session-12\brake\Lap_5_Brake hit_1.png,Data/image-data/session-12/brake/Lap_5_Brake hit_1.png,True,28897,28.897,none,1.7046334743499756,2.3451573848724365,1.7046334743499756,True,validation
lap_0109_brake_02,C:\Users\admin\Desktop\Summer Projects\F1\F1-Optimized-Cornering-Project\Data\cnn-classes\sub_standard_laps\lap_0109_brake_02.png,Data/cnn-classes/sub_standard_laps/lap_0109_brake_02.png,sub_standard_laps,2,109,12,5,brake,2,../Data/image-data/session-12/brake/Lap_5_Brake hit_2.png,C:\Users\admin\Desktop\Summer Projects\F1\F1-Optimized-Cornering-Project\Data\image-data\session-12\brake\Lap_5_Brake hit_2.png,Data/image-data/session-12/brake/Lap_5_Brake hit_2.png,True,28897,28.897,none,1.7046334743499756,2.3451573848724365,2.3451573848724365,True,validation
lap_0109_throttle_01,C:\Users\admin\Desktop\Summer Projects\F1\F1-Optimized-Cornering-Project\Data\cnn-classes\sub_standard_laps\lap_0109_throttle_01.png,Data/cnn-classes/sub_standard_laps/lap_0109_throttle_01.png,sub_standard_laps,2,109,12,5,throttle,1,../Data/image-data/session-12/throttle/Lap_5_Throttle hit_1.png,C:\Users\admin\Desktop\Summer Projects\F1\F1-Optimized-Cornering-Project\Data\image-data\session-12\throttle\Lap_5_Throttle hit_1.png,Data/image-data/session-12/throttle/Lap_5_Throttle hit_1.png,True,28897,28.897,none,1.7046334743499756,2.3451573848724365,1.7046334743499756,True,validation
lap_0109_throttle_02,C:\Users\admin\Desktop\Summer Projects\F1\F1-Optimized-Cornering-Project\Data\cnn-classes\sub_standard_laps\lap_0109_throttle_02.png,Data/cnn-classes/sub_standard_laps/lap_0109_throttle_02.png,sub_standard_laps,2,109,12,5,throttle,2,../Data/image-data/session-12/throttle/Lap_5_Throttle hit_2.png,C:\Users\admin\Desktop\Summer Projects\F1\F1-Optimized-Cornering-Project\Data\image-data\session-12\throttle\Lap_5_Throttle hit_2.png,Data/image-data/session-12/throttle/Lap_5_Throttle hit_2.png,True,28897,28.897,none,1.7046334743499756,2.3451573848724365,2.3451573848724365,True,validation
lap_0110_brake_01,C:\Users\admin\Desktop\Summer Projects\F1\F1-Optimized-Cornering-Project\Data\cnn-classes\optimal_laps\lap_0110_brake_01.png,Data/cnn-classes/optimal_laps/lap_0110_brake_01.png,optimal_laps,0,110,12,6,brake,1,../Data/image-data/session-12/brake/Lap_6_Brake hit_1.png,C:\Users\admin\Desktop\Summer Projects\F1\F1-Optimized-Cornering-Project\Data\image-data\session-12\brake\Lap_6_Brake hit_1.png,Data/image-data/session-12/brake/Lap_6_Brake hit_1.png,True,27971,27.971,none,1.100811243057251,2.4422802925109863,1.100811243057251,True,validation
lap_0110_brake_02,C:\Users\admin\Desktop\Summer Projects\F1\F1-Optimized-Cornering-Project\Data\cnn-classes\optimal_laps\lap_0110_brake_02.png,Data/cnn-classes/optimal_laps/lap_0110_brake_02.png,optimal_laps,0,110,12,6,brake,2,../Data/image-data/session-12/brake/Lap_6_Brake hit_2.png,C:\Users\admin\Desktop\Summer Projects\F1\F1-Optimized-Cornering-Project\Data\image-data\session-12\brake\Lap_6_Brake hit_2.png,Data/image-data/session-12/brake/Lap_6_Brake hit_2.png,True,27971,27.971,none,1.100811243057251,2.4422802925109863,2.4422802925109863,True,validation
lap_0110_throttle_01,C:\Users\admin\Desktop\Summer Projects\F1\F1-Optimized-Cornering-Project\Data\cnn-classes\optimal_laps\lap_0110_throttle_01.png,Data/cnn-classes/optimal_laps/lap_0110_throttle_01.png,optimal_laps,0,110,12,6,throttle,1,../Data/image-data/session-12/throttle/Lap_6_Throttle hit_1.png,C:\Users\admin\Desktop\Summer Projects\F1\F1-Optimized-Cornering-Project\Data\image-data\session-12\throttle\Lap_6_Throttle hit_1.png,Data/image-data/session-12/throttle/Lap_6_Throttle hit_1.png,True,27971,27.971,none,1.100811243057251,2.4422802925109863,1.100811243057251,True,validation
lap_0110_throttle_02,C:\Users\admin\Desktop\Summer Projects\F1\F1-Optimized-Cornering-Project\Data\cnn-classes\optimal_laps\lap_0110_throttle_02.png,Data/cnn-classes/optimal_laps/lap_0110_throttle_02.png,optimal_laps,0,110,12,6,throttle,2,../Data/image-data/session-12/throttle/Lap_6_Throttle hit_2.png,C:\Users\admin\Desktop\Summer Projects\F1\F1-Optimized-Cornering-Project\Data\image-data\session-12\throttle\Lap_6_Throttle hit_2.png,Data/image-data/session-12/throttle/Lap_6_Throttle hit_2.png,True,27971,27.971,none,1.100811243057251,2.4422802925109863,2.4422802925109863,True,validation
lap_0112_brake_01,C:\Users\admin\Desktop\Summer Projects\F1\F1-Optimized-Cornering-Project\Data\cnn-classes\standard_laps\lap_0112_brake_01.png,Data/cnn-classes/standard_laps/lap_0112_brake_01.png,standard_laps,1,112,12,8,brake,1,../Data/image-data/session-12/brake/Lap_8_Brake hit_1.png,C:\Users\admin\Desktop\Summer Projects\F1\F1-Optimized-Cornering-Project\Data\image-data\session-12\brake\Lap_8_Brake hit_1.png,Data/image-data/session-12/brake/Lap_8_Brake hit_1.png,True,28432,28.432,none,1.529008388519287,2.435853719711304,1.529008388519287,True,validation
lap_0112_brake_02,C:\Users\admin\Desktop\Summer Projects\F1\F1-Optimized-Cornering-Project\Data\cnn-classes\standard_laps\lap_0112_brake_02.png,Data/cnn-classes/standard_laps/lap_0112_brake_02.png,standard_laps,1,112,12,8,brake,2,../Data/image-data/session-12/brake/Lap_8_Brake hit_2.png,C:\Users\admin\Desktop\Summer Projects\F1\F1-Optimized-Cornering-Project\Data\image-data\session-12\brake\Lap_8_Brake hit_2.png,Data/image-data/session-12/brake/Lap_8_Brake hit_2.png,True,28432,28.432,none,1.529008388519287,2.435853719711304,2.435853719711304,True,validation
lap_0112_throttle_01,C:\Users\admin\Desktop\Summer Projects\F1\F1-Optimized-Cornering-Project\Data\cnn-classes\standard_laps\lap_0112_throttle_01.png,Data/cnn-classes/standard_laps/lap_0112_throttle_01.png,standard_laps,1,112,12,8,throttle,1,../Data/image-data/session-12/throttle/Lap_8_Throttle hit_1.png,C:\Users\admin\Desktop\Summer Projects\F1\F1-Optimized-Cornering-Project\Data\image-data\session-12\throttle\Lap_8_Throttle hit_1.png,Data/image-data/session-12/throttle/Lap_8_Throttle hit_1.png,True,28432,28.432,none,1.529008388519287,2.435853719711304,1.529008388519287,True,validation
lap_0112_throttle_02,C:\Users\admin\Desktop\Summer Projects\F1\F1-Optimized-Cornering-Project\Data\cnn-classes\standard_laps\lap_0112_throttle_02.png,Data/cnn-classes/standard_laps/lap_0112_throttle_02.png,standard_laps,1,112,12,8,throttle,2,../Data/image-data/session-12/throttle/Lap_8_Throttle hit_2.png,C:\Users\admin\Desktop\Summer Projects\F1\F1-Optimized-Cornering-Project\Data\image-data\session-12\throttle\Lap_8_Throttle hit_2.png,Data/image-data/session-12/throttle/Lap_8_Throttle hit_2.png,True,28432,28.432,none,1.529008388519287,2.435853719711304,2.435853719711304,True,validation
lap_0113_brake_01,C:\Users\admin\Desktop\Summer Projects\F1\F1-Optimized-Cornering-Project\Data\cnn-classes\standard_laps\lap_0113_brake_01.png,Data/cnn-classes/standard_laps/lap_0113_brake_01.png,standard_laps,1,113,12,9,brake,1,../Data/image-data/session-12/brake/Lap_9_Brake hit_1.png,C:\Users\admin\Desktop\Summer Projects\F1\F1-Optimized-Cornering-Project\Data\image-data\session-12\brake\Lap_9_Brake hit_1.png,Data/image-data/session-12/brake/Lap_9_Brake hit_1.png,True,28294,28.294,none,1.3910863399505615,2.345015048980713,1.3910863399505615,True,validation
lap_0113_brake_02,C:\Users\admin\Desktop\Summer Projects\F1\F1-Optimized-Cornering-Project\Data\cnn-classes\standard_laps\lap_0113_brake_02.png,Data/cnn-classes/standard_laps/lap_0113_brake_02.png,standard_laps,1,113,12,9,brake,2,../Data/image-data/session-12/brake/Lap_9_Brake hit_2.png,C:\Users\admin\Desktop\Summer Projects\F1\F1-Optimized-Cornering-Project\Data\image-data\session-12\brake\Lap_9_Brake hit_2.png,Data/image-data/session-12/brake/Lap_9_Brake hit_2.png,True,28294,28.294,none,1.3910863399505615,2.345015048980713,2.345015048980713,True,validation
lap_0113_throttle_01,C:\Users\admin\Desktop\Summer Projects\F1\F1-Optimized-Cornering-Project\Data\cnn-classes\standard_laps\lap_0113_throttle_01.png,Data/cnn-classes/standard_laps/lap_0113_throttle_01.png,standard_laps,1,113,12,9,throttle,1,../Data/image-data/session-12/throttle/Lap_9_Throttle hit_1.png,C:\Users\admin\Desktop\Summer Projects\F1\F1-Optimized-Cornering-Project\Data\image-data\session-12\throttle\Lap_9_Throttle hit_1.png,Data/image-data/session-12/throttle/Lap_9_Throttle hit_1.png,True,28294,28.294,none,1.3910863399505615,2.345015048980713,1.3910863399505615,True,validation
lap_0113_throttle_02,C:\Users\admin\Desktop\Summer Projects\F1\F1-Optimized-Cornering-Project\Data\cnn-classes\standard_laps\lap_0113_throttle_02.png,Data/cnn-classes/standard_laps/lap_0113_throttle_02.png,standard_laps,1,113,12,9,throttle,2,../Data/image-data/session-12/throttle/Lap_9_Throttle hit_2.png,C:\Users\admin\Desktop\Summer Projects\F1\F1-Optimized-Cornering-Project\Data\image-data\session-12\throttle\Lap_9_Throttle hit_2.png,Data/image-data/session-12/throttle/Lap_9_Throttle hit_2.png,True,28294,28.294,none,1.3910863399505615,2.345015048980713,2.345015048980713,True,validation
lap_0114_brake_01,C:\Users\admin\Desktop\Summer Projects\F1\F1-Optimized-Cornering-Project\Data\cnn-classes\optimal_laps\lap_0114_brake_01.png,Data/cnn-classes/optimal_laps/lap_0114_brake_01.png,optimal_laps,0,114,12,10,brake,1,../Data/image-data/session-12/brake/Lap_10_Brake hit_1.png,C:\Users\admin\Desktop\Summer Projects\F1\F1-Optimized-Cornering-Project\Data\image-data\session-12\brake\Lap_10_Brake hit_1.png,Data/image-data/session-12/brake/Lap_10_Brake hit_1.png,True,27954,27.954,none,1.5470032691955566,2.1123170852661133,1.5470032691955566,True,validation
lap_0114_brake_02,C:\Users\admin\Desktop\Summer Projects\F1\F1-Optimized-Cornering-Project\Data\cnn-classes\optimal_laps\lap_0114_brake_02.png,Data/cnn-classes/optimal_laps/lap_0114_brake_02.png,optimal_laps,0,114,12,10,brake,2,../Data/image-data/session-12/brake/Lap_10_Brake hit_2.png,C:\Users\admin\Desktop\Summer Projects\F1\F1-Optimized-Cornering-Project\Data\image-data\session-12\brake\Lap_10_Brake hit_2.png,Data/image-data/session-12/brake/Lap_10_Brake hit_2.png,True,27954,27.954,none,1.5470032691955566,2.1123170852661133,2.1123170852661133,True,validation
lap_0114_throttle_01,C:\Users\admin\Desktop\Summer Projects\F1\F1-Optimized-Cornering-Project\Data\cnn-classes\optimal_laps\lap_0114_throttle_01.png,Data/cnn-classes/optimal_laps/lap_0114_throttle_01.png,optimal_laps,0,114,12,10,throttle,1,../Data/image-data/session-12/throttle/Lap_10_Throttle hit_1.png,C:\Users\admin\Desktop\Summer Projects\F1\F1-Optimized-Cornering-Project\Data\image-data\session-12\throttle\Lap_10_Throttle hit_1.png,Data/image-data/session-12/throttle/Lap_10_Throttle hit_1.png,True,27954,27.954,none,1.5470032691955566,2.1123170852661133,1.5470032691955566,True,validation
lap_0114_throttle_02,C:\Users\admin\Desktop\Summer Projects\F1\F1-Optimized-Cornering-Project\Data\cnn-classes\optimal_laps\lap_0114_throttle_02.png,Data/cnn-classes/optimal_laps/lap_0114_throttle_02.png,optimal_laps,0,114,12,10,throttle,2,../Data/image-data/session-12/throttle/Lap_10_Throttle hit_2.png,C:\Users\admin\Desktop\Summer Projects\F1\F1-Optimized-Cornering-Project\Data\image-data\session-12\throttle\Lap_10_Throttle hit_2.png,Data/image-data/session-12/throttle/Lap_10_Throttle hit_2.png,True,27954,27.954,none,1.5470032691955566,2.1123170852661133,2.1123170852661133,True,validation
lap_0115_brake_01,C:\Users\admin\Desktop\Summer Projects\F1\F1-Optimized-Cornering-Project\Data\cnn-classes\sub_standard_laps\lap_0115_brake_01.png,Data/cnn-classes/sub_standard_laps/lap_0115_brake_01.png,sub_standard_laps,2,115,13,1,brake,1,../Data/image-data/session-13/brake/Lap_1_Brake hit_1.png,C:\Users\admin\Desktop\Summer Projects\F1\F1-Optimized-Cornering-Project\Data\image-data\session-13\brake\Lap_1_Brake hit_1.png,Data/image-data/session-13/brake/Lap_1_Brake hit_1.png,True,29143,29.143,none,2.0748109817504883,2.171182870864868,2.0748109817504883,True,train
lap_0115_brake_02,C:\Users\admin\Desktop\Summer Projects\F1\F1-Optimized-Cornering-Project\Data\cnn-classes\sub_standard_laps\lap_0115_brake_02.png,Data/cnn-classes/sub_standard_laps/lap_0115_brake_02.png,sub_standard_laps,2,115,13,1,brake,2,../Data/image-data/session-13/brake/Lap_1_Brake hit_2.png,C:\Users\admin\Desktop\Summer Projects\F1\F1-Optimized-Cornering-Project\Data\image-data\session-13\brake\Lap_1_Brake hit_2.png,Data/image-data/session-13/brake/Lap_1_Brake hit_2.png,True,29143,29.143,none,2.0748109817504883,2.171182870864868,2.171182870864868,True,train
lap_0115_throttle_01,C:\Users\admin\Desktop\Summer Projects\F1\F1-Optimized-Cornering-Project\Data\cnn-classes\sub_standard_laps\lap_0115_throttle_01.png,Data/cnn-classes/sub_standard_laps/lap_0115_throttle_01.png,sub_standard_laps,2,115,13,1,throttle,1,../Data/image-data/session-13/throttle/Lap_1_Throttle hit_1.png,C:\Users\admin\Desktop\Summer Projects\F1\F1-Optimized-Cornering-Project\Data\image-data\session-13\throttle\Lap_1_Throttle hit_1.png,Data/image-data/session-13/throttle/Lap_1_Throttle hit_1.png,True,29143,29.143,none,2.0748109817504883,2.171182870864868,2.0748109817504883,True,train
lap_0115_throttle_02,C:\Users\admin\Desktop\Summer Projects\F1\F1-Optimized-Cornering-Project\Data\cnn-classes\sub_standard_laps\lap_0115_throttle_02.png,Data/cnn-classes/sub_standard_laps/lap_0115_throttle_02.png,sub_standard_laps,2,115,13,1,throttle,2,../Data/image-data/session-13/throttle/Lap_1_Throttle hit_2.png,C:\Users\admin\Desktop\Summer Projects\F1\F1-Optimized-Cornering-Project\Data\image-data\session-13\throttle\Lap_1_Throttle hit_2.png,Data/image-data/session-13/throttle/Lap_1_Throttle hit_2.png,True,29143,29.143,none,2.0748109817504883,2.171182870864868,2.171182870864868,True,train
lap_0116_brake_01,C:\Users\admin\Desktop\Summer Projects\F1\F1-Optimized-Cornering-Project\Data\cnn-classes\optimal_laps\lap_0116_brake_01.png,Data/cnn-classes/optimal_laps/lap_0116_brake_01.png,optimal_laps,0,116,13,2,brake,1,../Data/image-data/session-13/brake/Lap_2_Brake hit_1.png,C:\Users\admin\Desktop\Summer Projects\F1\F1-Optimized-Cornering-Project\Data\image-data\session-13\brake\Lap_2_Brake hit_1.png,Data/image-data/session-13/brake/Lap_2_Brake hit_1.png,True,28021,28.021,none,1.1826441287994385,2.214783906936645,1.1826441287994385,True,train
lap_0116_brake_02,C:\Users\admin\Desktop\Summer Projects\F1\F1-Optimized-Cornering-Project\Data\cnn-classes\optimal_laps\lap_0116_brake_02.png,Data/cnn-classes/optimal_laps/lap_0116_brake_02.png,optimal_laps,0,116,13,2,brake,2,../Data/image-data/session-13/brake/Lap_2_Brake hit_2.png,C:\Users\admin\Desktop\Summer Projects\F1\F1-Optimized-Cornering-Project\Data\image-data\session-13\brake\Lap_2_Brake hit_2.png,Data/image-data/session-13/brake/Lap_2_Brake hit_2.png,True,28021,28.021,none,1.1826441287994385,2.214783906936645,2.214783906936645,True,train
lap_0116_throttle_01,C:\Users\admin\Desktop\Summer Projects\F1\F1-Optimized-Cornering-Project\Data\cnn-classes\optimal_laps\lap_0116_throttle_01.png,Data/cnn-classes/optimal_laps/lap_0116_throttle_01.png,optimal_laps,0,116,13,2,throttle,1,../Data/image-data/session-13/throttle/Lap_2_Throttle hit_1.png,C:\Users\admin\Desktop\Summer Projects\F1\F1-Optimized-Cornering-Project\Data\image-data\session-13\throttle\Lap_2_Throttle hit_1.png,Data/image-data/session-13/throttle/Lap_2_Throttle hit_1.png,True,28021,28.021,none,1.1826441287994385,2.214783906936645,1.1826441287994385,True,train
lap_0116_throttle_02,C:\Users\admin\Desktop\Summer Projects\F1\F1-Optimized-Cornering-Project\Data\cnn-classes\optimal_laps\lap_0116_throttle_02.png,Data/cnn-classes/optimal_laps/lap_0116_throttle_02.png,optimal_laps,0,116,13,2,throttle,2,../Data/image-data/session-13/throttle/Lap_2_Throttle hit_2.png,C:\Users\admin\Desktop\Summer Projects\F1\F1-Optimized-Cornering-Project\Data\image-data\session-13\throttle\Lap_2_Throttle hit_2.png,Data/image-data/session-13/throttle/Lap_2_Throttle hit_2.png,True,28021,28.021,none,1.1826441287994385,2.214783906936645,2.214783906936645,True,train
lap_0117_brake_01,C:\Users\admin\Desktop\Summer Projects\F1\F1-Optimized-Cornering-Project\Data\cnn-classes\sub_standard_laps\lap_0117_brake_01.png,Data/cnn-classes/sub_standard_laps/lap_0117_brake_01.png,sub_standard_laps,2,117,13,3,brake,1,../Data/image-data/session-13/brake/Lap_3_Brake hit_1.png,C:\Users\admin\Desktop\Summer Projects\F1\F1-Optimized-Cornering-Project\Data\image-data\session-13\brake\Lap_3_Brake hit_1.png,Data/image-data/session-13/brake/Lap_3_Brake hit_1.png,True,29015,29.015,none,1.6333818435668943,2.8785462379455566,1.6333818435668943,True,train
lap_0117_brake_02,C:\Users\admin\Desktop\Summer Projects\F1\F1-Optimized-Cornering-Project\Data\cnn-classes\sub_standard_laps\lap_0117_brake_02.png,Data/cnn-classes/sub_standard_laps/lap_0117_brake_02.png,sub_standard_laps,2,117,13,3,brake,2,../Data/image-data/session-13/brake/Lap_3_Brake hit_2.png,C:\Users\admin\Desktop\Summer Projects\F1\F1-Optimized-Cornering-Project\Data\image-data\session-13\brake\Lap_3_Brake hit_2.png,Data/image-data/session-13/brake/Lap_3_Brake hit_2.png,True,29015,29.015,none,1.6333818435668943,2.8785462379455566,2.8785462379455566,True,train
lap_0117_throttle_01,C:\Users\admin\Desktop\Summer Projects\F1\F1-Optimized-Cornering-Project\Data\cnn-classes\sub_standard_laps\lap_0117_throttle_01.png,Data/cnn-classes/sub_standard_laps/lap_0117_throttle_01.png,sub_standard_laps,2,117,13,3,throttle,1,../Data/image-data/session-13/throttle/Lap_3_Throttle hit_1.png,C:\Users\admin\Desktop\Summer Projects\F1\F1-Optimized-Cornering-Project\Data\image-data\session-13\throttle\Lap_3_Throttle hit_1.png,Data/image-data/session-13/throttle/Lap_3_Throttle hit_1.png,True,29015,29.015,none,1.6333818435668943,2.8785462379455566,1.6333818435668943,True,train
lap_0117_throttle_02,C:\Users\admin\Desktop\Summer Projects\F1\F1-Optimized-Cornering-Project\Data\cnn-classes\sub_standard_laps\lap_0117_throttle_02.png,Data/cnn-classes/sub_standard_laps/lap_0117_throttle_02.png,sub_standard_laps,2,117,13,3,throttle,2,../Data/image-data/session-13/throttle/Lap_3_Throttle hit_2.png,C:\Users\admin\Desktop\Summer Projects\F1\F1-Optimized-Cornering-Project\Data\image-data\session-13\throttle\Lap_3_Throttle hit_2.png,Data/image-data/session-13/throttle/Lap_3_Throttle hit_2.png,True,29015,29.015,none,1.6333818435668943,2.8785462379455566,2.8785462379455566,True,train
lap_0118_brake_01,C:\Users\admin\Desktop\Summer Projects\F1\F1-Optimized-Cornering-Project\Data\cnn-classes\optimal_laps\lap_0118_brake_01.png,Data/cnn-classes/optimal_laps/lap_0118_brake_01.png,optimal_laps,0,118,13,4,brake,1,../Data/image-data/session-13/brake/Lap_4_Brake hit_1.png,C:\Users\admin\Desktop\Summer Projects\F1\F1-Optimized-Cornering-Project\Data\image-data\session-13\brake\Lap_4_Brake hit_1.png,Data/image-data/session-13/brake/Lap_4_Brake hit_1.png,True,28051,28.051,none,1.0624206066131592,2.3667945861816406,1.0624206066131592,True,train
lap_0118_brake_02,C:\Users\admin\Desktop\Summer Projects\F1\F1-Optimized-Cornering-Project\Data\cnn-classes\optimal_laps\lap_0118_brake_02.png,Data/cnn-classes/optimal_laps/lap_0118_brake_02.png,optimal_laps,0,118,13,4,brake,2,../Data/image-data/session-13/brake/Lap_4_Brake hit_2.png,C:\Users\admin\Desktop\Summer Projects\F1\F1-Optimized-Cornering-Project\Data\image-data\session-13\brake\Lap_4_Brake hit_2.png,Data/image-data/session-13/brake/Lap_4_Brake hit_2.png,True,28051,28.051,none,1.0624206066131592,2.3667945861816406,2.3667945861816406,True,train
lap_0118_throttle_01,C:\Users\admin\Desktop\Summer Projects\F1\F1-Optimized-Cornering-Project\Data\cnn-classes\optimal_laps\lap_0118_throttle_01.png,Data/cnn-classes/optimal_laps/lap_0118_throttle_01.png,optimal_laps,0,118,13,4,throttle,1,../Data/image-data/session-13/throttle/Lap_4_Throttle hit_1.png,C:\Users\admin\Desktop\Summer Projects\F1\F1-Optimized-Cornering-Project\Data\image-data\session-13\throttle\Lap_4_Throttle hit_1.png,Data/image-data/session-13/throttle/Lap_4_Throttle hit_1.png,True,28051,28.051,none,1.0624206066131592,2.3667945861816406,1.0624206066131592,True,train
lap_0118_throttle_02,C:\Users\admin\Desktop\Summer Projects\F1\F1-Optimized-Cornering-Project\Data\cnn-classes\optimal_laps\lap_0118_throttle_02.png,Data/cnn-classes/optimal_laps/lap_0118_throttle_02.png,optimal_laps,0,118,13,4,throttle,2,../Data/image-data/session-13/throttle/Lap_4_Throttle hit_2.png,C:\Users\admin\Desktop\Summer Projects\F1\F1-Optimized-Cornering-Project\Data\image-data\session-13\throttle\Lap_4_Throttle hit_2.png,Data/image-data/session-13/throttle/Lap_4_Throttle hit_2.png,True,28051,28.051,none,1.0624206066131592,2.3667945861816406,2.3667945861816406,True,train
lap_0119_brake_01,C:\Users\admin\Desktop\Summer Projects\F1\F1-Optimized-Cornering-Project\Data\cnn-classes\standard_laps\lap_0119_brake_01.png,Data/cnn-classes/standard_laps/lap_0119_brake_01.png,standard_laps,1,119,13,5,brake,1,../Data/image-data/session-13/brake/Lap_5_Brake hit_1.png,C:\Users\admin\Desktop\Summer Projects\F1\F1-Optimized-Cornering-Project\Data\image-data\session-13\brake\Lap_5_Brake hit_1.png,Data/image-data/session-13/brake/Lap_5_Brake hit_1.png,True,28150,28.15,none,1.1936335563659668,2.2159438133239746,1.1936335563659668,True,train
lap_0119_brake_02,C:\Users\admin\Desktop\Summer Projects\F1\F1-Optimized-Cornering-Project\Data\cnn-classes\standard_laps\lap_0119_brake_02.png,Data/cnn-classes/standard_laps/lap_0119_brake_02.png,standard_laps,1,119,13,5,brake,2,../Data/image-data/session-13/brake/Lap_5_Brake hit_2.png,C:\Users\admin\Desktop\Summer Projects\F1\F1-Optimized-Cornering-Project\Data\image-data\session-13\brake\Lap_5_Brake hit_2.png,Data/image-data/session-13/brake/Lap_5_Brake hit_2.png,True,28150,28.15,none,1.1936335563659668,2.2159438133239746,2.2159438133239746,True,train
lap_0119_throttle_01,C:\Users\admin\Desktop\Summer Projects\F1\F1-Optimized-Cornering-Project\Data\cnn-classes\standard_laps\lap_0119_throttle_01.png,Data/cnn-classes/standard_laps/lap_0119_throttle_01.png,standard_laps,1,119,13,5,throttle,1,../Data/image-data/session-13/throttle/Lap_5_Throttle hit_1.png,C:\Users\admin\Desktop\Summer Projects\F1\F1-Optimized-Cornering-Project\Data\image-data\session-13\throttle\Lap_5_Throttle hit_1.png,Data/image-data/session-13/throttle/Lap_5_Throttle hit_1.png,True,28150,28.15,none,1.1936335563659668,2.2159438133239746,1.1936335563659668,True,train
lap_0119_throttle_02,C:\Users\admin\Desktop\Summer Projects\F1\F1-Optimized-Cornering-Project\Data\cnn-classes\standard_laps\lap_0119_throttle_02.png,Data/cnn-classes/standard_laps/lap_0119_throttle_02.png,standard_laps,1,119,13,5,throttle,2,../Data/image-data/session-13/throttle/Lap_5_Throttle hit_2.png,C:\Users\admin\Desktop\Summer Projects\F1\F1-Optimized-Cornering-Project\Data\image-data\session-13\throttle\Lap_5_Throttle hit_2.png,Data/image-data/session-13/throttle/Lap_5_Throttle hit_2.png,True,28150,28.15,none,1.1936335563659668,2.2159438133239746,2.2159438133239746,True,train
lap_0121_brake_01,C:\Users\admin\Desktop\Summer Projects\F1\F1-Optimized-Cornering-Project\Data\cnn-classes\standard_laps\lap_0121_brake_01.png,Data/cnn-classes/standard_laps/lap_0121_brake_01.png,standard_laps,1,121,14,1,brake,1,../Data/image-data/session-14/brake/Lap_1_Brake hit_1.png,C:\Users\admin\Desktop\Summer Projects\F1\F1-Optimized-Cornering-Project\Data\image-data\session-14\brake\Lap_1_Brake hit_1.png,Data/image-data/session-14/brake/Lap_1_Brake hit_1.png,True,28393,28.393,none,1.576850175857544,2.273770332336426,1.576850175857544,True,test
lap_0121_brake_02,C:\Users\admin\Desktop\Summer Projects\F1\F1-Optimized-Cornering-Project\Data\cnn-classes\standard_laps\lap_0121_brake_02.png,Data/cnn-classes/standard_laps/lap_0121_brake_02.png,standard_laps,1,121,14,1,brake,2,../Data/image-data/session-14/brake/Lap_1_Brake hit_2.png,C:\Users\admin\Desktop\Summer Projects\F1\F1-Optimized-Cornering-Project\Data\image-data\session-14\brake\Lap_1_Brake hit_2.png,Data/image-data/session-14/brake/Lap_1_Brake hit_2.png,True,28393,28.393,none,1.576850175857544,2.273770332336426,2.273770332336426,True,test
lap_0121_throttle_01,C:\Users\admin\Desktop\Summer Projects\F1\F1-Optimized-Cornering-Project\Data\cnn-classes\standard_laps\lap_0121_throttle_01.png,Data/cnn-classes/standard_laps/lap_0121_throttle_01.png,standard_laps,1,121,14,1,throttle,1,../Data/image-data/session-14/throttle/Lap_1_Throttle hit_1.png,C:\Users\admin\Desktop\Summer Projects\F1\F1-Optimized-Cornering-Project\Data\image-data\session-14\throttle\Lap_1_Throttle hit_1.png,Data/image-data/session-14/throttle/Lap_1_Throttle hit_1.png,True,28393,28.393,none,1.576850175857544,2.273770332336426,1.576850175857544,True,test
lap_0121_throttle_02,C:\Users\admin\Desktop\Summer Projects\F1\F1-Optimized-Cornering-Project\Data\cnn-classes\standard_laps\lap_0121_throttle_02.png,Data/cnn-classes/standard_laps/lap_0121_throttle_02.png,standard_laps,1,121,14,1,throttle,2,../Data/image-data/session-14/throttle/Lap_1_Throttle hit_2.png,C:\Users\admin\Desktop\Summer Projects\F1\F1-Optimized-Cornering-Project\Data\image-data\session-14\throttle\Lap_1_Throttle hit_2.png,Data/image-data/session-14/throttle/Lap_1_Throttle hit_2.png,True,28393,28.393,none,1.576850175857544,2.273770332336426,2.273770332336426,True,test
lap_0122_brake_01,C:\Users\admin\Desktop\Summer Projects\F1\F1-Optimized-Cornering-Project\Data\cnn-classes\optimal_laps\lap_0122_brake_01.png,Data/cnn-classes/optimal_laps/lap_0122_brake_01.png,optimal_laps,0,122,14,2,brake,1,../Data/image-data/session-14/brake/Lap_2_Brake hit_1.png,C:\Users\admin\Desktop\Summer Projects\F1\F1-Optimized-Cornering-Project\Data\image-data\session-14\brake\Lap_2_Brake hit_1.png,Data/image-data/session-14/brake/Lap_2_Brake hit_1.png,True,27850,27.85,none,1.14101243019104,2.1484947204589844,1.14101243019104,True,test
lap_0122_brake_02,C:\Users\admin\Desktop\Summer Projects\F1\F1-Optimized-Cornering-Project\Data\cnn-classes\optimal_laps\lap_0122_brake_02.png,Data/cnn-classes/optimal_laps/lap_0122_brake_02.png,optimal_laps,0,122,14,2,brake,2,../Data/image-data/session-14/brake/Lap_2_Brake hit_2.png,C:\Users\admin\Desktop\Summer Projects\F1\F1-Optimized-Cornering-Project\Data\image-data\session-14\brake\Lap_2_Brake hit_2.png,Data/image-data/session-14/brake/Lap_2_Brake hit_2.png,True,27850,27.85,none,1.14101243019104,2.1484947204589844,2.1484947204589844,True,test
lap_0122_throttle_01,C:\Users\admin\Desktop\Summer Projects\F1\F1-Optimized-Cornering-Project\Data\cnn-classes\optimal_laps\lap_0122_throttle_01.png,Data/cnn-classes/optimal_laps/lap_0122_throttle_01.png,optimal_laps,0,122,14,2,throttle,1,../Data/image-data/session-14/throttle/Lap_2_Throttle hit_1.png,C:\Users\admin\Desktop\Summer Projects\F1\F1-Optimized-Cornering-Project\Data\image-data\session-14\throttle\Lap_2_Throttle hit_1.png,Data/image-data/session-14/throttle/Lap_2_Throttle hit_1.png,True,27850,27.85,none,1.14101243019104,2.1484947204589844,1.14101243019104,True,test
lap_0122_throttle_02,C:\Users\admin\Desktop\Summer Projects\F1\F1-Optimized-Cornering-Project\Data\cnn-classes\optimal_laps\lap_0122_throttle_02.png,Data/cnn-classes/optimal_laps/lap_0122_throttle_02.png,optimal_laps,0,122,14,2,throttle,2,../Data/image-data/session-14/throttle/Lap_2_Throttle hit_2.png,C:\Users\admin\Desktop\Summer Projects\F1\F1-Optimized-Cornering-Project\Data\image-data\session-14\throttle\Lap_2_Throttle hit_2.png,Data/image-data/session-14/throttle/Lap_2_Throttle hit_2.png,True,27850,27.85,none,1.14101243019104,2.1484947204589844,2.1484947204589844,True,test
lap_0125_brake_01,C:\Users\admin\Desktop\Summer Projects\F1\F1-Optimized-Cornering-Project\Data\cnn-classes\standard_laps\lap_0125_brake_01.png,Data/cnn-classes/standard_laps/lap_0125_brake_01.png,standard_laps,1,125,14,5,brake,1,../Data/image-data/session-14/brake/Lap_5_Brake hit_1.png,C:\Users\admin\Desktop\Summer Projects\F1\F1-Optimized-Cornering-Project\Data\image-data\session-14\brake\Lap_5_Brake hit_1.png,Data/image-data/session-14/brake/Lap_5_Brake hit_1.png,True,28146,28.146,none,1.3300001621246338,2.503305435180664,1.3300001621246338,True,test
lap_0125_brake_02,C:\Users\admin\Desktop\Summer Projects\F1\F1-Optimized-Cornering-Project\Data\cnn-classes\standard_laps\lap_0125_brake_02.png,Data/cnn-classes/standard_laps/lap_0125_brake_02.png,standard_laps,1,125,14,5,brake,2,../Data/image-data/session-14/brake/Lap_5_Brake hit_2.png,C:\Users\admin\Desktop\Summer Projects\F1\F1-Optimized-Cornering-Project\Data\image-data\session-14\brake\Lap_5_Brake hit_2.png,Data/image-data/session-14/brake/Lap_5_Brake hit_2.png,True,28146,28.146,none,1.3300001621246338,2.503305435180664,2.503305435180664,True,test
lap_0125_throttle_01,C:\Users\admin\Desktop\Summer Projects\F1\F1-Optimized-Cornering-Project\Data\cnn-classes\standard_laps\lap_0125_throttle_01.png,Data/cnn-classes/standard_laps/lap_0125_throttle_01.png,standard_laps,1,125,14,5,throttle,1,../Data/image-data/session-14/throttle/Lap_5_Throttle hit_1.png,C:\Users\admin\Desktop\Summer Projects\F1\F1-Optimized-Cornering-Project\Data\image-data\session-14\throttle\Lap_5_Throttle hit_1.png,Data/image-data/session-14/throttle/Lap_5_Throttle hit_1.png,True,28146,28.146,none,1.3300001621246338,2.503305435180664,1.3300001621246338,True,test
lap_0125_throttle_02,C:\Users\admin\Desktop\Summer Projects\F1\F1-Optimized-Cornering-Project\Data\cnn-classes\standard_laps\lap_0125_throttle_02.png,Data/cnn-classes/standard_laps/lap_0125_throttle_02.png,standard_laps,1,125,14,5,throttle,2,../Data/image-data/session-14/throttle/Lap_5_Throttle hit_2.png,C:\Users\admin\Desktop\Summer Projects\F1\F1-Optimized-Cornering-Project\Data\image-data\session-14\throttle\Lap_5_Throttle hit_2.png,Data/image-data/session-14/throttle/Lap_5_Throttle hit_2.png,True,28146,28.146,none,1.3300001621246338,2.503305435180664,2.503305435180664,True,test
lap_0126_brake_01,C:\Users\admin\Desktop\Summer Projects\F1\F1-Optimized-Cornering-Project\Data\cnn-classes\optimal_laps\lap_0126_brake_01.png,Data/cnn-classes/optimal_laps/lap_0126_brake_01.png,optimal_laps,0,126,14,6,brake,1,../Data/image-data/session-14/brake/Lap_6_Brake hit_1.png,C:\Users\admin\Desktop\Summer Projects\F1\F1-Optimized-Cornering-Project\Data\image-data\session-14\brake\Lap_6_Brake hit_1.png,Data/image-data/session-14/brake/Lap_6_Brake hit_1.png,True,27910,27.91,none,1.1693177223205566,2.464219331741333,1.1693177223205566,True,test
lap_0126_brake_02,C:\Users\admin\Desktop\Summer Projects\F1\F1-Optimized-Cornering-Project\Data\cnn-classes\optimal_laps\lap_0126_brake_02.png,Data/cnn-classes/optimal_laps/lap_0126_brake_02.png,optimal_laps,0,126,14,6,brake,2,../Data/image-data/session-14/brake/Lap_6_Brake hit_2.png,C:\Users\admin\Desktop\Summer Projects\F1\F1-Optimized-Cornering-Project\Data\image-data\session-14\brake\Lap_6_Brake hit_2.png,Data/image-data/session-14/brake/Lap_6_Brake hit_2.png,True,27910,27.91,none,1.1693177223205566,2.464219331741333,2.464219331741333,True,test
lap_0126_throttle_01,C:\Users\admin\Desktop\Summer Projects\F1\F1-Optimized-Cornering-Project\Data\cnn-classes\optimal_laps\lap_0126_throttle_01.png,Data/cnn-classes/optimal_laps/lap_0126_throttle_01.png,optimal_laps,0,126,14,6,throttle,1,../Data/image-data/session-14/throttle/Lap_6_Throttle hit_1.png,C:\Users\admin\Desktop\Summer Projects\F1\F1-Optimized-Cornering-Project\Data\image-data\session-14\throttle\Lap_6_Throttle hit_1.png,Data/image-data/session-14/throttle/Lap_6_Throttle hit_1.png,True,27910,27.91,none,1.1693177223205566,2.464219331741333,1.1693177223205566,True,test
lap_0126_throttle_02,C:\Users\admin\Desktop\Summer Projects\F1\F1-Optimized-Cornering-Project\Data\cnn-classes\optimal_laps\lap_0126_throttle_02.png,Data/cnn-classes/optimal_laps/lap_0126_throttle_02.png,optimal_laps,0,126,14,6,throttle,2,../Data/image-data/session-14/throttle/Lap_6_Throttle hit_2.png,C:\Users\admin\Desktop\Summer Projects\F1\F1-Optimized-Cornering-Project\Data\image-data\session-14\throttle\Lap_6_Throttle hit_2.png,Data/image-data/session-14/throttle/Lap_6_Throttle hit_2.png,True,27910,27.91,none,1.1693177223205566,2.464219331741333,2.464219331741333,True,test
lap_0127_brake_01,C:\Users\admin\Desktop\Summer Projects\F1\F1-Optimized-Cornering-Project\Data\cnn-classes\optimal_laps\lap_0127_brake_01.png,Data/cnn-classes/optimal_laps/lap_0127_brake_01.png,optimal_laps,0,127,14,7,brake,1,../Data/image-data/session-14/brake/Lap_7_Brake hit_1.png,C:\Users\admin\Desktop\Summer Projects\F1\F1-Optimized-Cornering-Project\Data\image-data\session-14\brake\Lap_7_Brake hit_1.png,Data/image-data/session-14/brake/Lap_7_Brake hit_1.png,True,28069,28.069,none,1.1325936317443848,1.8859882354736328,1.1325936317443848,True,test
lap_0127_brake_02,C:\Users\admin\Desktop\Summer Projects\F1\F1-Optimized-Cornering-Project\Data\cnn-classes\optimal_laps\lap_0127_brake_02.png,Data/cnn-classes/optimal_laps/lap_0127_brake_02.png,optimal_laps,0,127,14,7,brake,2,../Data/image-data/session-14/brake/Lap_7_Brake hit_2.png,C:\Users\admin\Desktop\Summer Projects\F1\F1-Optimized-Cornering-Project\Data\image-data\session-14\brake\Lap_7_Brake hit_2.png,Data/image-data/session-14/brake/Lap_7_Brake hit_2.png,True,28069,28.069,none,1.1325936317443848,1.8859882354736328,1.8859882354736328,True,test
lap_0127_throttle_01,C:\Users\admin\Desktop\Summer Projects\F1\F1-Optimized-Cornering-Project\Data\cnn-classes\optimal_laps\lap_0127_throttle_01.png,Data/cnn-classes/optimal_laps/lap_0127_throttle_01.png,optimal_laps,0,127,14,7,throttle,1,../Data/image-data/session-14/throttle/Lap_7_Throttle hit_1.png,C:\Users\admin\Desktop\Summer Projects\F1\F1-Optimized-Cornering-Project\Data\image-data\session-14\throttle\Lap_7_Throttle hit_1.png,Data/image-data/session-14/throttle/Lap_7_Throttle hit_1.png,True,28069,28.069,none,1.1325936317443848,1.8859882354736328,1.1325936317443848,True,test
lap_0127_throttle_02,C:\Users\admin\Desktop\Summer Projects\F1\F1-Optimized-Cornering-Project\Data\cnn-classes\optimal_laps\lap_0127_throttle_02.png,Data/cnn-classes/optimal_laps/lap_0127_throttle_02.png,optimal_laps,0,127,14,7,throttle,2,../Data/image-data/session-14/throttle/Lap_7_Throttle hit_2.png,C:\Users\admin\Desktop\Summer Projects\F1\F1-Optimized-Cornering-Project\Data\image-data\session-14\throttle\Lap_7_Throttle hit_2.png,Data/image-data/session-14/throttle/Lap_7_Throttle hit_2.png,True,28069,28.069,none,1.1325936317443848,1.8859882354736328,1.8859882354736328,True,test
lap_0128_brake_01,C:\Users\admin\Desktop\Summer Projects\F1\F1-Optimized-Cornering-Project\Data\cnn-classes\optimal_laps\lap_0128_brake_01.png,Data/cnn-classes/optimal_laps/lap_0128_brake_01.png,optimal_laps,0,128,14,8,brake,1,../Data/image-data/session-14/brake/Lap_8_Brake hit_1.png,C:\Users\admin\Desktop\Summer Projects\F1\F1-Optimized-Cornering-Project\Data\image-data\session-14\brake\Lap_8_Brake hit_1.png,Data/image-data/session-14/brake/Lap_8_Brake hit_1.png,True,27703,27.703,none,0.8788406848907471,2.425179243087769,0.8788406848907471,True,test
lap_0128_brake_02,C:\Users\admin\Desktop\Summer Projects\F1\F1-Optimized-Cornering-Project\Data\cnn-classes\optimal_laps\lap_0128_brake_02.png,Data/cnn-classes/optimal_laps/lap_0128_brake_02.png,optimal_laps,0,128,14,8,brake,2,../Data/image-data/session-14/brake/Lap_8_Brake hit_2.png,C:\Users\admin\Desktop\Summer Projects\F1\F1-Optimized-Cornering-Project\Data\image-data\session-14\brake\Lap_8_Brake hit_2.png,Data/image-data/session-14/brake/Lap_8_Brake hit_2.png,True,27703,27.703,none,0.8788406848907471,2.425179243087769,2.425179243087769,True,test
lap_0128_throttle_01,C:\Users\admin\Desktop\Summer Projects\F1\F1-Optimized-Cornering-Project\Data\cnn-classes\optimal_laps\lap_0128_throttle_01.png,Data/cnn-classes/optimal_laps/lap_0128_throttle_01.png,optimal_laps,0,128,14,8,throttle,1,../Data/image-data/session-14/throttle/Lap_8_Throttle hit_1.png,C:\Users\admin\Desktop\Summer Projects\F1\F1-Optimized-Cornering-Project\Data\image-data\session-14\throttle\Lap_8_Throttle hit_1.png,Data/image-data/session-14/throttle/Lap_8_Throttle hit_1.png,True,27703,27.703,none,0.8788406848907471,2.425179243087769,0.8788406848907471,True,test
lap_0128_throttle_02,C:\Users\admin\Desktop\Summer Projects\F1\F1-Optimized-Cornering-Project\Data\cnn-classes\optimal_laps\lap_0128_throttle_02.png,Data/cnn-classes/optimal_laps/lap_0128_throttle_02.png,optimal_laps,0,128,14,8,throttle,2,../Data/image-data/session-14/throttle/Lap_8_Throttle hit_2.png,C:\Users\admin\Desktop\Summer Projects\F1\F1-Optimized-Cornering-Project\Data\image-data\session-14\throttle\Lap_8_Throttle hit_2.png,Data/image-data/session-14/throttle/Lap_8_Throttle hit_2.png,True,27703,27.703,none,0.8788406848907471,2.425179243087769,2.425179243087769,True,test
lap_0130_brake_01,C:\Users\admin\Desktop\Summer Projects\F1\F1-Optimized-Cornering-Project\Data\cnn-classes\optimal_laps\lap_0130_brake_01.png,Data/cnn-classes/optimal_laps/lap_0130_brake_01.png,optimal_laps,0,130,14,10,brake,1,../Data/image-data/session-14/brake/Lap_10_Brake hit_1.png,C:\Users\admin\Desktop\Summer Projects\F1\F1-Optimized-Cornering-Project\Data\image-data\session-14\brake\Lap_10_Brake hit_1.png,Data/image-data/session-14/brake/Lap_10_Brake hit_1.png,True,28125,28.125,none,1.56168532371521,2.451832771301269,1.56168532371521,True,test
lap_0130_brake_02,C:\Users\admin\Desktop\Summer Projects\F1\F1-Optimized-Cornering-Project\Data\cnn-classes\optimal_laps\lap_0130_brake_02.png,Data/cnn-classes/optimal_laps/lap_0130_brake_02.png,optimal_laps,0,130,14,10,brake,2,../Data/image-data/session-14/brake/Lap_10_Brake hit_2.png,C:\Users\admin\Desktop\Summer Projects\F1\F1-Optimized-Cornering-Project\Data\image-data\session-14\brake\Lap_10_Brake hit_2.png,Data/image-data/session-14/brake/Lap_10_Brake hit_2.png,True,28125,28.125,none,1.56168532371521,2.451832771301269,2.451832771301269,True,test
lap_0130_throttle_01,C:\Users\admin\Desktop\Summer Projects\F1\F1-Optimized-Cornering-Project\Data\cnn-classes\optimal_laps\lap_0130_throttle_01.png,Data/cnn-classes/optimal_laps/lap_0130_throttle_01.png,optimal_laps,0,130,14,10,throttle,1,../Data/image-data/session-14/throttle/Lap_10_Throttle hit_1.png,C:\Users\admin\Desktop\Summer Projects\F1\F1-Optimized-Cornering-Project\Data\image-data\session-14\throttle\Lap_10_Throttle hit_1.png,Data/image-data/session-14/throttle/Lap_10_Throttle hit_1.png,True,28125,28.125,none,1.56168532371521,2.451832771301269,1.56168532371521,True,test
lap_0130_throttle_02,C:\Users\admin\Desktop\Summer Projects\F1\F1-Optimized-Cornering-Project\Data\cnn-classes\optimal_laps\lap_0130_throttle_02.png,Data/cnn-classes/optimal_laps/lap_0130_throttle_02.png,optimal_laps,0,130,14,10,throttle,2,../Data/image-data/session-14/throttle/Lap_10_Throttle hit_2.png,C:\Users\admin\Desktop\Summer Projects\F1\F1-Optimized-Cornering-Project\Data\image-data\session-14\throttle\Lap_10_Throttle hit_2.png,Data/image-data/session-14/throttle/Lap_10_Throttle hit_2.png,True,28125,28.125,none,1.56168532371521,2.451832771301269,2.451832771301269,True,test
lap_0131_brake_01,C:\Users\admin\Desktop\Summer Projects\F1\F1-Optimized-Cornering-Project\Data\cnn-classes\optimal_laps\lap_0131_brake_01.png,Data/cnn-classes/optimal_laps/lap_0131_brake_01.png,optimal_laps,0,131,15,1,brake,1,../Data/image-data/session-15/brake/Lap_1_Brake hit_1.png,C:\Users\admin\Desktop\Summer Projects\F1\F1-Optimized-Cornering-Project\Data\image-data\session-15\brake\Lap_1_Brake hit_1.png,Data/image-data/session-15/brake/Lap_1_Brake hit_1.png,True,27978,27.978,none,1.3793318271636963,2.173051357269287,1.3793318271636963,True,train
lap_0131_brake_02,C:\Users\admin\Desktop\Summer Projects\F1\F1-Optimized-Cornering-Project\Data\cnn-classes\optimal_laps\lap_0131_brake_02.png,Data/cnn-classes/optimal_laps/lap_0131_brake_02.png,optimal_laps,0,131,15,1,brake,2,../Data/image-data/session-15/brake/Lap_1_Brake hit_2.png,C:\Users\admin\Desktop\Summer Projects\F1\F1-Optimized-Cornering-Project\Data\image-data\session-15\brake\Lap_1_Brake hit_2.png,Data/image-data/session-15/brake/Lap_1_Brake hit_2.png,True,27978,27.978,none,1.3793318271636963,2.173051357269287,2.173051357269287,True,train
lap_0131_throttle_01,C:\Users\admin\Desktop\Summer Projects\F1\F1-Optimized-Cornering-Project\Data\cnn-classes\optimal_laps\lap_0131_throttle_01.png,Data/cnn-classes/optimal_laps/lap_0131_throttle_01.png,optimal_laps,0,131,15,1,throttle,1,../Data/image-data/session-15/throttle/Lap_1_Throttle hit_1.png,C:\Users\admin\Desktop\Summer Projects\F1\F1-Optimized-Cornering-Project\Data\image-data\session-15\throttle\Lap_1_Throttle hit_1.png,Data/image-data/session-15/throttle/Lap_1_Throttle hit_1.png,True,27978,27.978,none,1.3793318271636963,2.173051357269287,1.3793318271636963,True,train
lap_0131_throttle_02,C:\Users\admin\Desktop\Summer Projects\F1\F1-Optimized-Cornering-Project\Data\cnn-classes\optimal_laps\lap_0131_throttle_02.png,Data/cnn-classes/optimal_laps/lap_0131_throttle_02.png,optimal_laps,0,131,15,1,throttle,2,../Data/image-data/session-15/throttle/Lap_1_Throttle hit_2.png,C:\Users\admin\Desktop\Summer Projects\F1\F1-Optimized-Cornering-Project\Data\image-data\session-15\throttle\Lap_1_Throttle hit_2.png,Data/image-data/session-15/throttle/Lap_1_Throttle hit_2.png,True,27978,27.978,none,1.3793318271636963,2.173051357269287,2.173051357269287,True,train
lap_0132_brake_01,C:\Users\admin\Desktop\Summer Projects\F1\F1-Optimized-Cornering-Project\Data\cnn-classes\standard_laps\lap_0132_brake_01.png,Data/cnn-classes/standard_laps/lap_0132_brake_01.png,standard_laps,1,132,15,2,brake,1,../Data/image-data/session-15/brake/Lap_2_Brake hit_1.png,C:\Users\admin\Desktop\Summer Projects\F1\F1-Optimized-Cornering-Project\Data\image-data\session-15\brake\Lap_2_Brake hit_1.png,Data/image-data/session-15/brake/Lap_2_Brake hit_1.png,True,28169,28.169,none,1.312878131866455,2.573983907699585,1.312878131866455,True,train
lap_0132_brake_02,C:\Users\admin\Desktop\Summer Projects\F1\F1-Optimized-Cornering-Project\Data\cnn-classes\standard_laps\lap_0132_brake_02.png,Data/cnn-classes/standard_laps/lap_0132_brake_02.png,standard_laps,1,132,15,2,brake,2,../Data/image-data/session-15/brake/Lap_2_Brake hit_2.png,C:\Users\admin\Desktop\Summer Projects\F1\F1-Optimized-Cornering-Project\Data\image-data\session-15\brake\Lap_2_Brake hit_2.png,Data/image-data/session-15/brake/Lap_2_Brake hit_2.png,True,28169,28.169,none,1.312878131866455,2.573983907699585,2.573983907699585,True,train
lap_0132_throttle_01,C:\Users\admin\Desktop\Summer Projects\F1\F1-Optimized-Cornering-Project\Data\cnn-classes\standard_laps\lap_0132_throttle_01.png,Data/cnn-classes/standard_laps/lap_0132_throttle_01.png,standard_laps,1,132,15,2,throttle,1,../Data/image-data/session-15/throttle/Lap_2_Throttle hit_1.png,C:\Users\admin\Desktop\Summer Projects\F1\F1-Optimized-Cornering-Project\Data\image-data\session-15\throttle\Lap_2_Throttle hit_1.png,Data/image-data/session-15/throttle/Lap_2_Throttle hit_1.png,True,28169,28.169,none,1.312878131866455,2.573983907699585,1.312878131866455,True,train
lap_0132_throttle_02,C:\Users\admin\Desktop\Summer Projects\F1\F1-Optimized-Cornering-Project\Data\cnn-classes\standard_laps\lap_0132_throttle_02.png,Data/cnn-classes/standard_laps/lap_0132_throttle_02.png,standard_laps,1,132,15,2,throttle,2,../Data/image-data/session-15/throttle/Lap_2_Throttle hit_2.png,C:\Users\admin\Desktop\Summer Projects\F1\F1-Optimized-Cornering-Project\Data\image-data\session-15\throttle\Lap_2_Throttle hit_2.png,Data/image-data/session-15/throttle/Lap_2_Throttle hit_2.png,True,28169,28.169,none,1.312878131866455,2.573983907699585,2.573983907699585,True,train
lap_0133_brake_01,C:\Users\admin\Desktop\Summer Projects\F1\F1-Optimized-Cornering-Project\Data\cnn-classes\sub_standard_laps\lap_0133_brake_01.png,Data/cnn-classes/sub_standard_laps/lap_0133_brake_01.png,sub_standard_laps,2,133,15,3,brake,1,../Data/image-data/session-15/brake/Lap_3_Brake hit_1.png,C:\Users\admin\Desktop\Summer Projects\F1\F1-Optimized-Cornering-Project\Data\image-data\session-15\brake\Lap_3_Brake hit_1.png,Data/image-data/session-15/brake/Lap_3_Brake hit_1.png,True,28655,28.655,none,1.298229694366455,2.471551418304444,1.298229694366455,True,train
lap_0133_brake_02,C:\Users\admin\Desktop\Summer Projects\F1\F1-Optimized-Cornering-Project\Data\cnn-classes\sub_standard_laps\lap_0133_brake_02.png,Data/cnn-classes/sub_standard_laps/lap_0133_brake_02.png,sub_standard_laps,2,133,15,3,brake,2,../Data/image-data/session-15/brake/Lap_3_Brake hit_2.png,C:\Users\admin\Desktop\Summer Projects\F1\F1-Optimized-Cornering-Project\Data\image-data\session-15\brake\Lap_3_Brake hit_2.png,Data/image-data/session-15/brake/Lap_3_Brake hit_2.png,True,28655,28.655,none,1.298229694366455,2.471551418304444,2.471551418304444,True,train
lap_0133_throttle_01,C:\Users\admin\Desktop\Summer Projects\F1\F1-Optimized-Cornering-Project\Data\cnn-classes\sub_standard_laps\lap_0133_throttle_01.png,Data/cnn-classes/sub_standard_laps/lap_0133_throttle_01.png,sub_standard_laps,2,133,15,3,throttle,1,../Data/image-data/session-15/throttle/Lap_3_Throttle hit_1.png,C:\Users\admin\Desktop\Summer Projects\F1\F1-Optimized-Cornering-Project\Data\image-data\session-15\throttle\Lap_3_Throttle hit_1.png,Data/image-data/session-15/throttle/Lap_3_Throttle hit_1.png,True,28655,28.655,none,1.298229694366455,2.471551418304444,1.298229694366455,True,train
lap_0133_throttle_02,C:\Users\admin\Desktop\Summer Projects\F1\F1-Optimized-Cornering-Project\Data\cnn-classes\sub_standard_laps\lap_0133_throttle_02.png,Data/cnn-classes/sub_standard_laps/lap_0133_throttle_02.png,sub_standard_laps,2,133,15,3,throttle,2,../Data/image-data/session-15/throttle/Lap_3_Throttle hit_2.png,C:\Users\admin\Desktop\Summer Projects\F1\F1-Optimized-Cornering-Project\Data\image-data\session-15\throttle\Lap_3_Throttle hit_2.png,Data/image-data/session-15/throttle/Lap_3_Throttle hit_2.png,True,28655,28.655,none,1.298229694366455,2.471551418304444,2.471551418304444,True,train
lap_0134_brake_01,C:\Users\admin\Desktop\Summer Projects\F1\F1-Optimized-Cornering-Project\Data\cnn-classes\standard_laps\lap_0134_brake_01.png,Data/cnn-classes/standard_laps/lap_0134_brake_01.png,standard_laps,1,134,15,4,brake,1,../Data/image-data/session-15/brake/Lap_4_Brake hit_1.png,C:\Users\admin\Desktop\Summer Projects\F1\F1-Optimized-Cornering-Project\Data\image-data\session-15\brake\Lap_4_Brake hit_1.png,Data/image-data/session-15/brake/Lap_4_Brake hit_1.png,True,28504,28.504,none,1.6262493133544922,2.319459915161133,1.6262493133544922,True,train
lap_0134_brake_02,C:\Users\admin\Desktop\Summer Projects\F1\F1-Optimized-Cornering-Project\Data\cnn-classes\standard_laps\lap_0134_brake_02.png,Data/cnn-classes/standard_laps/lap_0134_brake_02.png,standard_laps,1,134,15,4,brake,2,../Data/image-data/session-15/brake/Lap_4_Brake hit_2.png,C:\Users\admin\Desktop\Summer Projects\F1\F1-Optimized-Cornering-Project\Data\image-data\session-15\brake\Lap_4_Brake hit_2.png,Data/image-data/session-15/brake/Lap_4_Brake hit_2.png,True,28504,28.504,none,1.6262493133544922,2.319459915161133,2.319459915161133,True,train
lap_0134_throttle_01,C:\Users\admin\Desktop\Summer Projects\F1\F1-Optimized-Cornering-Project\Data\cnn-classes\standard_laps\lap_0134_throttle_01.png,Data/cnn-classes/standard_laps/lap_0134_throttle_01.png,standard_laps,1,134,15,4,throttle,1,../Data/image-data/session-15/throttle/Lap_4_Throttle hit_1.png,C:\Users\admin\Desktop\Summer Projects\F1\F1-Optimized-Cornering-Project\Data\image-data\session-15\throttle\Lap_4_Throttle hit_1.png,Data/image-data/session-15/throttle/Lap_4_Throttle hit_1.png,True,28504,28.504,none,1.6262493133544922,2.319459915161133,1.6262493133544922,True,train
lap_0134_throttle_02,C:\Users\admin\Desktop\Summer Projects\F1\F1-Optimized-Cornering-Project\Data\cnn-classes\standard_laps\lap_0134_throttle_02.png,Data/cnn-classes/standard_laps/lap_0134_throttle_02.png,standard_laps,1,134,15,4,throttle,2,../Data/image-data/session-15/throttle/Lap_4_Throttle hit_2.png,C:\Users\admin\Desktop\Summer Projects\F1\F1-Optimized-Cornering-Project\Data\image-data\session-15\throttle\Lap_4_Throttle hit_2.png,Data/image-data/session-15/throttle/Lap_4_Throttle hit_2.png,True,28504,28.504,none,1.6262493133544922,2.319459915161133,2.319459915161133,True,train
lap_0136_brake_01,C:\Users\admin\Desktop\Summer Projects\F1\F1-Optimized-Cornering-Project\Data\cnn-classes\standard_laps\lap_0136_brake_01.png,Data/cnn-classes/standard_laps/lap_0136_brake_01.png,standard_laps,1,136,15,6,brake,1,../Data/image-data/session-15/brake/Lap_6_Brake hit_1.png,C:\Users\admin\Desktop\Summer Projects\F1\F1-Optimized-Cornering-Project\Data\image-data\session-15\brake\Lap_6_Brake hit_1.png,Data/image-data/session-15/brake/Lap_6_Brake hit_1.png,True,28217,28.217,none,1.6334683895111084,1.970733642578125,1.6334683895111084,True,train
lap_0136_brake_02,C:\Users\admin\Desktop\Summer Projects\F1\F1-Optimized-Cornering-Project\Data\cnn-classes\standard_laps\lap_0136_brake_02.png,Data/cnn-classes/standard_laps/lap_0136_brake_02.png,standard_laps,1,136,15,6,brake,2,../Data/image-data/session-15/brake/Lap_6_Brake hit_2.png,C:\Users\admin\Desktop\Summer Projects\F1\F1-Optimized-Cornering-Project\Data\image-data\session-15\brake\Lap_6_Brake hit_2.png,Data/image-data/session-15/brake/Lap_6_Brake hit_2.png,True,28217,28.217,none,1.6334683895111084,1.970733642578125,1.970733642578125,True,train
lap_0136_throttle_01,C:\Users\admin\Desktop\Summer Projects\F1\F1-Optimized-Cornering-Project\Data\cnn-classes\standard_laps\lap_0136_throttle_01.png,Data/cnn-classes/standard_laps/lap_0136_throttle_01.png,standard_laps,1,136,15,6,throttle,1,../Data/image-data/session-15/throttle/Lap_6_Throttle hit_1.png,C:\Users\admin\Desktop\Summer Projects\F1\F1-Optimized-Cornering-Project\Data\image-data\session-15\throttle\Lap_6_Throttle hit_1.png,Data/image-data/session-15/throttle/Lap_6_Throttle hit_1.png,True,28217,28.217,none,1.6334683895111084,1.970733642578125,1.6334683895111084,True,train
lap_0136_throttle_02,C:\Users\admin\Desktop\Summer Projects\F1\F1-Optimized-Cornering-Project\Data\cnn-classes\standard_laps\lap_0136_throttle_02.png,Data/cnn-classes/standard_laps/lap_0136_throttle_02.png,standard_laps,1,136,15,6,throttle,2,../Data/image-data/session-15/throttle/Lap_6_Throttle hit_2.png,C:\Users\admin\Desktop\Summer Projects\F1\F1-Optimized-Cornering-Project\Data\image-data\session-15\throttle\Lap_6_Throttle hit_2.png,Data/image-data/session-15/throttle/Lap_6_Throttle hit_2.png,True,28217,28.217,none,1.6334683895111084,1.970733642578125,1.970733642578125,True,train
lap_0138_brake_01,C:\Users\admin\Desktop\Summer Projects\F1\F1-Optimized-Cornering-Project\Data\cnn-classes\standard_laps\lap_0138_brake_01.png,Data/cnn-classes/standard_laps/lap_0138_brake_01.png,standard_laps,1,138,16,1,brake,1,../Data/image-data/session-16/brake/Lap_1_Brake hit_1.png,C:\Users\admin\Desktop\Summer Projects\F1\F1-Optimized-Cornering-Project\Data\image-data\session-16\brake\Lap_1_Brake hit_1.png,Data/image-data/session-16/brake/Lap_1_Brake hit_1.png,True,28283,28.283,none,1.4127933979034424,2.546724319458008,1.4127933979034424,True,train
lap_0138_brake_02,C:\Users\admin\Desktop\Summer Projects\F1\F1-Optimized-Cornering-Project\Data\cnn-classes\standard_laps\lap_0138_brake_02.png,Data/cnn-classes/standard_laps/lap_0138_brake_02.png,standard_laps,1,138,16,1,brake,2,../Data/image-data/session-16/brake/Lap_1_Brake hit_2.png,C:\Users\admin\Desktop\Summer Projects\F1\F1-Optimized-Cornering-Project\Data\image-data\session-16\brake\Lap_1_Brake hit_2.png,Data/image-data/session-16/brake/Lap_1_Brake hit_2.png,True,28283,28.283,none,1.4127933979034424,2.546724319458008,2.546724319458008,True,train
lap_0138_throttle_01,C:\Users\admin\Desktop\Summer Projects\F1\F1-Optimized-Cornering-Project\Data\cnn-classes\standard_laps\lap_0138_throttle_01.png,Data/cnn-classes/standard_laps/lap_0138_throttle_01.png,standard_laps,1,138,16,1,throttle,1,../Data/image-data/session-16/throttle/Lap_1_Throttle hit_1.png,C:\Users\admin\Desktop\Summer Projects\F1\F1-Optimized-Cornering-Project\Data\image-data\session-16\throttle\Lap_1_Throttle hit_1.png,Data/image-data/session-16/throttle/Lap_1_Throttle hit_1.png,True,28283,28.283,none,1.4127933979034424,2.546724319458008,1.4127933979034424,True,train
lap_0138_throttle_02,C:\Users\admin\Desktop\Summer Projects\F1\F1-Optimized-Cornering-Project\Data\cnn-classes\standard_laps\lap_0138_throttle_02.png,Data/cnn-classes/standard_laps/lap_0138_throttle_02.png,standard_laps,1,138,16,1,throttle,2,../Data/image-data/session-16/throttle/Lap_1_Throttle hit_2.png,C:\Users\admin\Desktop\Summer Projects\F1\F1-Optimized-Cornering-Project\Data\image-data\session-16\throttle\Lap_1_Throttle hit_2.png,Data/image-data/session-16/throttle/Lap_1_Throttle hit_2.png,True,28283,28.283,none,1.4127933979034424,2.546724319458008,2.546724319458008,True,train
lap_0139_brake_01,C:\Users\admin\Desktop\Summer Projects\F1\F1-Optimized-Cornering-Project\Data\cnn-classes\standard_laps\lap_0139_brake_01.png,Data/cnn-classes/standard_laps/lap_0139_brake_01.png,standard_laps,1,139,16,2,brake,1,../Data/image-data/session-16/brake/Lap_2_Brake hit_1.png,C:\Users\admin\Desktop\Summer Projects\F1\F1-Optimized-Cornering-Project\Data\image-data\session-16\brake\Lap_2_Brake hit_1.png,Data/image-data/session-16/brake/Lap_2_Brake hit_1.png,True,28204,28.204,none,1.2570841312408447,2.1665046215057373,1.2570841312408447,True,train
lap_0139_brake_02,C:\Users\admin\Desktop\Summer Projects\F1\F1-Optimized-Cornering-Project\Data\cnn-classes\standard_laps\lap_0139_brake_02.png,Data/cnn-classes/standard_laps/lap_0139_brake_02.png,standard_laps,1,139,16,2,brake,2,../Data/image-data/session-16/brake/Lap_2_Brake hit_2.png,C:\Users\admin\Desktop\Summer Projects\F1\F1-Optimized-Cornering-Project\Data\image-data\session-16\brake\Lap_2_Brake hit_2.png,Data/image-data/session-16/brake/Lap_2_Brake hit_2.png,True,28204,28.204,none,1.2570841312408447,2.1665046215057373,2.1665046215057373,True,train
lap_0139_throttle_01,C:\Users\admin\Desktop\Summer Projects\F1\F1-Optimized-Cornering-Project\Data\cnn-classes\standard_laps\lap_0139_throttle_01.png,Data/cnn-classes/standard_laps/lap_0139_throttle_01.png,standard_laps,1,139,16,2,throttle,1,../Data/image-data/session-16/throttle/Lap_2_Throttle hit_1.png,C:\Users\admin\Desktop\Summer Projects\F1\F1-Optimized-Cornering-Project\Data\image-data\session-16\throttle\Lap_2_Throttle hit_1.png,Data/image-data/session-16/throttle/Lap_2_Throttle hit_1.png,True,28204,28.204,none,1.2570841312408447,2.1665046215057373,1.2570841312408447,True,train
lap_0139_throttle_02,C:\Users\admin\Desktop\Summer Projects\F1\F1-Optimized-Cornering-Project\Data\cnn-classes\standard_laps\lap_0139_throttle_02.png,Data/cnn-classes/standard_laps/lap_0139_throttle_02.png,standard_laps,1,139,16,2,throttle,2,../Data/image-data/session-16/throttle/Lap_2_Throttle hit_2.png,C:\Users\admin\Desktop\Summer Projects\F1\F1-Optimized-Cornering-Project\Data\image-data\session-16\throttle\Lap_2_Throttle hit_2.png,Data/image-data/session-16/throttle/Lap_2_Throttle hit_2.png,True,28204,28.204,none,1.2570841312408447,2.1665046215057373,2.1665046215057373,True,train
lap_0140_brake_01,C:\Users\admin\Desktop\Summer Projects\F1\F1-Optimized-Cornering-Project\Data\cnn-classes\optimal_laps\lap_0140_brake_01.png,Data/cnn-classes/optimal_laps/lap_0140_brake_01.png,optimal_laps,0,140,16,3,brake,1,../Data/image-data/session-16/brake/Lap_3_Brake hit_1.png,C:\Users\admin\Desktop\Summer Projects\F1\F1-Optimized-Cornering-Project\Data\image-data\session-16\brake\Lap_3_Brake hit_1.png,Data/image-data/session-16/brake/Lap_3_Brake hit_1.png,True,27705,27.705,none,1.078850269317627,2.2917776107788086,1.078850269317627,True,train
lap_0140_brake_02,C:\Users\admin\Desktop\Summer Projects\F1\F1-Optimized-Cornering-Project\Data\cnn-classes\optimal_laps\lap_0140_brake_02.png,Data/cnn-classes/optimal_laps/lap_0140_brake_02.png,optimal_laps,0,140,16,3,brake,2,../Data/image-data/session-16/brake/Lap_3_Brake hit_2.png,C:\Users\admin\Desktop\Summer Projects\F1\F1-Optimized-Cornering-Project\Data\image-data\session-16\brake\Lap_3_Brake hit_2.png,Data/image-data/session-16/brake/Lap_3_Brake hit_2.png,True,27705,27.705,none,1.078850269317627,2.2917776107788086,2.2917776107788086,True,train
lap_0140_throttle_01,C:\Users\admin\Desktop\Summer Projects\F1\F1-Optimized-Cornering-Project\Data\cnn-classes\optimal_laps\lap_0140_throttle_01.png,Data/cnn-classes/optimal_laps/lap_0140_throttle_01.png,optimal_laps,0,140,16,3,throttle,1,../Data/image-data/session-16/throttle/Lap_3_Throttle hit_1.png,C:\Users\admin\Desktop\Summer Projects\F1\F1-Optimized-Cornering-Project\Data\image-data\session-16\throttle\Lap_3_Throttle hit_1.png,Data/image-data/session-16/throttle/Lap_3_Throttle hit_1.png,True,27705,27.705,none,1.078850269317627,2.2917776107788086,1.078850269317627,True,train
lap_0140_throttle_02,C:\Users\admin\Desktop\Summer Projects\F1\F1-Optimized-Cornering-Project\Data\cnn-classes\optimal_laps\lap_0140_throttle_02.png,Data/cnn-classes/optimal_laps/lap_0140_throttle_02.png,optimal_laps,0,140,16,3,throttle,2,../Data/image-data/session-16/throttle/Lap_3_Throttle hit_2.png,C:\Users\admin\Desktop\Summer Projects\F1\F1-Optimized-Cornering-Project\Data\image-data\session-16\throttle\Lap_3_Throttle hit_2.png,Data/image-data/session-16/throttle/Lap_3_Throttle hit_2.png,True,27705,27.705,none,1.078850269317627,2.2917776107788086,2.2917776107788086,True,train
lap_0141_brake_01,C:\Users\admin\Desktop\Summer Projects\F1\F1-Optimized-Cornering-Project\Data\cnn-classes\standard_laps\lap_0141_brake_01.png,Data/cnn-classes/standard_laps/lap_0141_brake_01.png,standard_laps,1,141,16,4,brake,1,../Data/image-data/session-16/brake/Lap_4_Brake hit_1.png,C:\Users\admin\Desktop\Summer Projects\F1\F1-Optimized-Cornering-Project\Data\image-data\session-16\brake\Lap_4_Brake hit_1.png,Data/image-data/session-16/brake/Lap_4_Brake hit_1.png,True,28237,28.237,none,1.1318070888519287,2.7210161685943604,1.1318070888519287,True,train
lap_0141_brake_02,C:\Users\admin\Desktop\Summer Projects\F1\F1-Optimized-Cornering-Project\Data\cnn-classes\standard_laps\lap_0141_brake_02.png,Data/cnn-classes/standard_laps/lap_0141_brake_02.png,standard_laps,1,141,16,4,brake,2,../Data/image-data/session-16/brake/Lap_4_Brake hit_2.png,C:\Users\admin\Desktop\Summer Projects\F1\F1-Optimized-Cornering-Project\Data\image-data\session-16\brake\Lap_4_Brake hit_2.png,Data/image-data/session-16/brake/Lap_4_Brake hit_2.png,True,28237,28.237,none,1.1318070888519287,2.7210161685943604,2.7210161685943604,True,train
lap_0141_throttle_01,C:\Users\admin\Desktop\Summer Projects\F1\F1-Optimized-Cornering-Project\Data\cnn-classes\standard_laps\lap_0141_throttle_01.png,Data/cnn-classes/standard_laps/lap_0141_throttle_01.png,standard_laps,1,141,16,4,throttle,1,../Data/image-data/session-16/throttle/Lap_4_Throttle hit_1.png,C:\Users\admin\Desktop\Summer Projects\F1\F1-Optimized-Cornering-Project\Data\image-data\session-16\throttle\Lap_4_Throttle hit_1.png,Data/image-data/session-16/throttle/Lap_4_Throttle hit_1.png,True,28237,28.237,none,1.1318070888519287,2.7210161685943604,1.1318070888519287,True,train
lap_0141_throttle_02,C:\Users\admin\Desktop\Summer Projects\F1\F1-Optimized-Cornering-Project\Data\cnn-classes\standard_laps\lap_0141_throttle_02.png,Data/cnn-classes/standard_laps/lap_0141_throttle_02.png,standard_laps,1,141,16,4,throttle,2,../Data/image-data/session-16/throttle/Lap_4_Throttle hit_2.png,C:\Users\admin\Desktop\Summer Projects\F1\F1-Optimized-Cornering-Project\Data\image-data\session-16\throttle\Lap_4_Throttle hit_2.png,Data/image-data/session-16/throttle/Lap_4_Throttle hit_2.png,True,28237,28.237,none,1.1318070888519287,2.7210161685943604,2.7210161685943604,True,train
lap_0142_brake_01,C:\Users\admin\Desktop\Summer Projects\F1\F1-Optimized-Cornering-Project\Data\cnn-classes\optimal_laps\lap_0142_brake_01.png,Data/cnn-classes/optimal_laps/lap_0142_brake_01.png,optimal_laps,0,142,16,5,brake,1,../Data/image-data/session-16/brake/Lap_5_Brake hit_1.png,C:\Users\admin\Desktop\Summer Projects\F1\F1-Optimized-Cornering-Project\Data\image-data\session-16\brake\Lap_5_Brake hit_1.png,Data/image-data/session-16/brake/Lap_5_Brake hit_1.png,True,27677,27.677,none,1.1986594200134275,2.1110854148864746,1.1986594200134275,True,train
lap_0142_brake_02,C:\Users\admin\Desktop\Summer Projects\F1\F1-Optimized-Cornering-Project\Data\cnn-classes\optimal_laps\lap_0142_brake_02.png,Data/cnn-classes/optimal_laps/lap_0142_brake_02.png,optimal_laps,0,142,16,5,brake,2,../Data/image-data/session-16/brake/Lap_5_Brake hit_2.png,C:\Users\admin\Desktop\Summer Projects\F1\F1-Optimized-Cornering-Project\Data\image-data\session-16\brake\Lap_5_Brake hit_2.png,Data/image-data/session-16/brake/Lap_5_Brake hit_2.png,True,27677,27.677,none,1.1986594200134275,2.1110854148864746,2.1110854148864746,True,train
lap_0142_throttle_01,C:\Users\admin\Desktop\Summer Projects\F1\F1-Optimized-Cornering-Project\Data\cnn-classes\optimal_laps\lap_0142_throttle_01.png,Data/cnn-classes/optimal_laps/lap_0142_throttle_01.png,optimal_laps,0,142,16,5,throttle,1,../Data/image-data/session-16/throttle/Lap_5_Throttle hit_1.png,C:\Users\admin\Desktop\Summer Projects\F1\F1-Optimized-Cornering-Project\Data\image-data\session-16\throttle\Lap_5_Throttle hit_1.png,Data/image-data/session-16/throttle/Lap_5_Throttle hit_1.png,True,27677,27.677,none,1.1986594200134275,2.1110854148864746,1.1986594200134275,True,train
lap_0142_throttle_02,C:\Users\admin\Desktop\Summer Projects\F1\F1-Optimized-Cornering-Project\Data\cnn-classes\optimal_laps\lap_0142_throttle_02.png,Data/cnn-classes/optimal_laps/lap_0142_throttle_02.png,optimal_laps,0,142,16,5,throttle,2,../Data/image-data/session-16/throttle/Lap_5_Throttle hit_2.png,C:\Users\admin\Desktop\Summer Projects\F1\F1-Optimized-Cornering-Project\Data\image-data\session-16\throttle\Lap_5_Throttle hit_2.png,Data/image-data/session-16/throttle/Lap_5_Throttle hit_2.png,True,27677,27.677,none,1.1986594200134275,2.1110854148864746,2.1110854148864746,True,train
lap_0145_brake_01,C:\Users\admin\Desktop\Summer Projects\F1\F1-Optimized-Cornering-Project\Data\cnn-classes\optimal_laps\lap_0145_brake_01.png,Data/cnn-classes/optimal_laps/lap_0145_brake_01.png,optimal_laps,0,145,16,8,brake,1,../Data/image-data/session-16/brake/Lap_8_Brake hit_1.png,C:\Users\admin\Desktop\Summer Projects\F1\F1-Optimized-Cornering-Project\Data\image-data\session-16\brake\Lap_8_Brake hit_1.png,Data/image-data/session-16/brake/Lap_8_Brake hit_1.png,True,28007,28.007,none,1.290516376495361,2.131611585617065,1.290516376495361,True,train
lap_0145_brake_02,C:\Users\admin\Desktop\Summer Projects\F1\F1-Optimized-Cornering-Project\Data\cnn-classes\optimal_laps\lap_0145_brake_02.png,Data/cnn-classes/optimal_laps/lap_0145_brake_02.png,optimal_laps,0,145,16,8,brake,2,../Data/image-data/session-16/brake/Lap_8_Brake hit_2.png,C:\Users\admin\Desktop\Summer Projects\F1\F1-Optimized-Cornering-Project\Data\image-data\session-16\brake\Lap_8_Brake hit_2.png,Data/image-data/session-16/brake/Lap_8_Brake hit_2.png,True,28007,28.007,none,1.290516376495361,2.131611585617065,2.131611585617065,True,train
lap_0145_throttle_01,C:\Users\admin\Desktop\Summer Projects\F1\F1-Optimized-Cornering-Project\Data\cnn-classes\optimal_laps\lap_0145_throttle_01.png,Data/cnn-classes/optimal_laps/lap_0145_throttle_01.png,optimal_laps,0,145,16,8,throttle,1,../Data/image-data/session-16/throttle/Lap_8_Throttle hit_1.png,C:\Users\admin\Desktop\Summer Projects\F1\F1-Optimized-Cornering-Project\Data\image-data\session-16\throttle\Lap_8_Throttle hit_1.png,Data/image-data/session-16/throttle/Lap_8_Throttle hit_1.png,True,28007,28.007,none,1.290516376495361,2.131611585617065,1.290516376495361,True,train
lap_0145_throttle_02,C:\Users\admin\Desktop\Summer Projects\F1\F1-Optimized-Cornering-Project\Data\cnn-classes\optimal_laps\lap_0145_throttle_02.png,Data/cnn-classes/optimal_laps/lap_0145_throttle_02.png,optimal_laps,0,145,16,8,throttle,2,../Data/image-data/session-16/throttle/Lap_8_Throttle hit_2.png,C:\Users\admin\Desktop\Summer Projects\F1\F1-Optimized-Cornering-Project\Data\image-data\session-16\throttle\Lap_8_Throttle hit_2.png,Data/image-data/session-16/throttle/Lap_8_Throttle hit_2.png,True,28007,28.007,none,1.290516376495361,2.131611585617065,2.131611585617065,True,train
lap_0146_brake_01,C:\Users\admin\Desktop\Summer Projects\F1\F1-Optimized-Cornering-Project\Data\cnn-classes\standard_laps\lap_0146_brake_01.png,Data/cnn-classes/standard_laps/lap_0146_brake_01.png,standard_laps,1,146,16,9,brake,1,../Data/image-data/session-16/brake/Lap_9_Brake hit_1.png,C:\Users\admin\Desktop\Summer Projects\F1\F1-Optimized-Cornering-Project\Data\image-data\session-16\brake\Lap_9_Brake hit_1.png,Data/image-data/session-16/brake/Lap_9_Brake hit_1.png,True,28291,28.291,none,1.2589280605316162,2.5306875705718994,1.2589280605316162,True,train
lap_0146_brake_02,C:\Users\admin\Desktop\Summer Projects\F1\F1-Optimized-Cornering-Project\Data\cnn-classes\standard_laps\lap_0146_brake_02.png,Data/cnn-classes/standard_laps/lap_0146_brake_02.png,standard_laps,1,146,16,9,brake,2,../Data/image-data/session-16/brake/Lap_9_Brake hit_2.png,C:\Users\admin\Desktop\Summer Projects\F1\F1-Optimized-Cornering-Project\Data\image-data\session-16\brake\Lap_9_Brake hit_2.png,Data/image-data/session-16/brake/Lap_9_Brake hit_2.png,True,28291,28.291,none,1.2589280605316162,2.5306875705718994,2.5306875705718994,True,train
lap_0146_throttle_01,C:\Users\admin\Desktop\Summer Projects\F1\F1-Optimized-Cornering-Project\Data\cnn-classes\standard_laps\lap_0146_throttle_01.png,Data/cnn-classes/standard_laps/lap_0146_throttle_01.png,standard_laps,1,146,16,9,throttle,1,../Data/image-data/session-16/throttle/Lap_9_Throttle hit_1.png,C:\Users\admin\Desktop\Summer Projects\F1\F1-Optimized-Cornering-Project\Data\image-data\session-16\throttle\Lap_9_Throttle hit_1.png,Data/image-data/session-16/throttle/Lap_9_Throttle hit_1.png,True,28291,28.291,none,1.2589280605316162,2.5306875705718994,1.2589280605316162,True,train
lap_0146_throttle_02,C:\Users\admin\Desktop\Summer Projects\F1\F1-Optimized-Cornering-Project\Data\cnn-classes\standard_laps\lap_0146_throttle_02.png,Data/cnn-classes/standard_laps/lap_0146_throttle_02.png,standard_laps,1,146,16,9,throttle,2,../Data/image-data/session-16/throttle/Lap_9_Throttle hit_2.png,C:\Users\admin\Desktop\Summer Projects\F1\F1-Optimized-Cornering-Project\Data\image-data\session-16\throttle\Lap_9_Throttle hit_2.png,Data/image-data/session-16/throttle/Lap_9_Throttle hit_2.png,True,28291,28.291,none,1.2589280605316162,2.5306875705718994,2.5306875705718994,True,train
lap_0147_brake_01,C:\Users\admin\Desktop\Summer Projects\F1\F1-Optimized-Cornering-Project\Data\cnn-classes\optimal_laps\lap_0147_brake_01.png,Data/cnn-classes/optimal_laps/lap_0147_brake_01.png,optimal_laps,0,147,16,10,brake,1,../Data/image-data/session-16/brake/Lap_10_Brake hit_1.png,C:\Users\admin\Desktop\Summer Projects\F1\F1-Optimized-Cornering-Project\Data\image-data\session-16\brake\Lap_10_Brake hit_1.png,Data/image-data/session-16/brake/Lap_10_Brake hit_1.png,True,27734,27.734,none,1.0289306640625,2.149874687194824,1.0289306640625,True,train
lap_0147_brake_02,C:\Users\admin\Desktop\Summer Projects\F1\F1-Optimized-Cornering-Project\Data\cnn-classes\optimal_laps\lap_0147_brake_02.png,Data/cnn-classes/optimal_laps/lap_0147_brake_02.png,optimal_laps,0,147,16,10,brake,2,../Data/image-data/session-16/brake/Lap_10_Brake hit_2.png,C:\Users\admin\Desktop\Summer Projects\F1\F1-Optimized-Cornering-Project\Data\image-data\session-16\brake\Lap_10_Brake hit_2.png,Data/image-data/session-16/brake/Lap_10_Brake hit_2.png,True,27734,27.734,none,1.0289306640625,2.149874687194824,2.149874687194824,True,train
lap_0147_throttle_01,C:\Users\admin\Desktop\Summer Projects\F1\F1-Optimized-Cornering-Project\Data\cnn-classes\optimal_laps\lap_0147_throttle_01.png,Data/cnn-classes/optimal_laps/lap_0147_throttle_01.png,optimal_laps,0,147,16,10,throttle,1,../Data/image-data/session-16/throttle/Lap_10_Throttle hit_1.png,C:\Users\admin\Desktop\Summer Projects\F1\F1-Optimized-Cornering-Project\Data\image-data\session-16\throttle\Lap_10_Throttle hit_1.png,Data/image-data/session-16/throttle/Lap_10_Throttle hit_1.png,True,27734,27.734,none,1.0289306640625,2.149874687194824,1.0289306640625,True,train
lap_0147_throttle_02,C:\Users\admin\Desktop\Summer Projects\F1\F1-Optimized-Cornering-Project\Data\cnn-classes\optimal_laps\lap_0147_throttle_02.png,Data/cnn-classes/optimal_laps/lap_0147_throttle_02.png,optimal_laps,0,147,16,10,throttle,2,../Data/image-data/session-16/throttle/Lap_10_Throttle hit_2.png,C:\Users\admin\Desktop\Summer Projects\F1\F1-Optimized-Cornering-Project\Data\image-data\session-16\throttle\Lap_10_Throttle hit_2.png,Data/image-data/session-16/throttle/Lap_10_Throttle hit_2.png,True,27734,27.734,none,1.0289306640625,2.149874687194824,2.149874687194824,True,train
lap_0148_brake_01,C:\Users\admin\Desktop\Summer Projects\F1\F1-Optimized-Cornering-Project\Data\cnn-classes\optimal_laps\lap_0148_brake_01.png,Data/cnn-classes/optimal_laps/lap_0148_brake_01.png,optimal_laps,0,148,17,1,brake,1,../Data/image-data/session-17/brake/Lap_1_Brake hit_1.png,C:\Users\admin\Desktop\Summer Projects\F1\F1-Optimized-Cornering-Project\Data\image-data\session-17\brake\Lap_1_Brake hit_1.png,Data/image-data/session-17/brake/Lap_1_Brake hit_1.png,True,27673,27.673,none,1.135148286819458,1.845938205718994,1.135148286819458,True,train
lap_0148_brake_02,C:\Users\admin\Desktop\Summer Projects\F1\F1-Optimized-Cornering-Project\Data\cnn-classes\optimal_laps\lap_0148_brake_02.png,Data/cnn-classes/optimal_laps/lap_0148_brake_02.png,optimal_laps,0,148,17,1,brake,2,../Data/image-data/session-17/brake/Lap_1_Brake hit_2.png,C:\Users\admin\Desktop\Summer Projects\F1\F1-Optimized-Cornering-Project\Data\image-data\session-17\brake\Lap_1_Brake hit_2.png,Data/image-data/session-17/brake/Lap_1_Brake hit_2.png,True,27673,27.673,none,1.135148286819458,1.845938205718994,1.845938205718994,True,train
lap_0148_throttle_01,C:\Users\admin\Desktop\Summer Projects\F1\F1-Optimized-Cornering-Project\Data\cnn-classes\optimal_laps\lap_0148_throttle_01.png,Data/cnn-classes/optimal_laps/lap_0148_throttle_01.png,optimal_laps,0,148,17,1,throttle,1,../Data/image-data/session-17/throttle/Lap_1_Throttle hit_1.png,C:\Users\admin\Desktop\Summer Projects\F1\F1-Optimized-Cornering-Project\Data\image-data\session-17\throttle\Lap_1_Throttle hit_1.png,Data/image-data/session-17/throttle/Lap_1_Throttle hit_1.png,True,27673,27.673,none,1.135148286819458,1.845938205718994,1.135148286819458,True,train
lap_0148_throttle_02,C:\Users\admin\Desktop\Summer Projects\F1\F1-Optimized-Cornering-Project\Data\cnn-classes\optimal_laps\lap_0148_throttle_02.png,Data/cnn-classes/optimal_laps/lap_0148_throttle_02.png,optimal_laps,0,148,17,1,throttle,2,../Data/image-data/session-17/throttle/Lap_1_Throttle hit_2.png,C:\Users\admin\Desktop\Summer Projects\F1\F1-Optimized-Cornering-Project\Data\image-data\session-17\throttle\Lap_1_Throttle hit_2.png,Data/image-data/session-17/throttle/Lap_1_Throttle hit_2.png,True,27673,27.673,none,1.135148286819458,1.845938205718994,1.845938205718994,True,train
lap_0149_brake_01,C:\Users\admin\Desktop\Summer Projects\F1\F1-Optimized-Cornering-Project\Data\cnn-classes\standard_laps\lap_0149_brake_01.png,Data/cnn-classes/standard_laps/lap_0149_brake_01.png,standard_laps,1,149,17,2,brake,1,../Data/image-data/session-17/brake/Lap_2_Brake hit_1.png,C:\Users\admin\Desktop\Summer Projects\F1\F1-Optimized-Cornering-Project\Data\image-data\session-17\brake\Lap_2_Brake hit_1.png,Data/image-data/session-17/brake/Lap_2_Brake hit_1.png,True,28294,28.294,none,1.084770917892456,1.9252712726593015,1.084770917892456,True,train
lap_0149_brake_02,C:\Users\admin\Desktop\Summer Projects\F1\F1-Optimized-Cornering-Project\Data\cnn-classes\standard_laps\lap_0149_brake_02.png,Data/cnn-classes/standard_laps/lap_0149_brake_02.png,standard_laps,1,149,17,2,brake,2,../Data/image-data/session-17/brake/Lap_2_Brake hit_2.png,C:\Users\admin\Desktop\Summer Projects\F1\F1-Optimized-Cornering-Project\Data\image-data\session-17\brake\Lap_2_Brake hit_2.png,Data/image-data/session-17/brake/Lap_2_Brake hit_2.png,True,28294,28.294,none,1.084770917892456,1.9252712726593015,1.9252712726593015,True,train
lap_0149_throttle_01,C:\Users\admin\Desktop\Summer Projects\F1\F1-Optimized-Cornering-Project\Data\cnn-classes\standard_laps\lap_0149_throttle_01.png,Data/cnn-classes/standard_laps/lap_0149_throttle_01.png,standard_laps,1,149,17,2,throttle,1,../Data/image-data/session-17/throttle/Lap_2_Throttle hit_1.png,C:\Users\admin\Desktop\Summer Projects\F1\F1-Optimized-Cornering-Project\Data\image-data\session-17\throttle\Lap_2_Throttle hit_1.png,Data/image-data/session-17/throttle/Lap_2_Throttle hit_1.png,True,28294,28.294,none,1.084770917892456,1.9252712726593015,1.084770917892456,True,train
lap_0149_throttle_02,C:\Users\admin\Desktop\Summer Projects\F1\F1-Optimized-Cornering-Project\Data\cnn-classes\standard_laps\lap_0149_throttle_02.png,Data/cnn-classes/standard_laps/lap_0149_throttle_02.png,standard_laps,1,149,17,2,throttle,2,../Data/image-data/session-17/throttle/Lap_2_Throttle hit_2.png,C:\Users\admin\Desktop\Summer Projects\F1\F1-Optimized-Cornering-Project\Data\image-data\session-17\throttle\Lap_2_Throttle hit_2.png,Data/image-data/session-17/throttle/Lap_2_Throttle hit_2.png,True,28294,28.294,none,1.084770917892456,1.9252712726593015,1.9252712726593015,True,train
lap_0150_brake_01,C:\Users\admin\Desktop\Summer Projects\F1\F1-Optimized-Cornering-Project\Data\cnn-classes\standard_laps\lap_0150_brake_01.png,Data/cnn-classes/standard_laps/lap_0150_brake_01.png,standard_laps,1,150,17,3,brake,1,../Data/image-data/session-17/brake/Lap_3_Brake hit_1.png,C:\Users\admin\Desktop\Summer Projects\F1\F1-Optimized-Cornering-Project\Data\image-data\session-17\brake\Lap_3_Brake hit_1.png,Data/image-data/session-17/brake/Lap_3_Brake hit_1.png,True,28207,28.207,none,1.129957914352417,2.5769708156585693,1.129957914352417,True,train
lap_0150_brake_02,C:\Users\admin\Desktop\Summer Projects\F1\F1-Optimized-Cornering-Project\Data\cnn-classes\standard_laps\lap_0150_brake_02.png,Data/cnn-classes/standard_laps/lap_0150_brake_02.png,standard_laps,1,150,17,3,brake,2,../Data/image-data/session-17/brake/Lap_3_Brake hit_2.png,C:\Users\admin\Desktop\Summer Projects\F1\F1-Optimized-Cornering-Project\Data\image-data\session-17\brake\Lap_3_Brake hit_2.png,Data/image-data/session-17/brake/Lap_3_Brake hit_2.png,True,28207,28.207,none,1.129957914352417,2.5769708156585693,2.5769708156585693,True,train
lap_0150_throttle_01,C:\Users\admin\Desktop\Summer Projects\F1\F1-Optimized-Cornering-Project\Data\cnn-classes\standard_laps\lap_0150_throttle_01.png,Data/cnn-classes/standard_laps/lap_0150_throttle_01.png,standard_laps,1,150,17,3,throttle,1,../Data/image-data/session-17/throttle/Lap_3_Throttle hit_1.png,C:\Users\admin\Desktop\Summer Projects\F1\F1-Optimized-Cornering-Project\Data\image-data\session-17\throttle\Lap_3_Throttle hit_1.png,Data/image-data/session-17/throttle/Lap_3_Throttle hit_1.png,True,28207,28.207,none,1.129957914352417,2.5769708156585693,1.129957914352417,True,train
lap_0150_throttle_02,C:\Users\admin\Desktop\Summer Projects\F1\F1-Optimized-Cornering-Project\Data\cnn-classes\standard_laps\lap_0150_throttle_02.png,Data/cnn-classes/standard_laps/lap_0150_throttle_02.png,standard_laps,1,150,17,3,throttle,2,../Data/image-data/session-17/throttle/Lap_3_Throttle hit_2.png,C:\Users\admin\Desktop\Summer Projects\F1\F1-Optimized-Cornering-Project\Data\image-data\session-17\throttle\Lap_3_Throttle hit_2.png,Data/image-data/session-17/throttle/Lap_3_Throttle hit_2.png,True,28207,28.207,none,1.129957914352417,2.5769708156585693,2.5769708156585693,True,train
lap_0152_brake_01,C:\Users\admin\Desktop\Summer Projects\F1\F1-Optimized-Cornering-Project\Data\cnn-classes\standard_laps\lap_0152_brake_01.png,Data/cnn-classes/standard_laps/lap_0152_brake_01.png,standard_laps,1,152,17,5,brake,1,../Data/image-data/session-17/brake/Lap_5_Brake hit_1.png,C:\Users\admin\Desktop\Summer Projects\F1\F1-Optimized-Cornering-Project\Data\image-data\session-17\brake\Lap_5_Brake hit_1.png,Data/image-data/session-17/brake/Lap_5_Brake hit_1.png,True,28216,28.216,none,1.365225076675415,2.3408846855163574,1.365225076675415,True,train
lap_0152_brake_02,C:\Users\admin\Desktop\Summer Projects\F1\F1-Optimized-Cornering-Project\Data\cnn-classes\standard_laps\lap_0152_brake_02.png,Data/cnn-classes/standard_laps/lap_0152_brake_02.png,standard_laps,1,152,17,5,brake,2,../Data/image-data/session-17/brake/Lap_5_Brake hit_2.png,C:\Users\admin\Desktop\Summer Projects\F1\F1-Optimized-Cornering-Project\Data\image-data\session-17\brake\Lap_5_Brake hit_2.png,Data/image-data/session-17/brake/Lap_5_Brake hit_2.png,True,28216,28.216,none,1.365225076675415,2.3408846855163574,2.3408846855163574,True,train
lap_0152_throttle_01,C:\Users\admin\Desktop\Summer Projects\F1\F1-Optimized-Cornering-Project\Data\cnn-classes\standard_laps\lap_0152_throttle_01.png,Data/cnn-classes/standard_laps/lap_0152_throttle_01.png,standard_laps,1,152,17,5,throttle,1,../Data/image-data/session-17/throttle/Lap_5_Throttle hit_1.png,C:\Users\admin\Desktop\Summer Projects\F1\F1-Optimized-Cornering-Project\Data\image-data\session-17\throttle\Lap_5_Throttle hit_1.png,Data/image-data/session-17/throttle/Lap_5_Throttle hit_1.png,True,28216,28.216,none,1.365225076675415,2.3408846855163574,1.365225076675415,True,train
lap_0152_throttle_02,C:\Users\admin\Desktop\Summer Projects\F1\F1-Optimized-Cornering-Project\Data\cnn-classes\standard_laps\lap_0152_throttle_02.png,Data/cnn-classes/standard_laps/lap_0152_throttle_02.png,standard_laps,1,152,17,5,throttle,2,../Data/image-data/session-17/throttle/Lap_5_Throttle hit_2.png,C:\Users\admin\Desktop\Summer Projects\F1\F1-Optimized-Cornering-Project\Data\image-data\session-17\throttle\Lap_5_Throttle hit_2.png,Data/image-data/session-17/throttle/Lap_5_Throttle hit_2.png,True,28216,28.216,none,1.365225076675415,2.3408846855163574,2.3408846855163574,True,train
lap_0153_brake_01,C:\Users\admin\Desktop\Summer Projects\F1\F1-Optimized-Cornering-Project\Data\cnn-classes\standard_laps\lap_0153_brake_01.png,Data/cnn-classes/standard_laps/lap_0153_brake_01.png,standard_laps,1,153,17,6,brake,1,../Data/image-data/session-17/brake/Lap_6_Brake hit_1.png,C:\Users\admin\Desktop\Summer Projects\F1\F1-Optimized-Cornering-Project\Data\image-data\session-17\brake\Lap_6_Brake hit_1.png,Data/image-data/session-17/brake/Lap_6_Brake hit_1.png,True,28327,28.327,none,1.597193956375122,2.3816933631896973,1.597193956375122,True,train
lap_0153_brake_02,C:\Users\admin\Desktop\Summer Projects\F1\F1-Optimized-Cornering-Project\Data\cnn-classes\standard_laps\lap_0153_brake_02.png,Data/cnn-classes/standard_laps/lap_0153_brake_02.png,standard_laps,1,153,17,6,brake,2,../Data/image-data/session-17/brake/Lap_6_Brake hit_2.png,C:\Users\admin\Desktop\Summer Projects\F1\F1-Optimized-Cornering-Project\Data\image-data\session-17\brake\Lap_6_Brake hit_2.png,Data/image-data/session-17/brake/Lap_6_Brake hit_2.png,True,28327,28.327,none,1.597193956375122,2.3816933631896973,2.3816933631896973,True,train
lap_0153_throttle_01,C:\Users\admin\Desktop\Summer Projects\F1\F1-Optimized-Cornering-Project\Data\cnn-classes\standard_laps\lap_0153_throttle_01.png,Data/cnn-classes/standard_laps/lap_0153_throttle_01.png,standard_laps,1,153,17,6,throttle,1,../Data/image-data/session-17/throttle/Lap_6_Throttle hit_1.png,C:\Users\admin\Desktop\Summer Projects\F1\F1-Optimized-Cornering-Project\Data\image-data\session-17\throttle\Lap_6_Throttle hit_1.png,Data/image-data/session-17/throttle/Lap_6_Throttle hit_1.png,True,28327,28.327,none,1.597193956375122,2.3816933631896973,1.597193956375122,True,train
lap_0153_throttle_02,C:\Users\admin\Desktop\Summer Projects\F1\F1-Optimized-Cornering-Project\Data\cnn-classes\standard_laps\lap_0153_throttle_02.png,Data/cnn-classes/standard_laps/lap_0153_throttle_02.png,standard_laps,1,153,17,6,throttle,2,../Data/image-data/session-17/throttle/Lap_6_Throttle hit_2.png,C:\Users\admin\Desktop\Summer Projects\F1\F1-Optimized-Cornering-Project\Data\image-data\session-17\throttle\Lap_6_Throttle hit_2.png,Data/image-data/session-17/throttle/Lap_6_Throttle hit_2.png,True,28327,28.327,none,1.597193956375122,2.3816933631896973,2.3816933631896973,True,train
lap_0154_brake_01,C:\Users\admin\Desktop\Summer Projects\F1\F1-Optimized-Cornering-Project\Data\cnn-classes\optimal_laps\lap_0154_brake_01.png,Data/cnn-classes/optimal_laps/lap_0154_brake_01.png,optimal_laps,0,154,17,7,brake,1,../Data/image-data/session-17/brake/Lap_7_Brake hit_1.png,C:\Users\admin\Desktop\Summer Projects\F1\F1-Optimized-Cornering-Project\Data\image-data\session-17\brake\Lap_7_Brake hit_1.png,Data/image-data/session-17/brake/Lap_7_Brake hit_1.png,True,27759,27.759,none,1.1274709701538086,2.05104398727417,1.1274709701538086,True,train
lap_0154_brake_02,C:\Users\admin\Desktop\Summer Projects\F1\F1-Optimized-Cornering-Project\Data\cnn-classes\optimal_laps\lap_0154_brake_02.png,Data/cnn-classes/optimal_laps/lap_0154_brake_02.png,optimal_laps,0,154,17,7,brake,2,../Data/image-data/session-17/brake/Lap_7_Brake hit_2.png,C:\Users\admin\Desktop\Summer Projects\F1\F1-Optimized-Cornering-Project\Data\image-data\session-17\brake\Lap_7_Brake hit_2.png,Data/image-data/session-17/brake/Lap_7_Brake hit_2.png,True,27759,27.759,none,1.1274709701538086,2.05104398727417,2.05104398727417,True,train
lap_0154_throttle_01,C:\Users\admin\Desktop\Summer Projects\F1\F1-Optimized-Cornering-Project\Data\cnn-classes\optimal_laps\lap_0154_throttle_01.png,Data/cnn-classes/optimal_laps/lap_0154_throttle_01.png,optimal_laps,0,154,17,7,throttle,1,../Data/image-data/session-17/throttle/Lap_7_Throttle hit_1.png,C:\Users\admin\Desktop\Summer Projects\F1\F1-Optimized-Cornering-Project\Data\image-data\session-17\throttle\Lap_7_Throttle hit_1.png,Data/image-data/session-17/throttle/Lap_7_Throttle hit_1.png,True,27759,27.759,none,1.1274709701538086,2.05104398727417,1.1274709701538086,True,train
lap_0154_throttle_02,C:\Users\admin\Desktop\Summer Projects\F1\F1-Optimized-Cornering-Project\Data\cnn-classes\optimal_laps\lap_0154_throttle_02.png,Data/cnn-classes/optimal_laps/lap_0154_throttle_02.png,optimal_laps,0,154,17,7,throttle,2,../Data/image-data/session-17/throttle/Lap_7_Throttle hit_2.png,C:\Users\admin\Desktop\Summer Projects\F1\F1-Optimized-Cornering-Project\Data\image-data\session-17\throttle\Lap_7_Throttle hit_2.png,Data/image-data/session-17/throttle/Lap_7_Throttle hit_2.png,True,27759,27.759,none,1.1274709701538086,2.05104398727417,2.05104398727417,True,train
lap_0155_brake_01,C:\Users\admin\Desktop\Summer Projects\F1\F1-Optimized-Cornering-Project\Data\cnn-classes\optimal_laps\lap_0155_brake_01.png,Data/cnn-classes/optimal_laps/lap_0155_brake_01.png,optimal_laps,0,155,17,8,brake,1,../Data/image-data/session-17/brake/Lap_8_Brake hit_1.png,C:\Users\admin\Desktop\Summer Projects\F1\F1-Optimized-Cornering-Project\Data\image-data\session-17\brake\Lap_8_Brake hit_1.png,Data/image-data/session-17/brake/Lap_8_Brake hit_1.png,True,27473,27.473,none,1.0312378406524658,2.451707601547241,1.0312378406524658,True,train
lap_0155_brake_02,C:\Users\admin\Desktop\Summer Projects\F1\F1-Optimized-Cornering-Project\Data\cnn-classes\optimal_laps\lap_0155_brake_02.png,Data/cnn-classes/optimal_laps/lap_0155_brake_02.png,optimal_laps,0,155,17,8,brake,2,../Data/image-data/session-17/brake/Lap_8_Brake hit_2.png,C:\Users\admin\Desktop\Summer Projects\F1\F1-Optimized-Cornering-Project\Data\image-data\session-17\brake\Lap_8_Brake hit_2.png,Data/image-data/session-17/brake/Lap_8_Brake hit_2.png,True,27473,27.473,none,1.0312378406524658,2.451707601547241,2.451707601547241,True,train
lap_0155_throttle_01,C:\Users\admin\Desktop\Summer Projects\F1\F1-Optimized-Cornering-Project\Data\cnn-classes\optimal_laps\lap_0155_throttle_01.png,Data/cnn-classes/optimal_laps/lap_0155_throttle_01.png,optimal_laps,0,155,17,8,throttle,1,../Data/image-data/session-17/throttle/Lap_8_Throttle hit_1.png,C:\Users\admin\Desktop\Summer Projects\F1\F1-Optimized-Cornering-Project\Data\image-data\session-17\throttle\Lap_8_Throttle hit_1.png,Data/image-data/session-17/throttle/Lap_8_Throttle hit_1.png,True,27473,27.473,none,1.0312378406524658,2.451707601547241,1.0312378406524658,True,train
lap_0155_throttle_02,C:\Users\admin\Desktop\Summer Projects\F1\F1-Optimized-Cornering-Project\Data\cnn-classes\optimal_laps\lap_0155_throttle_02.png,Data/cnn-classes/optimal_laps/lap_0155_throttle_02.png,optimal_laps,0,155,17,8,throttle,2,../Data/image-data/session-17/throttle/Lap_8_Throttle hit_2.png,C:\Users\admin\Desktop\Summer Projects\F1\F1-Optimized-Cornering-Project\Data\image-data\session-17\throttle\Lap_8_Throttle hit_2.png,Data/image-data/session-17/throttle/Lap_8_Throttle hit_2.png,True,27473,27.473,none,1.0312378406524658,2.451707601547241,2.451707601547241,True,train
lap_0156_brake_01,C:\Users\admin\Desktop\Summer Projects\F1\F1-Optimized-Cornering-Project\Data\cnn-classes\sub_standard_laps\lap_0156_brake_01.png,Data/cnn-classes/sub_standard_laps/lap_0156_brake_01.png,sub_standard_laps,2,156,17,9,brake,1,../Data/image-data/session-17/brake/Lap_9_Brake hit_1.png,C:\Users\admin\Desktop\Summer Projects\F1\F1-Optimized-Cornering-Project\Data\image-data\session-17\brake\Lap_9_Brake hit_1.png,Data/image-data/session-17/brake/Lap_9_Brake hit_1.png,True,28644,28.644,none,2.0053577423095703,2.4931750297546387,2.0053577423095703,True,train
lap_0156_brake_02,C:\Users\admin\Desktop\Summer Projects\F1\F1-Optimized-Cornering-Project\Data\cnn-classes\sub_standard_laps\lap_0156_brake_02.png,Data/cnn-classes/sub_standard_laps/lap_0156_brake_02.png,sub_standard_laps,2,156,17,9,brake,2,../Data/image-data/session-17/brake/Lap_9_Brake hit_2.png,C:\Users\admin\Desktop\Summer Projects\F1\F1-Optimized-Cornering-Project\Data\image-data\session-17\brake\Lap_9_Brake hit_2.png,Data/image-data/session-17/brake/Lap_9_Brake hit_2.png,True,28644,28.644,none,2.0053577423095703,2.4931750297546387,2.4931750297546387,True,train
lap_0156_throttle_01,C:\Users\admin\Desktop\Summer Projects\F1\F1-Optimized-Cornering-Project\Data\cnn-classes\sub_standard_laps\lap_0156_throttle_01.png,Data/cnn-classes/sub_standard_laps/lap_0156_throttle_01.png,sub_standard_laps,2,156,17,9,throttle,1,../Data/image-data/session-17/throttle/Lap_9_Throttle hit_1.png,C:\Users\admin\Desktop\Summer Projects\F1\F1-Optimized-Cornering-Project\Data\image-data\session-17\throttle\Lap_9_Throttle hit_1.png,Data/image-data/session-17/throttle/Lap_9_Throttle hit_1.png,True,28644,28.644,none,2.0053577423095703,2.4931750297546387,2.0053577423095703,True,train
lap_0156_throttle_02,C:\Users\admin\Desktop\Summer Projects\F1\F1-Optimized-Cornering-Project\Data\cnn-classes\sub_standard_laps\lap_0156_throttle_02.png,Data/cnn-classes/sub_standard_laps/lap_0156_throttle_02.png,sub_standard_laps,2,156,17,9,throttle,2,../Data/image-data/session-17/throttle/Lap_9_Throttle hit_2.png,C:\Users\admin\Desktop\Summer Projects\F1\F1-Optimized-Cornering-Project\Data\image-data\session-17\throttle\Lap_9_Throttle hit_2.png,Data/image-data/session-17/throttle/Lap_9_Throttle hit_2.png,True,28644,28.644,none,2.0053577423095703,2.4931750297546387,2.4931750297546387,True,train
lap_0157_brake_01,C:\Users\admin\Desktop\Summer Projects\F1\F1-Optimized-Cornering-Project\Data\cnn-classes\optimal_laps\lap_0157_brake_01.png,Data/cnn-classes/optimal_laps/lap_0157_brake_01.png,optimal_laps,0,157,17,10,brake,1,../Data/image-data/session-17/brake/Lap_10_Brake hit_1.png,C:\Users\admin\Desktop\Summer Projects\F1\F1-Optimized-Cornering-Project\Data\image-data\session-17\brake\Lap_10_Brake hit_1.png,Data/image-data/session-17/brake/Lap_10_Brake hit_1.png,True,28116,28.116,none,1.192399024963379,1.970649480819702,1.192399024963379,True,train
lap_0157_brake_02,C:\Users\admin\Desktop\Summer Projects\F1\F1-Optimized-Cornering-Project\Data\cnn-classes\optimal_laps\lap_0157_brake_02.png,Data/cnn-classes/optimal_laps/lap_0157_brake_02.png,optimal_laps,0,157,17,10,brake,2,../Data/image-data/session-17/brake/Lap_10_Brake hit_2.png,C:\Users\admin\Desktop\Summer Projects\F1\F1-Optimized-Cornering-Project\Data\image-data\session-17\brake\Lap_10_Brake hit_2.png,Data/image-data/session-17/brake/Lap_10_Brake hit_2.png,True,28116,28.116,none,1.192399024963379,1.970649480819702,1.970649480819702,True,train
lap_0157_throttle_01,C:\Users\admin\Desktop\Summer Projects\F1\F1-Optimized-Cornering-Project\Data\cnn-classes\optimal_laps\lap_0157_throttle_01.png,Data/cnn-classes/optimal_laps/lap_0157_throttle_01.png,optimal_laps,0,157,17,10,throttle,1,../Data/image-data/session-17/throttle/Lap_10_Throttle hit_1.png,C:\Users\admin\Desktop\Summer Projects\F1\F1-Optimized-Cornering-Project\Data\image-data\session-17\throttle\Lap_10_Throttle hit_1.png,Data/image-data/session-17/throttle/Lap_10_Throttle hit_1.png,True,28116,28.116,none,1.192399024963379,1.970649480819702,1.192399024963379,True,train
lap_0157_throttle_02,C:\Users\admin\Desktop\Summer Projects\F1\F1-Optimized-Cornering-Project\Data\cnn-classes\optimal_laps\lap_0157_throttle_02.png,Data/cnn-classes/optimal_laps/lap_0157_throttle_02.png,optimal_laps,0,157,17,10,throttle,2,../Data/image-data/session-17/throttle/Lap_10_Throttle hit_2.png,C:\Users\admin\Desktop\Summer Projects\F1\F1-Optimized-Cornering-Project\Data\image-data\session-17\throttle\Lap_10_Throttle hit_2.png,Data/image-data/session-17/throttle/Lap_10_Throttle hit_2.png,True,28116,28.116,none,1.192399024963379,1.970649480819702,1.970649480819702,True,train
lap_0158_brake_01,C:\Users\admin\Desktop\Summer Projects\F1\F1-Optimized-Cornering-Project\Data\cnn-classes\standard_laps\lap_0158_brake_01.png,Data/cnn-classes/standard_laps/lap_0158_brake_01.png,standard_laps,1,158,17,11,brake,1,../Data/image-data/session-17/brake/Lap_11_Brake hit_1.png,C:\Users\admin\Desktop\Summer Projects\F1\F1-Optimized-Cornering-Project\Data\image-data\session-17\brake\Lap_11_Brake hit_1.png,Data/image-data/session-17/brake/Lap_11_Brake hit_1.png,True,28251,28.251,none,1.3031864166259766,2.5662388801574707,1.3031864166259766,True,train
lap_0158_brake_02,C:\Users\admin\Desktop\Summer Projects\F1\F1-Optimized-Cornering-Project\Data\cnn-classes\standard_laps\lap_0158_brake_02.png,Data/cnn-classes/standard_laps/lap_0158_brake_02.png,standard_laps,1,158,17,11,brake,2,../Data/image-data/session-17/brake/Lap_11_Brake hit_2.png,C:\Users\admin\Desktop\Summer Projects\F1\F1-Optimized-Cornering-Project\Data\image-data\session-17\brake\Lap_11_Brake hit_2.png,Data/image-data/session-17/brake/Lap_11_Brake hit_2.png,True,28251,28.251,none,1.3031864166259766,2.5662388801574707,2.5662388801574707,True,train
lap_0158_throttle_01,C:\Users\admin\Desktop\Summer Projects\F1\F1-Optimized-Cornering-Project\Data\cnn-classes\standard_laps\lap_0158_throttle_01.png,Data/cnn-classes/standard_laps/lap_0158_throttle_01.png,standard_laps,1,158,17,11,throttle,1,../Data/image-data/session-17/throttle/Lap_11_Throttle hit_1.png,C:\Users\admin\Desktop\Summer Projects\F1\F1-Optimized-Cornering-Project\Data\image-data\session-17\throttle\Lap_11_Throttle hit_1.png,Data/image-data/session-17/throttle/Lap_11_Throttle hit_1.png,True,28251,28.251,none,1.3031864166259766,2.5662388801574707,1.3031864166259766,True,train
lap_0158_throttle_02,C:\Users\admin\Desktop\Summer Projects\F1\F1-Optimized-Cornering-Project\Data\cnn-classes\standard_laps\lap_0158_throttle_02.png,Data/cnn-classes/standard_laps/lap_0158_throttle_02.png,standard_laps,1,158,17,11,throttle,2,../Data/image-data/session-17/throttle/Lap_11_Throttle hit_2.png,C:\Users\admin\Desktop\Summer Projects\F1\F1-Optimized-Cornering-Project\Data\image-data\session-17\throttle\Lap_11_Throttle hit_2.png,Data/image-data/session-17/throttle/Lap_11_Throttle hit_2.png,True,28251,28.251,none,1.3031864166259766,2.5662388801574707,2.5662388801574707,True,train
lap_0159_brake_01,C:\Users\admin\Desktop\Summer Projects\F1\F1-Optimized-Cornering-Project\Data\cnn-classes\standard_laps\lap_0159_brake_01.png,Data/cnn-classes/standard_laps/lap_0159_brake_01.png,standard_laps,1,159,17,12,brake,1,../Data/image-data/session-17/brake/Lap_12_Brake hit_1.png,C:\Users\admin\Desktop\Summer Projects\F1\F1-Optimized-Cornering-Project\Data\image-data\session-17\brake\Lap_12_Brake hit_1.png,Data/image-data/session-17/brake/Lap_12_Brake hit_1.png,True,28368,28.368,none,1.080779790878296,2.6297497749328613,1.080779790878296,True,train
lap_0159_brake_02,C:\Users\admin\Desktop\Summer Projects\F1\F1-Optimized-Cornering-Project\Data\cnn-classes\standard_laps\lap_0159_brake_02.png,Data/cnn-classes/standard_laps/lap_0159_brake_02.png,standard_laps,1,159,17,12,brake,2,../Data/image-data/session-17/brake/Lap_12_Brake hit_2.png,C:\Users\admin\Desktop\Summer Projects\F1\F1-Optimized-Cornering-Project\Data\image-data\session-17\brake\Lap_12_Brake hit_2.png,Data/image-data/session-17/brake/Lap_12_Brake hit_2.png,True,28368,28.368,none,1.080779790878296,2.6297497749328613,2.6297497749328613,True,train
lap_0159_throttle_01,C:\Users\admin\Desktop\Summer Projects\F1\F1-Optimized-Cornering-Project\Data\cnn-classes\standard_laps\lap_0159_throttle_01.png,Data/cnn-classes/standard_laps/lap_0159_throttle_01.png,standard_laps,1,159,17,12,throttle,1,../Data/image-data/session-17/throttle/Lap_12_Throttle hit_1.png,C:\Users\admin\Desktop\Summer Projects\F1\F1-Optimized-Cornering-Project\Data\image-data\session-17\throttle\Lap_12_Throttle hit_1.png,Data/image-data/session-17/throttle/Lap_12_Throttle hit_1.png,True,28368,28.368,none,1.080779790878296,2.6297497749328613,1.080779790878296,True,train
lap_0159_throttle_02,C:\Users\admin\Desktop\Summer Projects\F1\F1-Optimized-Cornering-Project\Data\cnn-classes\standard_laps\lap_0159_throttle_02.png,Data/cnn-classes/standard_laps/lap_0159_throttle_02.png,standard_laps,1,159,17,12,throttle,2,../Data/image-data/session-17/throttle/Lap_12_Throttle hit_2.png,C:\Users\admin\Desktop\Summer Projects\F1\F1-Optimized-Cornering-Project\Data\image-data\session-17\throttle\Lap_12_Throttle hit_2.png,Data/image-data/session-17/throttle/Lap_12_Throttle hit_2.png,True,28368,28.368,none,1.080779790878296,2.6297497749328613,2.6297497749328613,True,train
lap_0160_brake_01,C:\Users\admin\Desktop\Summer Projects\F1\F1-Optimized-Cornering-Project\Data\cnn-classes\optimal_laps\lap_0160_brake_01.png,Data/cnn-classes/optimal_laps/lap_0160_brake_01.png,optimal_laps,0,160,17,13,brake,1,../Data/image-data/session-17/brake/Lap_13_Brake hit_1.png,C:\Users\admin\Desktop\Summer Projects\F1\F1-Optimized-Cornering-Project\Data\image-data\session-17\brake\Lap_13_Brake hit_1.png,Data/image-data/session-17/brake/Lap_13_Brake hit_1.png,True,28106,28.106,none,1.1090903282165527,1.971857070922852,1.1090903282165527,True,train
lap_0160_brake_02,C:\Users\admin\Desktop\Summer Projects\F1\F1-Optimized-Cornering-Project\Data\cnn-classes\optimal_laps\lap_0160_brake_02.png,Data/cnn-classes/optimal_laps/lap_0160_brake_02.png,optimal_laps,0,160,17,13,brake,2,../Data/image-data/session-17/brake/Lap_13_Brake hit_2.png,C:\Users\admin\Desktop\Summer Projects\F1\F1-Optimized-Cornering-Project\Data\image-data\session-17\brake\Lap_13_Brake hit_2.png,Data/image-data/session-17/brake/Lap_13_Brake hit_2.png,True,28106,28.106,none,1.1090903282165527,1.971857070922852,1.971857070922852,True,train
lap_0160_throttle_01,C:\Users\admin\Desktop\Summer Projects\F1\F1-Optimized-Cornering-Project\Data\cnn-classes\optimal_laps\lap_0160_throttle_01.png,Data/cnn-classes/optimal_laps/lap_0160_throttle_01.png,optimal_laps,0,160,17,13,throttle,1,../Data/image-data/session-17/throttle/Lap_13_Throttle hit_1.png,C:\Users\admin\Desktop\Summer Projects\F1\F1-Optimized-Cornering-Project\Data\image-data\session-17\throttle\Lap_13_Throttle hit_1.png,Data/image-data/session-17/throttle/Lap_13_Throttle hit_1.png,True,28106,28.106,none,1.1090903282165527,1.971857070922852,1.1090903282165527,True,train
lap_0160_throttle_02,C:\Users\admin\Desktop\Summer Projects\F1\F1-Optimized-Cornering-Project\Data\cnn-classes\optimal_laps\lap_0160_throttle_02.png,Data/cnn-classes/optimal_laps/lap_0160_throttle_02.png,optimal_laps,0,160,17,13,throttle,2,../Data/image-data/session-17/throttle/Lap_13_Throttle hit_2.png,C:\Users\admin\Desktop\Summer Projects\F1\F1-Optimized-Cornering-Project\Data\image-data\session-17\throttle\Lap_13_Throttle hit_2.png,Data/image-data/session-17/throttle/Lap_13_Throttle hit_2.png,True,28106,28.106,none,1.1090903282165527,1.971857070922852,1.971857070922852,True,train
lap_0161_brake_01,C:\Users\admin\Desktop\Summer Projects\F1\F1-Optimized-Cornering-Project\Data\cnn-classes\sub_standard_laps\lap_0161_brake_01.png,Data/cnn-classes/sub_standard_laps/lap_0161_brake_01.png,sub_standard_laps,2,161,17,14,brake,1,../Data/image-data/session-17/brake/Lap_14_Brake hit_1.png,C:\Users\admin\Desktop\Summer Projects\F1\F1-Optimized-Cornering-Project\Data\image-data\session-17\brake\Lap_14_Brake hit_1.png,Data/image-data/session-17/brake/Lap_14_Brake hit_1.png,True,28820,28.82,none,2.15435528755188,1.9005639553070068,2.15435528755188,True,train
lap_0161_brake_02,C:\Users\admin\Desktop\Summer Projects\F1\F1-Optimized-Cornering-Project\Data\cnn-classes\sub_standard_laps\lap_0161_brake_02.png,Data/cnn-classes/sub_standard_laps/lap_0161_brake_02.png,sub_standard_laps,2,161,17,14,brake,2,../Data/image-data/session-17/brake/Lap_14_Brake hit_2.png,C:\Users\admin\Desktop\Summer Projects\F1\F1-Optimized-Cornering-Project\Data\image-data\session-17\brake\Lap_14_Brake hit_2.png,Data/image-data/session-17/brake/Lap_14_Brake hit_2.png,True,28820,28.82,none,2.15435528755188,1.9005639553070068,1.9005639553070068,True,train
lap_0161_throttle_01,C:\Users\admin\Desktop\Summer Projects\F1\F1-Optimized-Cornering-Project\Data\cnn-classes\sub_standard_laps\lap_0161_throttle_01.png,Data/cnn-classes/sub_standard_laps/lap_0161_throttle_01.png,sub_standard_laps,2,161,17,14,throttle,1,../Data/image-data/session-17/throttle/Lap_14_Throttle hit_1.png,C:\Users\admin\Desktop\Summer Projects\F1\F1-Optimized-Cornering-Project\Data\image-data\session-17\throttle\Lap_14_Throttle hit_1.png,Data/image-data/session-17/throttle/Lap_14_Throttle hit_1.png,True,28820,28.82,none,2.15435528755188,1.9005639553070068,2.15435528755188,True,train
lap_0161_throttle_02,C:\Users\admin\Desktop\Summer Projects\F1\F1-Optimized-Cornering-Project\Data\cnn-classes\sub_standard_laps\lap_0161_throttle_02.png,Data/cnn-classes/sub_standard_laps/lap_0161_throttle_02.png,sub_standard_laps,2,161,17,14,throttle,2,../Data/image-data/session-17/throttle/Lap_14_Throttle hit_2.png,C:\Users\admin\Desktop\Summer Projects\F1\F1-Optimized-Cornering-Project\Data\image-data\session-17\throttle\Lap_14_Throttle hit_2.png,Data/image-data/session-17/throttle/Lap_14_Throttle hit_2.png,True,28820,28.82,none,2.15435528755188,1.9005639553070068,1.9005639553070068,True,train
lap_0163_brake_01,C:\Users\admin\Desktop\Summer Projects\F1\F1-Optimized-Cornering-Project\Data\cnn-classes\optimal_laps\lap_0163_brake_01.png,Data/cnn-classes/optimal_laps/lap_0163_brake_01.png,optimal_laps,0,163,18,2,brake,1,../Data/image-data/session-18/brake/Lap_2_Brake hit_1.png,C:\Users\admin\Desktop\Summer Projects\F1\F1-Optimized-Cornering-Project\Data\image-data\session-18\brake\Lap_2_Brake hit_1.png,Data/image-data/session-18/brake/Lap_2_Brake hit_1.png,True,28143,28.143,none,1.2327313423156738,2.375963926315308,1.2327313423156738,True,train
lap_0163_brake_02,C:\Users\admin\Desktop\Summer Projects\F1\F1-Optimized-Cornering-Project\Data\cnn-classes\optimal_laps\lap_0163_brake_02.png,Data/cnn-classes/optimal_laps/lap_0163_brake_02.png,optimal_laps,0,163,18,2,brake,2,../Data/image-data/session-18/brake/Lap_2_Brake hit_2.png,C:\Users\admin\Desktop\Summer Projects\F1\F1-Optimized-Cornering-Project\Data\image-data\session-18\brake\Lap_2_Brake hit_2.png,Data/image-data/session-18/brake/Lap_2_Brake hit_2.png,True,28143,28.143,none,1.2327313423156738,2.375963926315308,2.375963926315308,True,train
lap_0163_throttle_01,C:\Users\admin\Desktop\Summer Projects\F1\F1-Optimized-Cornering-Project\Data\cnn-classes\optimal_laps\lap_0163_throttle_01.png,Data/cnn-classes/optimal_laps/lap_0163_throttle_01.png,optimal_laps,0,163,18,2,throttle,1,../Data/image-data/session-18/throttle/Lap_2_Throttle hit_1.png,C:\Users\admin\Desktop\Summer Projects\F1\F1-Optimized-Cornering-Project\Data\image-data\session-18\throttle\Lap_2_Throttle hit_1.png,Data/image-data/session-18/throttle/Lap_2_Throttle hit_1.png,True,28143,28.143,none,1.2327313423156738,2.375963926315308,1.2327313423156738,True,train
lap_0163_throttle_02,C:\Users\admin\Desktop\Summer Projects\F1\F1-Optimized-Cornering-Project\Data\cnn-classes\optimal_laps\lap_0163_throttle_02.png,Data/cnn-classes/optimal_laps/lap_0163_throttle_02.png,optimal_laps,0,163,18,2,throttle,2,../Data/image-data/session-18/throttle/Lap_2_Throttle hit_2.png,C:\Users\admin\Desktop\Summer Projects\F1\F1-Optimized-Cornering-Project\Data\image-data\session-18\throttle\Lap_2_Throttle hit_2.png,Data/image-data/session-18/throttle/Lap_2_Throttle hit_2.png,True,28143,28.143,none,1.2327313423156738,2.375963926315308,2.375963926315308,True,train
lap_0165_brake_01,C:\Users\admin\Desktop\Summer Projects\F1\F1-Optimized-Cornering-Project\Data\cnn-classes\standard_laps\lap_0165_brake_01.png,Data/cnn-classes/standard_laps/lap_0165_brake_01.png,standard_laps,1,165,18,4,brake,1,../Data/image-data/session-18/brake/Lap_4_Brake hit_1.png,C:\Users\admin\Desktop\Summer Projects\F1\F1-Optimized-Cornering-Project\Data\image-data\session-18\brake\Lap_4_Brake hit_1.png,Data/image-data/session-18/brake/Lap_4_Brake hit_1.png,True,28145,28.145,none,1.3184525966644287,2.0848288536071777,1.3184525966644287,True,train
lap_0165_brake_02,C:\Users\admin\Desktop\Summer Projects\F1\F1-Optimized-Cornering-Project\Data\cnn-classes\standard_laps\lap_0165_brake_02.png,Data/cnn-classes/standard_laps/lap_0165_brake_02.png,standard_laps,1,165,18,4,brake,2,../Data/image-data/session-18/brake/Lap_4_Brake hit_2.png,C:\Users\admin\Desktop\Summer Projects\F1\F1-Optimized-Cornering-Project\Data\image-data\session-18\brake\Lap_4_Brake hit_2.png,Data/image-data/session-18/brake/Lap_4_Brake hit_2.png,True,28145,28.145,none,1.3184525966644287,2.0848288536071777,2.0848288536071777,True,train
lap_0165_throttle_01,C:\Users\admin\Desktop\Summer Projects\F1\F1-Optimized-Cornering-Project\Data\cnn-classes\standard_laps\lap_0165_throttle_01.png,Data/cnn-classes/standard_laps/lap_0165_throttle_01.png,standard_laps,1,165,18,4,throttle,1,../Data/image-data/session-18/throttle/Lap_4_Throttle hit_1.png,C:\Users\admin\Desktop\Summer Projects\F1\F1-Optimized-Cornering-Project\Data\image-data\session-18\throttle\Lap_4_Throttle hit_1.png,Data/image-data/session-18/throttle/Lap_4_Throttle hit_1.png,True,28145,28.145,none,1.3184525966644287,2.0848288536071777,1.3184525966644287,True,train
lap_0165_throttle_02,C:\Users\admin\Desktop\Summer Projects\F1\F1-Optimized-Cornering-Project\Data\cnn-classes\standard_laps\lap_0165_throttle_02.png,Data/cnn-classes/standard_laps/lap_0165_throttle_02.png,standard_laps,1,165,18,4,throttle,2,../Data/image-data/session-18/throttle/Lap_4_Throttle hit_2.png,C:\Users\admin\Desktop\Summer Projects\F1\F1-Optimized-Cornering-Project\Data\image-data\session-18\throttle\Lap_4_Throttle hit_2.png,Data/image-data/session-18/throttle/Lap_4_Throttle hit_2.png,True,28145,28.145,none,1.3184525966644287,2.0848288536071777,2.0848288536071777,True,train
lap_0166_brake_01,C:\Users\admin\Desktop\Summer Projects\F1\F1-Optimized-Cornering-Project\Data\cnn-classes\optimal_laps\lap_0166_brake_01.png,Data/cnn-classes/optimal_laps/lap_0166_brake_01.png,optimal_laps,0,166,18,5,brake,1,../Data/image-data/session-18/brake/Lap_5_Brake hit_1.png,C:\Users\admin\Desktop\Summer Projects\F1\F1-Optimized-Cornering-Project\Data\image-data\session-18\brake\Lap_5_Brake hit_1.png,Data/image-data/session-18/brake/Lap_5_Brake hit_1.png,True,28103,28.103,none,1.0970425605773926,2.484555721282959,1.0970425605773926,True,train
lap_0166_brake_02,C:\Users\admin\Desktop\Summer Projects\F1\F1-Optimized-Cornering-Project\Data\cnn-classes\optimal_laps\lap_0166_brake_02.png,Data/cnn-classes/optimal_laps/lap_0166_brake_02.png,optimal_laps,0,166,18,5,brake,2,../Data/image-data/session-18/brake/Lap_5_Brake hit_2.png,C:\Users\admin\Desktop\Summer Projects\F1\F1-Optimized-Cornering-Project\Data\image-data\session-18\brake\Lap_5_Brake hit_2.png,Data/image-data/session-18/brake/Lap_5_Brake hit_2.png,True,28103,28.103,none,1.0970425605773926,2.484555721282959,2.484555721282959,True,train
lap_0166_throttle_01,C:\Users\admin\Desktop\Summer Projects\F1\F1-Optimized-Cornering-Project\Data\cnn-classes\optimal_laps\lap_0166_throttle_01.png,Data/cnn-classes/optimal_laps/lap_0166_throttle_01.png,optimal_laps,0,166,18,5,throttle,1,../Data/image-data/session-18/throttle/Lap_5_Throttle hit_1.png,C:\Users\admin\Desktop\Summer Projects\F1\F1-Optimized-Cornering-Project\Data\image-data\session-18\throttle\Lap_5_Throttle hit_1.png,Data/image-data/session-18/throttle/Lap_5_Throttle hit_1.png,True,28103,28.103,none,1.0970425605773926,2.484555721282959,1.0970425605773926,True,train
lap_0166_throttle_02,C:\Users\admin\Desktop\Summer Projects\F1\F1-Optimized-Cornering-Project\Data\cnn-classes\optimal_laps\lap_0166_throttle_02.png,Data/cnn-classes/optimal_laps/lap_0166_throttle_02.png,optimal_laps,0,166,18,5,throttle,2,../Data/image-data/session-18/throttle/Lap_5_Throttle hit_2.png,C:\Users\admin\Desktop\Summer Projects\F1\F1-Optimized-Cornering-Project\Data\image-data\session-18\throttle\Lap_5_Throttle hit_2.png,Data/image-data/session-18/throttle/Lap_5_Throttle hit_2.png,True,28103,28.103,none,1.0970425605773926,2.484555721282959,2.484555721282959,True,train
lap_0167_brake_01,C:\Users\admin\Desktop\Summer Projects\F1\F1-Optimized-Cornering-Project\Data\cnn-classes\standard_laps\lap_0167_brake_01.png,Data/cnn-classes/standard_laps/lap_0167_brake_01.png,standard_laps,1,167,18,6,brake,1,../Data/image-data/session-18/brake/Lap_6_Brake hit_1.png,C:\Users\admin\Desktop\Summer Projects\F1\F1-Optimized-Cornering-Project\Data\image-data\session-18\brake\Lap_6_Brake hit_1.png,Data/image-data/session-18/brake/Lap_6_Brake hit_1.png,True,28473,28.473,none,1.229271650314331,2.9703714847564697,1.229271650314331,True,train
lap_0167_brake_02,C:\Users\admin\Desktop\Summer Projects\F1\F1-Optimized-Cornering-Project\Data\cnn-classes\standard_laps\lap_0167_brake_02.png,Data/cnn-classes/standard_laps/lap_0167_brake_02.png,standard_laps,1,167,18,6,brake,2,../Data/image-data/session-18/brake/Lap_6_Brake hit_2.png,C:\Users\admin\Desktop\Summer Projects\F1\F1-Optimized-Cornering-Project\Data\image-data\session-18\brake\Lap_6_Brake hit_2.png,Data/image-data/session-18/brake/Lap_6_Brake hit_2.png,True,28473,28.473,none,1.229271650314331,2.9703714847564697,2.9703714847564697,True,train
lap_0167_throttle_01,C:\Users\admin\Desktop\Summer Projects\F1\F1-Optimized-Cornering-Project\Data\cnn-classes\standard_laps\lap_0167_throttle_01.png,Data/cnn-classes/standard_laps/lap_0167_throttle_01.png,standard_laps,1,167,18,6,throttle,1,../Data/image-data/session-18/throttle/Lap_6_Throttle hit_1.png,C:\Users\admin\Desktop\Summer Projects\F1\F1-Optimized-Cornering-Project\Data\image-data\session-18\throttle\Lap_6_Throttle hit_1.png,Data/image-data/session-18/throttle/Lap_6_Throttle hit_1.png,True,28473,28.473,none,1.229271650314331,2.9703714847564697,1.229271650314331,True,train
lap_0167_throttle_02,C:\Users\admin\Desktop\Summer Projects\F1\F1-Optimized-Cornering-Project\Data\cnn-classes\standard_laps\lap_0167_throttle_02.png,Data/cnn-classes/standard_laps/lap_0167_throttle_02.png,standard_laps,1,167,18,6,throttle,2,../Data/image-data/session-18/throttle/Lap_6_Throttle hit_2.png,C:\Users\admin\Desktop\Summer Projects\F1\F1-Optimized-Cornering-Project\Data\image-data\session-18\throttle\Lap_6_Throttle hit_2.png,Data/image-data/session-18/throttle/Lap_6_Throttle hit_2.png,True,28473,28.473,none,1.229271650314331,2.9703714847564697,2.9703714847564697,True,train
lap_0168_brake_01,C:\Users\admin\Desktop\Summer Projects\F1\F1-Optimized-Cornering-Project\Data\cnn-classes\optimal_laps\lap_0168_brake_01.png,Data/cnn-classes/optimal_laps/lap_0168_brake_01.png,optimal_laps,0,168,18,7,brake,1,../Data/image-data/session-18/brake/Lap_7_Brake hit_1.png,C:\Users\admin\Desktop\Summer Projects\F1\F1-Optimized-Cornering-Project\Data\image-data\session-18\brake\Lap_7_Brake hit_1.png,Data/image-data/session-18/brake/Lap_7_Brake hit_1.png,True,28128,28.128,none,1.002866268157959,2.3822920322418213,1.002866268157959,True,train
lap_0168_brake_02,C:\Users\admin\Desktop\Summer Projects\F1\F1-Optimized-Cornering-Project\Data\cnn-classes\optimal_laps\lap_0168_brake_02.png,Data/cnn-classes/optimal_laps/lap_0168_brake_02.png,optimal_laps,0,168,18,7,brake,2,../Data/image-data/session-18/brake/Lap_7_Brake hit_2.png,C:\Users\admin\Desktop\Summer Projects\F1\F1-Optimized-Cornering-Project\Data\image-data\session-18\brake\Lap_7_Brake hit_2.png,Data/image-data/session-18/brake/Lap_7_Brake hit_2.png,True,28128,28.128,none,1.002866268157959,2.3822920322418213,2.3822920322418213,True,train
lap_0168_throttle_01,C:\Users\admin\Desktop\Summer Projects\F1\F1-Optimized-Cornering-Project\Data\cnn-classes\optimal_laps\lap_0168_throttle_01.png,Data/cnn-classes/optimal_laps/lap_0168_throttle_01.png,optimal_laps,0,168,18,7,throttle,1,../Data/image-data/session-18/throttle/Lap_7_Throttle hit_1.png,C:\Users\admin\Desktop\Summer Projects\F1\F1-Optimized-Cornering-Project\Data\image-data\session-18\throttle\Lap_7_Throttle hit_1.png,Data/image-data/session-18/throttle/Lap_7_Throttle hit_1.png,True,28128,28.128,none,1.002866268157959,2.3822920322418213,1.002866268157959,True,train
lap_0168_throttle_02,C:\Users\admin\Desktop\Summer Projects\F1\F1-Optimized-Cornering-Project\Data\cnn-classes\optimal_laps\lap_0168_throttle_02.png,Data/cnn-classes/optimal_laps/lap_0168_throttle_02.png,optimal_laps,0,168,18,7,throttle,2,../Data/image-data/session-18/throttle/Lap_7_Throttle hit_2.png,C:\Users\admin\Desktop\Summer Projects\F1\F1-Optimized-Cornering-Project\Data\image-data\session-18\throttle\Lap_7_Throttle hit_2.png,Data/image-data/session-18/throttle/Lap_7_Throttle hit_2.png,True,28128,28.128,none,1.002866268157959,2.3822920322418213,2.3822920322418213,True,train
lap_0169_brake_01,C:\Users\admin\Desktop\Summer Projects\F1\F1-Optimized-Cornering-Project\Data\cnn-classes\optimal_laps\lap_0169_brake_01.png,Data/cnn-classes/optimal_laps/lap_0169_brake_01.png,optimal_laps,0,169,18,8,brake,1,../Data/image-data/session-18/brake/Lap_8_Brake hit_1.png,C:\Users\admin\Desktop\Summer Projects\F1\F1-Optimized-Cornering-Project\Data\image-data\session-18\brake\Lap_8_Brake hit_1.png,Data/image-data/session-18/brake/Lap_8_Brake hit_1.png,True,27750,27.75,none,1.2317121028900146,2.353782415390014,1.2317121028900146,True,train
lap_0169_brake_02,C:\Users\admin\Desktop\Summer Projects\F1\F1-Optimized-Cornering-Project\Data\cnn-classes\optimal_laps\lap_0169_brake_02.png,Data/cnn-classes/optimal_laps/lap_0169_brake_02.png,optimal_laps,0,169,18,8,brake,2,../Data/image-data/session-18/brake/Lap_8_Brake hit_2.png,C:\Users\admin\Desktop\Summer Projects\F1\F1-Optimized-Cornering-Project\Data\image-data\session-18\brake\Lap_8_Brake hit_2.png,Data/image-data/session-18/brake/Lap_8_Brake hit_2.png,True,27750,27.75,none,1.2317121028900146,2.353782415390014,2.353782415390014,True,train
lap_0169_throttle_01,C:\Users\admin\Desktop\Summer Projects\F1\F1-Optimized-Cornering-Project\Data\cnn-classes\optimal_laps\lap_0169_throttle_01.png,Data/cnn-classes/optimal_laps/lap_0169_throttle_01.png,optimal_laps,0,169,18,8,throttle,1,../Data/image-data/session-18/throttle/Lap_8_Throttle hit_1.png,C:\Users\admin\Desktop\Summer Projects\F1\F1-Optimized-Cornering-Project\Data\image-data\session-18\throttle\Lap_8_Throttle hit_1.png,Data/image-data/session-18/throttle/Lap_8_Throttle hit_1.png,True,27750,27.75,none,1.2317121028900146,2.353782415390014,1.2317121028900146,True,train
lap_0169_throttle_02,C:\Users\admin\Desktop\Summer Projects\F1\F1-Optimized-Cornering-Project\Data\cnn-classes\optimal_laps\lap_0169_throttle_02.png,Data/cnn-classes/optimal_laps/lap_0169_throttle_02.png,optimal_laps,0,169,18,8,throttle,2,../Data/image-data/session-18/throttle/Lap_8_Throttle hit_2.png,C:\Users\admin\Desktop\Summer Projects\F1\F1-Optimized-Cornering-Project\Data\image-data\session-18\throttle\Lap_8_Throttle hit_2.png,Data/image-data/session-18/throttle/Lap_8_Throttle hit_2.png,True,27750,27.75,none,1.2317121028900146,2.353782415390014,2.353782415390014,True,train
lap_0170_brake_01,C:\Users\admin\Desktop\Summer Projects\F1\F1-Optimized-Cornering-Project\Data\cnn-classes\optimal_laps\lap_0170_brake_01.png,Data/cnn-classes/optimal_laps/lap_0170_brake_01.png,optimal_laps,0,170,18,9,brake,1,../Data/image-data/session-18/brake/Lap_9_Brake hit_1.png,C:\Users\admin\Desktop\Summer Projects\F1\F1-Optimized-Cornering-Project\Data\image-data\session-18\brake\Lap_9_Brake hit_1.png,Data/image-data/session-18/brake/Lap_9_Brake hit_1.png,True,27864,27.864,none,1.1317269802093506,2.53052282333374,1.1317269802093506,True,train
lap_0170_brake_02,C:\Users\admin\Desktop\Summer Projects\F1\F1-Optimized-Cornering-Project\Data\cnn-classes\optimal_laps\lap_0170_brake_02.png,Data/cnn-classes/optimal_laps/lap_0170_brake_02.png,optimal_laps,0,170,18,9,brake,2,../Data/image-data/session-18/brake/Lap_9_Brake hit_2.png,C:\Users\admin\Desktop\Summer Projects\F1\F1-Optimized-Cornering-Project\Data\image-data\session-18\brake\Lap_9_Brake hit_2.png,Data/image-data/session-18/brake/Lap_9_Brake hit_2.png,True,27864,27.864,none,1.1317269802093506,2.53052282333374,2.53052282333374,True,train
lap_0170_throttle_01,C:\Users\admin\Desktop\Summer Projects\F1\F1-Optimized-Cornering-Project\Data\cnn-classes\optimal_laps\lap_0170_throttle_01.png,Data/cnn-classes/optimal_laps/lap_0170_throttle_01.png,optimal_laps,0,170,18,9,throttle,1,../Data/image-data/session-18/throttle/Lap_9_Throttle hit_1.png,C:\Users\admin\Desktop\Summer Projects\F1\F1-Optimized-Cornering-Project\Data\image-data\session-18\throttle\Lap_9_Throttle hit_1.png,Data/image-data/session-18/throttle/Lap_9_Throttle hit_1.png,True,27864,27.864,none,1.1317269802093506,2.53052282333374,1.1317269802093506,True,train
lap_0170_throttle_02,C:\Users\admin\Desktop\Summer Projects\F1\F1-Optimized-Cornering-Project\Data\cnn-classes\optimal_laps\lap_0170_throttle_02.png,Data/cnn-classes/optimal_laps/lap_0170_throttle_02.png,optimal_laps,0,170,18,9,throttle,2,../Data/image-data/session-18/throttle/Lap_9_Throttle hit_2.png,C:\Users\admin\Desktop\Summer Projects\F1\F1-Optimized-Cornering-Project\Data\image-data\session-18\throttle\Lap_9_Throttle hit_2.png,Data/image-data/session-18/throttle/Lap_9_Throttle hit_2.png,True,27864,27.864,none,1.1317269802093506,2.53052282333374,2.53052282333374,True,train
lap_0172_brake_01,C:\Users\admin\Desktop\Summer Projects\F1\F1-Optimized-Cornering-Project\Data\cnn-classes\standard_laps\lap_0172_brake_01.png,Data/cnn-classes/standard_laps/lap_0172_brake_01.png,standard_laps,1,172,19,1,brake,1,../Data/image-data/session-19/brake/Lap_1_Brake hit_1.png,C:\Users\admin\Desktop\Summer Projects\F1\F1-Optimized-Cornering-Project\Data\image-data\session-19\brake\Lap_1_Brake hit_1.png,Data/image-data/session-19/brake/Lap_1_Brake hit_1.png,True,28359,28.359,none,1.3337793350219729,2.538154125213623,1.3337793350219729,True,train
lap_0172_brake_02,C:\Users\admin\Desktop\Summer Projects\F1\F1-Optimized-Cornering-Project\Data\cnn-classes\standard_laps\lap_0172_brake_02.png,Data/cnn-classes/standard_laps/lap_0172_brake_02.png,standard_laps,1,172,19,1,brake,2,../Data/image-data/session-19/brake/Lap_1_Brake hit_2.png,C:\Users\admin\Desktop\Summer Projects\F1\F1-Optimized-Cornering-Project\Data\image-data\session-19\brake\Lap_1_Brake hit_2.png,Data/image-data/session-19/brake/Lap_1_Brake hit_2.png,True,28359,28.359,none,1.3337793350219729,2.538154125213623,2.538154125213623,True,train
lap_0172_throttle_01,C:\Users\admin\Desktop\Summer Projects\F1\F1-Optimized-Cornering-Project\Data\cnn-classes\standard_laps\lap_0172_throttle_01.png,Data/cnn-classes/standard_laps/lap_0172_throttle_01.png,standard_laps,1,172,19,1,throttle,1,../Data/image-data/session-19/throttle/Lap_1_Throttle hit_1.png,C:\Users\admin\Desktop\Summer Projects\F1\F1-Optimized-Cornering-Project\Data\image-data\session-19\throttle\Lap_1_Throttle hit_1.png,Data/image-data/session-19/throttle/Lap_1_Throttle hit_1.png,True,28359,28.359,none,1.3337793350219729,2.538154125213623,1.3337793350219729,True,train
lap_0172_throttle_02,C:\Users\admin\Desktop\Summer Projects\F1\F1-Optimized-Cornering-Project\Data\cnn-classes\standard_laps\lap_0172_throttle_02.png,Data/cnn-classes/standard_laps/lap_0172_throttle_02.png,standard_laps,1,172,19,1,throttle,2,../Data/image-data/session-19/throttle/Lap_1_Throttle hit_2.png,C:\Users\admin\Desktop\Summer Projects\F1\F1-Optimized-Cornering-Project\Data\image-data\session-19\throttle\Lap_1_Throttle hit_2.png,Data/image-data/session-19/throttle/Lap_1_Throttle hit_2.png,True,28359,28.359,none,1.3337793350219729,2.538154125213623,2.538154125213623,True,train
lap_0173_brake_01,C:\Users\admin\Desktop\Summer Projects\F1\F1-Optimized-Cornering-Project\Data\cnn-classes\standard_laps\lap_0173_brake_01.png,Data/cnn-classes/standard_laps/lap_0173_brake_01.png,standard_laps,1,173,19,2,brake,1,../Data/image-data/session-19/brake/Lap_2_Brake hit_1.png,C:\Users\admin\Desktop\Summer Projects\F1\F1-Optimized-Cornering-Project\Data\image-data\session-19\brake\Lap_2_Brake hit_1.png,Data/image-data/session-19/brake/Lap_2_Brake hit_1.png,True,28163,28.163,none,1.0815505981445312,2.50256872177124,1.0815505981445312,True,train
lap_0173_brake_02,C:\Users\admin\Desktop\Summer Projects\F1\F1-Optimized-Cornering-Project\Data\cnn-classes\standard_laps\lap_0173_brake_02.png,Data/cnn-classes/standard_laps/lap_0173_brake_02.png,standard_laps,1,173,19,2,brake,2,../Data/image-data/session-19/brake/Lap_2_Brake hit_2.png,C:\Users\admin\Desktop\Summer Projects\F1\F1-Optimized-Cornering-Project\Data\image-data\session-19\brake\Lap_2_Brake hit_2.png,Data/image-data/session-19/brake/Lap_2_Brake hit_2.png,True,28163,28.163,none,1.0815505981445312,2.50256872177124,2.50256872177124,True,train
lap_0173_throttle_01,C:\Users\admin\Desktop\Summer Projects\F1\F1-Optimized-Cornering-Project\Data\cnn-classes\standard_laps\lap_0173_throttle_01.png,Data/cnn-classes/standard_laps/lap_0173_throttle_01.png,standard_laps,1,173,19,2,throttle,1,../Data/image-data/session-19/throttle/Lap_2_Throttle hit_1.png,C:\Users\admin\Desktop\Summer Projects\F1\F1-Optimized-Cornering-Project\Data\image-data\session-19\throttle\Lap_2_Throttle hit_1.png,Data/image-data/session-19/throttle/Lap_2_Throttle hit_1.png,True,28163,28.163,none,1.0815505981445312,2.50256872177124,1.0815505981445312,True,train
lap_0173_throttle_02,C:\Users\admin\Desktop\Summer Projects\F1\F1-Optimized-Cornering-Project\Data\cnn-classes\standard_laps\lap_0173_throttle_02.png,Data/cnn-classes/standard_laps/lap_0173_throttle_02.png,standard_laps,1,173,19,2,throttle,2,../Data/image-data/session-19/throttle/Lap_2_Throttle hit_2.png,C:\Users\admin\Desktop\Summer Projects\F1\F1-Optimized-Cornering-Project\Data\image-data\session-19\throttle\Lap_2_Throttle hit_2.png,Data/image-data/session-19/throttle/Lap_2_Throttle hit_2.png,True,28163,28.163,none,1.0815505981445312,2.50256872177124,2.50256872177124,True,train
lap_0174_brake_01,C:\Users\admin\Desktop\Summer Projects\F1\F1-Optimized-Cornering-Project\Data\cnn-classes\standard_laps\lap_0174_brake_01.png,Data/cnn-classes/standard_laps/lap_0174_brake_01.png,standard_laps,1,174,19,3,brake,1,../Data/image-data/session-19/brake/Lap_3_Brake hit_1.png,C:\Users\admin\Desktop\Summer Projects\F1\F1-Optimized-Cornering-Project\Data\image-data\session-19\brake\Lap_3_Brake hit_1.png,Data/image-data/session-19/brake/Lap_3_Brake hit_1.png,True,28321,28.321,none,1.5845818519592283,2.2888429164886475,1.5845818519592283,True,train
lap_0174_brake_02,C:\Users\admin\Desktop\Summer Projects\F1\F1-Optimized-Cornering-Project\Data\cnn-classes\standard_laps\lap_0174_brake_02.png,Data/cnn-classes/standard_laps/lap_0174_brake_02.png,standard_laps,1,174,19,3,brake,2,../Data/image-data/session-19/brake/Lap_3_Brake hit_2.png,C:\Users\admin\Desktop\Summer Projects\F1\F1-Optimized-Cornering-Project\Data\image-data\session-19\brake\Lap_3_Brake hit_2.png,Data/image-data/session-19/brake/Lap_3_Brake hit_2.png,True,28321,28.321,none,1.5845818519592283,2.2888429164886475,2.2888429164886475,True,train
lap_0174_throttle_01,C:\Users\admin\Desktop\Summer Projects\F1\F1-Optimized-Cornering-Project\Data\cnn-classes\standard_laps\lap_0174_throttle_01.png,Data/cnn-classes/standard_laps/lap_0174_throttle_01.png,standard_laps,1,174,19,3,throttle,1,../Data/image-data/session-19/throttle/Lap_3_Throttle hit_1.png,C:\Users\admin\Desktop\Summer Projects\F1\F1-Optimized-Cornering-Project\Data\image-data\session-19\throttle\Lap_3_Throttle hit_1.png,Data/image-data/session-19/throttle/Lap_3_Throttle hit_1.png,True,28321,28.321,none,1.5845818519592283,2.2888429164886475,1.5845818519592283,True,train
lap_0174_throttle_02,C:\Users\admin\Desktop\Summer Projects\F1\F1-Optimized-Cornering-Project\Data\cnn-classes\standard_laps\lap_0174_throttle_02.png,Data/cnn-classes/standard_laps/lap_0174_throttle_02.png,standard_laps,1,174,19,3,throttle,2,../Data/image-data/session-19/throttle/Lap_3_Throttle hit_2.png,C:\Users\admin\Desktop\Summer Projects\F1\F1-Optimized-Cornering-Project\Data\image-data\session-19\throttle\Lap_3_Throttle hit_2.png,Data/image-data/session-19/throttle/Lap_3_Throttle hit_2.png,True,28321,28.321,none,1.5845818519592283,2.2888429164886475,2.2888429164886475,True,train
lap_0175_brake_01,C:\Users\admin\Desktop\Summer Projects\F1\F1-Optimized-Cornering-Project\Data\cnn-classes\sub_standard_laps\lap_0175_brake_01.png,Data/cnn-classes/sub_standard_laps/lap_0175_brake_01.png,sub_standard_laps,2,175,19,4,brake,1,../Data/image-data/session-19/brake/Lap_4_Brake hit_1.png,C:\Users\admin\Desktop\Summer Projects\F1\F1-Optimized-Cornering-Project\Data\image-data\session-19\brake\Lap_4_Brake hit_1.png,Data/image-data/session-19/brake/Lap_4_Brake hit_1.png,True,29145,29.145,none,1.3701436519622805,3.089341402053833,1.3701436519622805,True,train
lap_0175_brake_02,C:\Users\admin\Desktop\Summer Projects\F1\F1-Optimized-Cornering-Project\Data\cnn-classes\sub_standard_laps\lap_0175_brake_02.png,Data/cnn-classes/sub_standard_laps/lap_0175_brake_02.png,sub_standard_laps,2,175,19,4,brake,2,../Data/image-data/session-19/brake/Lap_4_Brake hit_2.png,C:\Users\admin\Desktop\Summer Projects\F1\F1-Optimized-Cornering-Project\Data\image-data\session-19\brake\Lap_4_Brake hit_2.png,Data/image-data/session-19/brake/Lap_4_Brake hit_2.png,True,29145,29.145,none,1.3701436519622805,3.089341402053833,3.089341402053833,True,train
lap_0175_throttle_01,C:\Users\admin\Desktop\Summer Projects\F1\F1-Optimized-Cornering-Project\Data\cnn-classes\sub_standard_laps\lap_0175_throttle_01.png,Data/cnn-classes/sub_standard_laps/lap_0175_throttle_01.png,sub_standard_laps,2,175,19,4,throttle,1,../Data/image-data/session-19/throttle/Lap_4_Throttle hit_1.png,C:\Users\admin\Desktop\Summer Projects\F1\F1-Optimized-Cornering-Project\Data\image-data\session-19\throttle\Lap_4_Throttle hit_1.png,Data/image-data/session-19/throttle/Lap_4_Throttle hit_1.png,True,29145,29.145,none,1.3701436519622805,3.089341402053833,1.3701436519622805,True,train
lap_0175_throttle_02,C:\Users\admin\Desktop\Summer Projects\F1\F1-Optimized-Cornering-Project\Data\cnn-classes\sub_standard_laps\lap_0175_throttle_02.png,Data/cnn-classes/sub_standard_laps/lap_0175_throttle_02.png,sub_standard_laps,2,175,19,4,throttle,2,../Data/image-data/session-19/throttle/Lap_4_Throttle hit_2.png,C:\Users\admin\Desktop\Summer Projects\F1\F1-Optimized-Cornering-Project\Data\image-data\session-19\throttle\Lap_4_Throttle hit_2.png,Data/image-data/session-19/throttle/Lap_4_Throttle hit_2.png,True,29145,29.145,none,1.3701436519622805,3.089341402053833,3.089341402053833,True,train
lap_0176_brake_01,C:\Users\admin\Desktop\Summer Projects\F1\F1-Optimized-Cornering-Project\Data\cnn-classes\optimal_laps\lap_0176_brake_01.png,Data/cnn-classes/optimal_laps/lap_0176_brake_01.png,optimal_laps,0,176,19,5,brake,1,../Data/image-data/session-19/brake/Lap_5_Brake hit_1.png,C:\Users\admin\Desktop\Summer Projects\F1\F1-Optimized-Cornering-Project\Data\image-data\session-19\brake\Lap_5_Brake hit_1.png,Data/image-data/session-19/brake/Lap_5_Brake hit_1.png,True,27903,27.903,none,1.081775426864624,2.4892141819000244,1.081775426864624,True,train
lap_0176_brake_02,C:\Users\admin\Desktop\Summer Projects\F1\F1-Optimized-Cornering-Project\Data\cnn-classes\optimal_laps\lap_0176_brake_02.png,Data/cnn-classes/optimal_laps/lap_0176_brake_02.png,optimal_laps,0,176,19,5,brake,2,../Data/image-data/session-19/brake/Lap_5_Brake hit_2.png,C:\Users\admin\Desktop\Summer Projects\F1\F1-Optimized-Cornering-Project\Data\image-data\session-19\brake\Lap_5_Brake hit_2.png,Data/image-data/session-19/brake/Lap_5_Brake hit_2.png,True,27903,27.903,none,1.081775426864624,2.4892141819000244,2.4892141819000244,True,train
lap_0176_throttle_01,C:\Users\admin\Desktop\Summer Projects\F1\F1-Optimized-Cornering-Project\Data\cnn-classes\optimal_laps\lap_0176_throttle_01.png,Data/cnn-classes/optimal_laps/lap_0176_throttle_01.png,optimal_laps,0,176,19,5,throttle,1,../Data/image-data/session-19/throttle/Lap_5_Throttle hit_1.png,C:\Users\admin\Desktop\Summer Projects\F1\F1-Optimized-Cornering-Project\Data\image-data\session-19\throttle\Lap_5_Throttle hit_1.png,Data/image-data/session-19/throttle/Lap_5_Throttle hit_1.png,True,27903,27.903,none,1.081775426864624,2.4892141819000244,1.081775426864624,True,train
lap_0176_throttle_02,C:\Users\admin\Desktop\Summer Projects\F1\F1-Optimized-Cornering-Project\Data\cnn-classes\optimal_laps\lap_0176_throttle_02.png,Data/cnn-classes/optimal_laps/lap_0176_throttle_02.png,optimal_laps,0,176,19,5,throttle,2,../Data/image-data/session-19/throttle/Lap_5_Throttle hit_2.png,C:\Users\admin\Desktop\Summer Projects\F1\F1-Optimized-Cornering-Project\Data\image-data\session-19\throttle\Lap_5_Throttle hit_2.png,Data/image-data/session-19/throttle/Lap_5_Throttle hit_2.png,True,27903,27.903,none,1.081775426864624,2.4892141819000244,2.4892141819000244,True,train
lap_0178_brake_01,C:\Users\admin\Desktop\Summer Projects\F1\F1-Optimized-Cornering-Project\Data\cnn-classes\sub_standard_laps\lap_0178_brake_01.png,Data/cnn-classes/sub_standard_laps/lap_0178_brake_01.png,sub_standard_laps,2,178,19,7,brake,1,../Data/image-data/session-19/brake/Lap_7_Brake hit_1.png,C:\Users\admin\Desktop\Summer Projects\F1\F1-Optimized-Cornering-Project\Data\image-data\session-19\brake\Lap_7_Brake hit_1.png,Data/image-data/session-19/brake/Lap_7_Brake hit_1.png,True,28702,28.702,none,1.8785593509674072,1.964900016784668,1.8785593509674072,True,train
lap_0178_brake_02,C:\Users\admin\Desktop\Summer Projects\F1\F1-Optimized-Cornering-Project\Data\cnn-classes\sub_standard_laps\lap_0178_brake_02.png,Data/cnn-classes/sub_standard_laps/lap_0178_brake_02.png,sub_standard_laps,2,178,19,7,brake,2,../Data/image-data/session-19/brake/Lap_7_Brake hit_2.png,C:\Users\admin\Desktop\Summer Projects\F1\F1-Optimized-Cornering-Project\Data\image-data\session-19\brake\Lap_7_Brake hit_2.png,Data/image-data/session-19/brake/Lap_7_Brake hit_2.png,True,28702,28.702,none,1.8785593509674072,1.964900016784668,1.964900016784668,True,train
lap_0178_throttle_01,C:\Users\admin\Desktop\Summer Projects\F1\F1-Optimized-Cornering-Project\Data\cnn-classes\sub_standard_laps\lap_0178_throttle_01.png,Data/cnn-classes/sub_standard_laps/lap_0178_throttle_01.png,sub_standard_laps,2,178,19,7,throttle,1,../Data/image-data/session-19/throttle/Lap_7_Throttle hit_1.png,C:\Users\admin\Desktop\Summer Projects\F1\F1-Optimized-Cornering-Project\Data\image-data\session-19\throttle\Lap_7_Throttle hit_1.png,Data/image-data/session-19/throttle/Lap_7_Throttle hit_1.png,True,28702,28.702,none,1.8785593509674072,1.964900016784668,1.8785593509674072,True,train
lap_0178_throttle_02,C:\Users\admin\Desktop\Summer Projects\F1\F1-Optimized-Cornering-Project\Data\cnn-classes\sub_standard_laps\lap_0178_throttle_02.png,Data/cnn-classes/sub_standard_laps/lap_0178_throttle_02.png,sub_standard_laps,2,178,19,7,throttle,2,../Data/image-data/session-19/throttle/Lap_7_Throttle hit_2.png,C:\Users\admin\Desktop\Summer Projects\F1\F1-Optimized-Cornering-Project\Data\image-data\session-19\throttle\Lap_7_Throttle hit_2.png,Data/image-data/session-19/throttle/Lap_7_Throttle hit_2.png,True,28702,28.702,none,1.8785593509674072,1.964900016784668,1.964900016784668,True,train
